Unity Editor version:    2022.3.62f3 (96770f904ca7)
Branch:                  2022.3/respin/2022.3.62f2-4af31df585-v2
Build type:              Release
Batch mode:              YES
System name:             Linux
Distro version:          #1 SMP PREEMPT_DYNAMIC Fri Sep  4 07:31:16 UTC 2026
Kernel version:          7.0.0-38-generic
Architecture:            x86_64
Available memory:        7935 MB
[Licensing::Module] Trying to connect to existing licensing client channel...
[Licensing::IpcConnector] Channel LicenseClient-root doesn't exist
[Licensing::Module] Successfully launched the LicensingClient (PId: 3243)
[Licensing::IpcConnector] Successfully connected to: "LicenseClient-root" at "2026-09-21T03:09:17.032464Z"
[SignatureVerifier] Application signature verification not supported on this platform.
[Licensing::Client] Handshaking with LicensingClient:
  Version:                 1.16.2+bdef8f5
  Session Id:              d3cb55e82f484716baedf73a04986180
  Correlation Id:          e9e27413f80e15d9c4e731b539874573
  External correlation Id: 3184191790229118871
  Machine Id:              fe5f7XZ/1CQzW/AhDon7PebSsfU=
[Licensing::Module] Successfully connected to LicensingClient on channel: "LicenseClient-root" (connect: 1.29s, validation: 0.10s, handshake: 0.00s)
[Licensing::IpcConnector] Successfully connected to: "LicenseClient-root-notifications" at "2026-09-21T03:09:17.131453Z"
[Licensing::Module] Connected to LicensingClient (PId: 3243, launch time: 0.00, total connection time: 1.39s)
[Licensing::Module] Error: Access token is unavailable; failed to update
[Licensing::Client] Error: Code 500 while processing request (status: Unable to update licenses. Errors: No ULF license found.,Token not found in cache)
[Licensing::Client] Error: Code 500 while updating license in client (status: Unable to update licenses. Errors: No ULF license found.,Token not found in cache)
[Licensing::Client] Successfully resolved entitlement details
[Licensing::Module] Serial number assigned to: "2476052131094-UnityPersXXXX"
Pro License: NO
Initialize udev device monitor.
[Licensing::Client] Successfully resolved entitlement details

COMMAND LINE ARGUMENTS:
/home/hatch/workspace/unity-setup/Unity-2022.3.62f3/Editor/Unity
-batchmode
-nographics
-projectPath
/home/hatch/workspace/cod-mobile
-executeMethod
BuildSocialClub.BuildWebGL
-quit
-logFile
/home/hatch/workspace/cod-mobile/socialclub-webgl5.log
Successfully changed project path to: /home/hatch/workspace/cod-mobile
/home/hatch/workspace/cod-mobile
[UnityMemory] Configuration Parameters - Can be set up in boot.config
    "memorysetup-bucket-allocator-granularity=16"
    "memorysetup-bucket-allocator-bucket-count=8"
    "memorysetup-bucket-allocator-block-size=33554432"
    "memorysetup-bucket-allocator-block-count=8"
    "memorysetup-main-allocator-block-size=16777216"
    "memorysetup-thread-allocator-block-size=16777216"
    "memorysetup-gfx-main-allocator-block-size=16777216"
    "memorysetup-gfx-thread-allocator-block-size=16777216"
    "memorysetup-cache-allocator-block-size=4194304"
    "memorysetup-typetree-allocator-block-size=2097152"
    "memorysetup-profiler-bucket-allocator-granularity=16"
    "memorysetup-profiler-bucket-allocator-bucket-count=8"
    "memorysetup-profiler-bucket-allocator-block-size=33554432"
    "memorysetup-profiler-bucket-allocator-block-count=8"
    "memorysetup-profiler-allocator-block-size=16777216"
    "memorysetup-profiler-editor-allocator-block-size=1048576"
    "memorysetup-temp-allocator-size-main=16777216"
    "memorysetup-job-temp-allocator-block-size=2097152"
    "memorysetup-job-temp-allocator-block-size-background=1048576"
    "memorysetup-job-temp-allocator-reduction-small-platforms=262144"
    "memorysetup-allocator-temp-initial-block-size-main=262144"
    "memorysetup-allocator-temp-initial-block-size-worker=262144"
    "memorysetup-temp-allocator-size-background-worker=32768"
    "memorysetup-temp-allocator-size-job-worker=262144"
    "memorysetup-temp-allocator-size-preload-manager=33554432"
    "memorysetup-temp-allocator-size-nav-mesh-worker=65536"
    "memorysetup-temp-allocator-size-audio-worker=65536"
    "memorysetup-temp-allocator-size-cloud-worker=32768"
    "memorysetup-temp-allocator-size-gi-baking-worker=262144"
    "memorysetup-temp-allocator-size-gfx=262144"
Player connection [137071450207232]  Target information:

Player connection [137071450207232]  * "[IP] 198.19.0.2 [Port] 55504 [Flags] 2 [Guid] 724323397 [EditorId] 724323397 [Version] 1048832 [Id] LinuxEditor(16,198.19.0.2) [Debug] 1 [PackageName] LinuxEditor [ProjectName] Editor" 

Player connection [137071450207232] Host joined multi-casting on [225.0.0.222:54997]...
Player connection [137071450207232] Host joined alternative multi-casting on [225.0.0.222:34997]...
Input System module state changed to: Initialized.
[PhysX] Initialized MultithreadedTaskDispatcher with 2 workers.
Error opening a HTTP REST server port between 38000 and 38100
[Package Manager] UpmClient::Connect -- Connected to IPC stream "Upm-3239" after 1.2 seconds.
[Package Manager] Restoring resolved packages state from cache
[Licensing::Client] Successfully resolved entitlement details
[Package Manager] Registered 59 packages:
  Packages from [https://packages.unity.com]:
    com.unity.ads@4.4.2 (location: /home/hatch/workspace/cod-mobile/Library/PackageCache/com.unity.ads@4.4.2)
    com.unity.ai.navigation@1.1.6 (location: /home/hatch/workspace/cod-mobile/Library/PackageCache/com.unity.ai.navigation@1.1.6)
    com.unity.analytics@3.8.1 (location: /home/hatch/workspace/cod-mobile/Library/PackageCache/com.unity.analytics@3.8.1)
    com.unity.collab-proxy@2.7.1 (location: /home/hatch/workspace/cod-mobile/Library/PackageCache/com.unity.collab-proxy@2.7.1)
    com.unity.ide.rider@3.0.36 (location: /home/hatch/workspace/cod-mobile/Library/PackageCache/com.unity.ide.rider@3.0.36)
    com.unity.ide.visualstudio@2.0.22 (location: /home/hatch/workspace/cod-mobile/Library/PackageCache/com.unity.ide.visualstudio@2.0.22)
    com.unity.ide.vscode@1.2.5 (location: /home/hatch/workspace/cod-mobile/Library/PackageCache/com.unity.ide.vscode@1.2.5)
    com.unity.inputsystem@1.14.0 (location: /home/hatch/workspace/cod-mobile/Library/PackageCache/com.unity.inputsystem@1.14.0)
    com.unity.purchasing@4.11.0 (location: /home/hatch/workspace/cod-mobile/Library/PackageCache/com.unity.purchasing@4.11.0)
    com.unity.test-framework@1.1.33 (location: /home/hatch/workspace/cod-mobile/Library/PackageCache/com.unity.test-framework@1.1.33)
    com.unity.textmeshpro@3.0.7 (location: /home/hatch/workspace/cod-mobile/Library/PackageCache/com.unity.textmeshpro@3.0.7)
    com.unity.timeline@1.7.7 (location: /home/hatch/workspace/cod-mobile/Library/PackageCache/com.unity.timeline@1.7.7)
    com.unity.xr.legacyinputhelpers@2.1.12 (location: /home/hatch/workspace/cod-mobile/Library/PackageCache/com.unity.xr.legacyinputhelpers@2.1.12)
    com.unity.ext.nunit@1.0.6 (location: /home/hatch/workspace/cod-mobile/Library/PackageCache/com.unity.ext.nunit@1.0.6)
    com.unity.mathematics@1.2.6 (location: /home/hatch/workspace/cod-mobile/Library/PackageCache/com.unity.mathematics@1.2.6)
    com.unity.burst@1.8.21 (location: /home/hatch/workspace/cod-mobile/Library/PackageCache/com.unity.burst@1.8.21)
    com.unity.services.core@1.14.0 (location: /home/hatch/workspace/cod-mobile/Library/PackageCache/com.unity.services.core@1.14.0)
    com.unity.services.analytics@6.0.3 (location: /home/hatch/workspace/cod-mobile/Library/PackageCache/com.unity.services.analytics@6.0.3)
    com.unity.searcher@4.9.2 (location: /home/hatch/workspace/cod-mobile/Library/PackageCache/com.unity.searcher@4.9.2)
    com.unity.nuget.newtonsoft-json@3.2.1 (location: /home/hatch/workspace/cod-mobile/Library/PackageCache/com.unity.nuget.newtonsoft-json@3.2.1)
  Built-in packages:
    com.unity.2d.sprite@1.0.0 (location: /home/hatch/workspace/cod-mobile/Library/PackageCache/com.unity.2d.sprite@1.0.0)
    com.unity.2d.tilemap@1.0.0 (location: /home/hatch/workspace/cod-mobile/Library/PackageCache/com.unity.2d.tilemap@1.0.0)
    com.unity.render-pipelines.universal@14.0.12 (location: /home/hatch/workspace/cod-mobile/Library/PackageCache/com.unity.render-pipelines.universal@14.0.12)
    com.unity.ugui@1.0.0 (location: /home/hatch/workspace/cod-mobile/Library/PackageCache/com.unity.ugui@1.0.0)
    com.unity.modules.ai@1.0.0 (location: /home/hatch/workspace/cod-mobile/Library/PackageCache/com.unity.modules.ai@1.0.0)
    com.unity.modules.androidjni@1.0.0 (location: /home/hatch/workspace/cod-mobile/Library/PackageCache/com.unity.modules.androidjni@1.0.0)
    com.unity.modules.animation@1.0.0 (location: /home/hatch/workspace/cod-mobile/Library/PackageCache/com.unity.modules.animation@1.0.0)
    com.unity.modules.assetbundle@1.0.0 (location: /home/hatch/workspace/cod-mobile/Library/PackageCache/com.unity.modules.assetbundle@1.0.0)
    com.unity.modules.audio@1.0.0 (location: /home/hatch/workspace/cod-mobile/Library/PackageCache/com.unity.modules.audio@1.0.0)
    com.unity.modules.cloth@1.0.0 (location: /home/hatch/workspace/cod-mobile/Library/PackageCache/com.unity.modules.cloth@1.0.0)
    com.unity.modules.director@1.0.0 (location: /home/hatch/workspace/cod-mobile/Library/PackageCache/com.unity.modules.director@1.0.0)
    com.unity.modules.imageconversion@1.0.0 (location: /home/hatch/workspace/cod-mobile/Library/PackageCache/com.unity.modules.imageconversion@1.0.0)
    com.unity.modules.imgui@1.0.0 (location: /home/hatch/workspace/cod-mobile/Library/PackageCache/com.unity.modules.imgui@1.0.0)
    com.unity.modules.jsonserialize@1.0.0 (location: /home/hatch/workspace/cod-mobile/Library/PackageCache/com.unity.modules.jsonserialize@1.0.0)
    com.unity.modules.particlesystem@1.0.0 (location: /home/hatch/workspace/cod-mobile/Library/PackageCache/com.unity.modules.particlesystem@1.0.0)
    com.unity.modules.physics@1.0.0 (location: /home/hatch/workspace/cod-mobile/Library/PackageCache/com.unity.modules.physics@1.0.0)
    com.unity.modules.physics2d@1.0.0 (location: /home/hatch/workspace/cod-mobile/Library/PackageCache/com.unity.modules.physics2d@1.0.0)
    com.unity.modules.screencapture@1.0.0 (location: /home/hatch/workspace/cod-mobile/Library/PackageCache/com.unity.modules.screencapture@1.0.0)
    com.unity.modules.terrain@1.0.0 (location: /home/hatch/workspace/cod-mobile/Library/PackageCache/com.unity.modules.terrain@1.0.0)
    com.unity.modules.terrainphysics@1.0.0 (location: /home/hatch/workspace/cod-mobile/Library/PackageCache/com.unity.modules.terrainphysics@1.0.0)
    com.unity.modules.tilemap@1.0.0 (location: /home/hatch/workspace/cod-mobile/Library/PackageCache/com.unity.modules.tilemap@1.0.0)
    com.unity.modules.ui@1.0.0 (location: /home/hatch/workspace/cod-mobile/Library/PackageCache/com.unity.modules.ui@1.0.0)
    com.unity.modules.uielements@1.0.0 (location: /home/hatch/workspace/cod-mobile/Library/PackageCache/com.unity.modules.uielements@1.0.0)
    com.unity.modules.umbra@1.0.0 (location: /home/hatch/workspace/cod-mobile/Library/PackageCache/com.unity.modules.umbra@1.0.0)
    com.unity.modules.unityanalytics@1.0.0 (location: /home/hatch/workspace/cod-mobile/Library/PackageCache/com.unity.modules.unityanalytics@1.0.0)
    com.unity.modules.unitywebrequest@1.0.0 (location: /home/hatch/workspace/cod-mobile/Library/PackageCache/com.unity.modules.unitywebrequest@1.0.0)
    com.unity.modules.unitywebrequestassetbundle@1.0.0 (location: /home/hatch/workspace/cod-mobile/Library/PackageCache/com.unity.modules.unitywebrequestassetbundle@1.0.0)
    com.unity.modules.unitywebrequestaudio@1.0.0 (location: /home/hatch/workspace/cod-mobile/Library/PackageCache/com.unity.modules.unitywebrequestaudio@1.0.0)
    com.unity.modules.unitywebrequesttexture@1.0.0 (location: /home/hatch/workspace/cod-mobile/Library/PackageCache/com.unity.modules.unitywebrequesttexture@1.0.0)
    com.unity.modules.unitywebrequestwww@1.0.0 (location: /home/hatch/workspace/cod-mobile/Library/PackageCache/com.unity.modules.unitywebrequestwww@1.0.0)
    com.unity.modules.vehicles@1.0.0 (location: /home/hatch/workspace/cod-mobile/Library/PackageCache/com.unity.modules.vehicles@1.0.0)
    com.unity.modules.video@1.0.0 (location: /home/hatch/workspace/cod-mobile/Library/PackageCache/com.unity.modules.video@1.0.0)
    com.unity.modules.vr@1.0.0 (location: /home/hatch/workspace/cod-mobile/Library/PackageCache/com.unity.modules.vr@1.0.0)
    com.unity.modules.wind@1.0.0 (location: /home/hatch/workspace/cod-mobile/Library/PackageCache/com.unity.modules.wind@1.0.0)
    com.unity.modules.xr@1.0.0 (location: /home/hatch/workspace/cod-mobile/Library/PackageCache/com.unity.modules.xr@1.0.0)
    com.unity.modules.subsystems@1.0.0 (location: /home/hatch/workspace/cod-mobile/Library/PackageCache/com.unity.modules.subsystems@1.0.0)
    com.unity.render-pipelines.core@14.0.12 (location: /home/hatch/workspace/cod-mobile/Library/PackageCache/com.unity.render-pipelines.core@14.0.12)
    com.unity.shadergraph@14.0.12 (location: /home/hatch/workspace/cod-mobile/Library/PackageCache/com.unity.shadergraph@14.0.12)
    com.unity.render-pipelines.universal-config@14.0.10 (location: /home/hatch/workspace/cod-mobile/Library/PackageCache/com.unity.render-pipelines.universal-config@14.0.10)
ALSA lib confmisc.c:855:(parse_card) cannot find card '0'
ALSA lib conf.c:5208:(_snd_config_evaluate) function snd_func_card_inum returned error: No such file or directory
ALSA lib confmisc.c:422:(snd_func_concat) error evaluating strings
ALSA lib conf.c:5208:(_snd_config_evaluate) function snd_func_concat returned error: No such file or directory
ALSA lib confmisc.c:1342:(snd_func_refer) error evaluating name
ALSA lib conf.c:5208:(_snd_config_evaluate) function snd_func_refer returned error: No such file or directory
ALSA lib conf.c:5731:(snd_config_expand) Evaluate error: No such file or directory
ALSA lib pcm.c:2721:(snd_pcm_open_noupdate) Unknown PCM default
FMOD failed to initialize the output device.: "Error initializing output device. " (60)
Forced to initialize FMOD to to the device driver's system output rate 48000, this may impact performance and/or give inconsistent experiences compared to selected sample rate 48000
ALSA lib confmisc.c:855:(parse_card) cannot find card '0'
ALSA lib conf.c:5208:(_snd_config_evaluate) function snd_func_card_inum returned error: No such file or directory
ALSA lib confmisc.c:422:(snd_func_concat) error evaluating strings
ALSA lib conf.c:5208:(_snd_config_evaluate) function snd_func_concat returned error: No such file or directory
ALSA lib confmisc.c:1342:(snd_func_refer) error evaluating name
ALSA lib conf.c:5208:(_snd_config_evaluate) function snd_func_refer returned error: No such file or directory
ALSA lib conf.c:5731:(snd_config_expand) Evaluate error: No such file or directory
ALSA lib pcm.c:2721:(snd_pcm_open_noupdate) Unknown PCM default
FMOD failed to initialize the output device.: "Error initializing output device. " (60)
FMOD initialized on nosound output
[Subsystems] No new subsystems found in resolved package list.
Package Manager log level set to [2]
[Package Manager] Done registering packages in 0.14 seconds
Artifact Garbage Collection - Removed 1 unused hashed content files
Refreshing native plugins compatible for Editor in 412.61 ms, found 0 plugins.
Preloading 0 native plugins for Editor in 0.00 ms.
Initialize engine version: 2022.3.62f3 (96770f904ca7)
[Subsystems] Discovering subsystems at path /home/hatch/workspace/unity-setup/Unity-2022.3.62f3/Editor/Data/Resources/UnitySubsystems
[Subsystems] Discovering subsystems at path /home/hatch/workspace/cod-mobile/Assets
Forcing GfxDevice: Null
GfxDevice: creating device client; threaded=0; jobified=0
NullGfxDevice:
    Version:  NULL 1.0 [1.0]
    Renderer: Null Device
    Vendor:   Unity Technologies
Shader Hidden/ProbeVolume/VoxelizeScene is not supported: GPU does not support conservative rasterization
[Licensing::Client] Successfully resolved entitlement details
Initialize mono
Mono path[0] = '/home/hatch/workspace/unity-setup/Unity-2022.3.62f3/Editor/Data/Managed'
Mono path[1] = '/home/hatch/workspace/unity-setup/Unity-2022.3.62f3/Editor/Data/MonoBleedingEdge/lib/mono/unityjit-linux'
Mono config path = '/home/hatch/workspace/unity-setup/Unity-2022.3.62f3/Editor/Data/MonoBleedingEdge/etc'
Using monoOptions --debugger-agent=transport=dt_socket,embedding=1,server=y,suspend=n,address=127.0.0.1:56239
Using cacheserver namespaces - metadata:defaultmetadata, artifacts:defaultartifacts
Using cacheserver namespaces - metadata:defaultmetadata, artifacts:defaultartifacts
ImportWorker Server TCP listen port: 0
Begin MonoManager ReloadAssembly
Registering precompiled unity dll's ...
Register platform support module: /home/hatch/workspace/unity-setup/Unity-2022.3.62f3/Editor/Data/PlaybackEngines/WebGLSupport/UnityEditor.WebGL.Extensions.dll
Register platform support module: /home/hatch/workspace/unity-setup/Unity-2022.3.62f3/Editor/Data/PlaybackEngines/LinuxStandaloneSupport/UnityEditor.LinuxStandalone.Extensions.dll
Registered in 0.040253 seconds.
- Loaded All Assemblies, in  1.198 seconds
Native extension for LinuxStandalone target not found
Native extension for WebGL target not found
Mono: successfully reloaded assembly
- Finished resetting the current domain, in  0.422 seconds
Domain Reload Profiling: 1621ms
	BeginReloadAssembly (584ms)
		ExecutionOrderSort (0ms)
		DisableScriptedObjects (0ms)
		BackupInstance (0ms)
		ReleaseScriptingObjects (0ms)
		CreateAndSetChildDomain (1ms)
	RebuildCommonClasses (127ms)
	RebuildNativeTypeToScriptingClass (10ms)
	initialDomainReloadingComplete (157ms)
	LoadAllAssembliesAndSetupDomain (321ms)
		LoadAssemblies (599ms)
		RebuildTransferFunctionScriptingTraits (0ms)
		AnalyzeDomain (301ms)
			TypeCache.Refresh (299ms)
				TypeCache.ScanAssembly (271ms)
			ScanForSourceGeneratedMonoScriptInfo (1ms)
			ResolveRequiredComponents (1ms)
	FinalizeReload (423ms)
		ReleaseScriptCaches (0ms)
		RebuildScriptCaches (0ms)
		SetupLoadedEditorAssemblies (351ms)
			LogAssemblyErrors (0ms)
			InitializePlatformSupportModulesInManaged (23ms)
			SetLoadedEditorAssemblies (9ms)
			RefreshPlugins (0ms)
			BeforeProcessingInitializeOnLoad (3ms)
			ProcessInitializeOnLoadAttributes (247ms)
			ProcessInitializeOnLoadMethodAttributes (68ms)
			AfterProcessingInitializeOnLoad (0ms)
			EditorAssembliesLoaded (0ms)
		ExecutionOrderSort2 (0ms)
		AwakeInstancesAfterBackupRestoration (0ms)
[Licensing::Client] Successfully resolved entitlement details
Application.AssetDatabase Initial Refresh Start
[ScriptCompilation] Requested script compilation because: Assetdatabase observed changes in script compilation related files
[40m[32minfo[39m[22m[49m: Microsoft.Hosting.Lifetime[14]
      Now listening on: http://unix:/tmp/ilpp.sock-1441cd3f67175404b369a03c2a7b4d25
[40m[32minfo[39m[22m[49m: Microsoft.Hosting.Lifetime[0]
      Application started. Press Ctrl+C to shut down.
[40m[32minfo[39m[22m[49m: Microsoft.Hosting.Lifetime[0]
      Hosting environment: Production
[40m[32minfo[39m[22m[49m: Microsoft.Hosting.Lifetime[0]
      Content root path: /home/hatch/workspace/cod-mobile/
[40m[32minfo[39m[22m[49m: Microsoft.AspNetCore.Hosting.Diagnostics[1]
      Request starting HTTP/2 POST http://ilpp/UnityILPP.PostProcessing/Ping application/grpc -
[40m[32minfo[39m[22m[49m: Microsoft.AspNetCore.Routing.EndpointMiddleware[0]
      Executing endpoint 'gRPC - /UnityILPP.PostProcessing/Ping'
[40m[32minfo[39m[22m[49m: Microsoft.AspNetCore.Routing.EndpointMiddleware[1]
      Executed endpoint 'gRPC - /UnityILPP.PostProcessing/Ping'
[40m[32minfo[39m[22m[49m: Microsoft.AspNetCore.Hosting.Diagnostics[2]
      Request finished HTTP/2 POST http://ilpp/UnityILPP.PostProcessing/Ping application/grpc - - 200 - application/grpc 111.8695ms
Starting: /home/hatch/workspace/unity-setup/Unity-2022.3.62f3/Editor/Data/bee_backend --ipc --defer-dag-verification --dagfile="Library/Bee/2000b0aE.dag" --continue-on-failure --profile="Library/Bee/backend1.traceevents" ScriptAssemblies
WorkingDir: /home/hatch/workspace/cod-mobile
DisplayProgressbar: Compiling Scripts
ExitCode: 4 Duration: 1s527ms
Rebuilding DAG because FileSignature timestamp changed: Library/Bee/2000b0aE-inputdata.json
*** Tundra requires additional run (1.48 seconds), 0 items updated, 3 evaluated
Starting: /home/hatch/workspace/unity-setup/Unity-2022.3.62f3/Editor/Data/Tools/netcorerun/netcorerun "/home/hatch/workspace/unity-setup/Unity-2022.3.62f3/Editor/Data/Tools/BuildPipeline/ScriptCompilationBuildProgram.exe" "Library/Bee/2000b0aE.dag.json" "Library/Bee/2000b0aE-inputdata.json" "Library/Bee/buildprogram0.traceevents"
WorkingDir: /home/hatch/workspace/cod-mobile
ExitCode: 0 Duration: 1s691ms
Starting: /home/hatch/workspace/unity-setup/Unity-2022.3.62f3/Editor/Data/bee_backend --ipc --defer-dag-verification --dagfile="Library/Bee/2000b0aE.dag" --continue-on-failure --dagfilejson="Library/Bee/2000b0aE.dag.json" --profile="Library/Bee/backend2.traceevents" ScriptAssemblies
WorkingDir: /home/hatch/workspace/cod-mobile
[40m[32minfo[39m[22m[49m: Microsoft.AspNetCore.Hosting.Diagnostics[1]
      Request starting HTTP/2 POST http://ilpp/UnityILPP.PostProcessing/ConfigurePostProcessors application/grpc -
[40m[32minfo[39m[22m[49m: Microsoft.AspNetCore.Routing.EndpointMiddleware[0]
      Executing endpoint 'gRPC - /UnityILPP.PostProcessing/ConfigurePostProcessors'
[40m[1m[33mwarn[39m[22m[49m: Unity.ILPP.Runner.PostProcessingAssemblyLoadContext[0]
      Assembly system.runtime.interopservices.windowsruntime has duplicate hint path. Ignoring "/home/hatch/workspace/unity-setup/Unity-2022.3.62f3/Editor/Data/UnityReferenceAssemblies/unity-4.8-api/Facades/System.Runtime.InteropServices.WindowsRuntime.dll" in favor of "/home/hatch/workspace/unity-setup/Unity-2022.3.62f3/Editor/Data/NetStandard/Extensions/2.0.0/System.Runtime.InteropServices.WindowsRuntime.dll"
[40m[1m[33mwarn[39m[22m[49m: Unity.ILPP.Runner.PostProcessingAssemblyLoadContext[0]
      Assembly system.componentmodel.composition has duplicate hint path. Ignoring "/home/hatch/workspace/unity-setup/Unity-2022.3.62f3/Editor/Data/UnityReferenceAssemblies/unity-4.8-api/System.ComponentModel.Composition.dll" in favor of "/home/hatch/workspace/unity-setup/Unity-2022.3.62f3/Editor/Data/NetStandard/compat/2.1.0/shims/netfx/System.ComponentModel.Composition.dll"
[40m[32minfo[39m[22m[49m: Unity.ILPP.Runner.PostProcessingAssemblyLoadContext[0]
      Resolved Unity.Burst.Cecil, Version=0.11.4.0, Culture=neutral, PublicKeyToken=50cebf1cceb9d05e with Library/PackageCache/com.unity.burst@1.8.21/Unity.Burst.CodeGen/Unity.Burst.Cecil.dll
[40m[32minfo[39m[22m[49m: Microsoft.AspNetCore.Routing.EndpointMiddleware[1]
      Executed endpoint 'gRPC - /UnityILPP.PostProcessing/ConfigurePostProcessors'
[40m[32minfo[39m[22m[49m: Microsoft.AspNetCore.Hosting.Diagnostics[2]
      Request finished HTTP/2 POST http://ilpp/UnityILPP.PostProcessing/ConfigurePostProcessors application/grpc - - 200 - application/grpc 57.3952ms
[40m[32minfo[39m[22m[49m: Microsoft.AspNetCore.Hosting.Diagnostics[1]
      Request starting HTTP/2 POST http://ilpp/UnityILPP.PostProcessing/PostProcessAssembly application/grpc -
[40m[32minfo[39m[22m[49m: Microsoft.AspNetCore.Routing.EndpointMiddleware[0]
      Executing endpoint 'gRPC - /UnityILPP.PostProcessing/PostProcessAssembly'
[40m[32minfo[39m[22m[49m: Unity.ILPP.Runner.PostProcessingPipeline[0]
      Processing assembly Library/Bee/artifacts/2000b0aE.dag/Assembly-CSharp.dll, with 103 defines and 261 references
[40m[32minfo[39m[22m[49m: Unity.ILPP.Runner.PostProcessingPipeline[0]
      processors: zzzUnity.Burst.CodeGen.BurstILPostProcessor
[40m[32minfo[39m[22m[49m: Unity.ILPP.Runner.PostProcessingPipeline[0]
      running zzzUnity.Burst.CodeGen.BurstILPostProcessor
[40m[32minfo[39m[22m[49m: Unity.ILPP.Runner.PostProcessingAssemblyLoadContext[0]
      Resolved Unity.Burst.Cecil.Rocks, Version=0.11.4.0, Culture=neutral, PublicKeyToken=50cebf1cceb9d05e with Library/PackageCache/com.unity.burst@1.8.21/Unity.Burst.CodeGen/Unity.Burst.Cecil.Rocks.dll
[40m[32minfo[39m[22m[49m: Microsoft.AspNetCore.Routing.EndpointMiddleware[1]
      Executed endpoint 'gRPC - /UnityILPP.PostProcessing/PostProcessAssembly'
[40m[32minfo[39m[22m[49m: Microsoft.AspNetCore.Hosting.Diagnostics[2]
      Request finished HTTP/2 POST http://ilpp/UnityILPP.PostProcessing/PostProcessAssembly application/grpc - - 200 - application/grpc 433.8507ms
[40m[32minfo[39m[22m[49m: Microsoft.AspNetCore.Hosting.Diagnostics[1]
      Request starting HTTP/2 POST http://ilpp/UnityILPP.PostProcessing/PostProcessAssembly application/grpc -
[40m[32minfo[39m[22m[49m: Microsoft.AspNetCore.Routing.EndpointMiddleware[0]
      Executing endpoint 'gRPC - /UnityILPP.PostProcessing/PostProcessAssembly'
[40m[32minfo[39m[22m[49m: Unity.ILPP.Runner.PostProcessingPipeline[0]
      Processing assembly Library/Bee/artifacts/2000b0aE.dag/Assembly-CSharp-Editor.dll, with 101 defines and 280 references
[40m[32minfo[39m[22m[49m: Unity.ILPP.Runner.PostProcessingPipeline[0]
      processors: zzzUnity.Burst.CodeGen.BurstILPostProcessor
[40m[32minfo[39m[22m[49m: Unity.ILPP.Runner.PostProcessingPipeline[0]
      running zzzUnity.Burst.CodeGen.BurstILPostProcessor
[40m[32minfo[39m[22m[49m: Microsoft.AspNetCore.Routing.EndpointMiddleware[1]
      Executed endpoint 'gRPC - /UnityILPP.PostProcessing/PostProcessAssembly'
[40m[32minfo[39m[22m[49m: Microsoft.AspNetCore.Hosting.Diagnostics[2]
      Request finished HTTP/2 POST http://ilpp/UnityILPP.PostProcessing/PostProcessAssembly application/grpc - - 200 - application/grpc 24.3373ms
ExitCode: 0 Duration: 5s315ms
Finished compiling graph: 917 nodes, 14215 flattened edges (11283 ToBuild, 166 ToUse), maximum node priority 933
[598/914    0s] ILPP-Configuration Library/ilpp-configuration.nevergeneratedoutput
[653/914    0s] WriteText Library/Bee/artifacts/2000b0aE.dag/Assembly-CSharp.rsp
[906/914    4s] Csc Library/Bee/artifacts/2000b0aE.dag/Assembly-CSharp.dll (+2 others)
[907/914    0s] ILPostProcess Library/Bee/artifacts/2000b0aE.dag/post-processed/Assembly-CSharp.dll (+pdb)
Processing assembly Library/Bee/artifacts/2000b0aE.dag/Assembly-CSharp.dll, with 103 defines and 261 references
processors: zzzUnity.Burst.CodeGen.BurstILPostProcessor
running zzzUnity.Burst.CodeGen.BurstILPostProcessor
[908/914    0s] CopyFiles Library/ScriptAssemblies/Assembly-CSharp.dll
[909/914    0s] CopyFiles Library/ScriptAssemblies/Assembly-CSharp.pdb
[910/914    0s] Csc Library/Bee/artifacts/2000b0aE.dag/Assembly-CSharp-Editor.dll (+2 others)
[911/914    0s] ILPostProcess Library/Bee/artifacts/2000b0aE.dag/post-processed/Assembly-CSharp-Editor.dll (+pdb)
Processing assembly Library/Bee/artifacts/2000b0aE.dag/Assembly-CSharp-Editor.dll, with 101 defines and 280 references
processors: zzzUnity.Burst.CodeGen.BurstILPostProcessor
running zzzUnity.Burst.CodeGen.BurstILPostProcessor
[912/914    0s] CopyFiles Library/ScriptAssemblies/Assembly-CSharp-Editor.dll
[913/914    0s] CopyFiles Library/ScriptAssemblies/Assembly-CSharp-Editor.pdb
*** Tundra build success (5.29 seconds), 10 items updated, 914 evaluated
AssetDatabase: script compilation time: 10.201571s
Begin MonoManager ReloadAssembly
Total cache size 84474764
Total cache size after purge 84474764
Symbol file LoadedFromMemory is not a mono symbol file
- Loaded All Assemblies, in  2.267 seconds
Refreshing native plugins compatible for Editor in 21.34 ms, found 0 plugins.
Preloading 0 native plugins for Editor in 0.00 ms.
Start importing Assets/_Project/Scripts/Dialogue using Guid(92efd216465d9ecca95aec6afd824483) Importer(-1,00000000000000000000000000000000) [PhysX] Initialized MultithreadedTaskDispatcher with 2 workers.
 -> (artifact id: 'cdadc86d87437eb4e63c99cca4fc2988') in 0.011713 seconds
Start importing Assets/_Project/Scripts/Objectives using Guid(886f7f21c7629f37080330421e9523de) Importer(-1,00000000000000000000000000000000) [PhysX] Initialized MultithreadedTaskDispatcher with 2 workers.
 -> (artifact id: '0bfe22ce88c6412b0fb9ad5a782e77b5') in 0.001563 seconds
Start importing Assets/_Project/Scripts/Missions using Guid(5e99f727839a369809b6fcb1fa7a868a) Importer(-1,00000000000000000000000000000000) [PhysX] Initialized MultithreadedTaskDispatcher with 2 workers.
 -> (artifact id: '246b3792d24231cbb80a2509b5e8ec3d') in 0.001273 seconds
Start importing Assets/_Project/Scripts/Persistence using Guid(df4926d1cf0eff28faed775db7ee5b8e) Importer(-1,00000000000000000000000000000000) [PhysX] Initialized MultithreadedTaskDispatcher with 2 workers.
 -> (artifact id: '9601066ba16ab64aaa227c54e2ae9a91') in 0.001264 seconds
Start importing Assets/_Project/Scripts/UI/DialogueUI.cs using Guid(5249021d35186bce5be7b48e3c6e89f9) Importer(-1,00000000000000000000000000000000) [PhysX] Initialized MultithreadedTaskDispatcher with 2 workers.
 -> (artifact id: '9325a06dc4f208c58717c0c08f177958') in 0.001588 seconds
Start importing Assets/_Project/Scripts/Player/PlayerMovement.cs using Guid(048e3dbe2c8f8512bb0cb6f585959586) Importer(-1,00000000000000000000000000000000) [PhysX] Initialized MultithreadedTaskDispatcher with 2 workers.
 -> (artifact id: '30d7369aa0fcbab1f63e456f81486d7e') in 0.001180 seconds
Start importing Assets/_Project/Scripts/Dialogue/DialogueController.cs using Guid(84546963b04f654bea173676d0fa87e7) Importer(-1,00000000000000000000000000000000) [PhysX] Initialized MultithreadedTaskDispatcher with 2 workers.
 -> (artifact id: '2212cacab8e9c83ec3d2d9e23d58ea7d') in 0.001633 seconds
Start importing Assets/_Project/Scripts/Interaction/InteractableNPC.cs using Guid(b540084e6afcdb2f7935b2100a94695a) Importer(-1,00000000000000000000000000000000) [PhysX] Initialized MultithreadedTaskDispatcher with 2 workers.
 -> (artifact id: '50c702370d89bd11690dfcd2c93b27b9') in 0.001174 seconds
Start importing Assets/_Project/Scripts/Objectives/ObjectiveManager.cs using Guid(971bcd048d5bcaafdb91217cfeda098b) Importer(-1,00000000000000000000000000000000) [PhysX] Initialized MultithreadedTaskDispatcher with 2 workers.
 -> (artifact id: '8fc2d86657a149061810a58df9255f1b') in 0.001618 seconds
Start importing Assets/_Project/Scripts/Missions/TriggerVolume.cs using Guid(977c9fca715074956b5008754f537507) Importer(-1,00000000000000000000000000000000) [PhysX] Initialized MultithreadedTaskDispatcher with 2 workers.
 -> (artifact id: '366c8680b8c28a5f6111dff572ec6978') in 0.001742 seconds
Start importing Assets/Editor/BuildTestArena.cs using Guid(782c197581512c116a6f02314fdda28e) Importer(-1,00000000000000000000000000000000) [PhysX] Initialized MultithreadedTaskDispatcher with 2 workers.
 -> (artifact id: '23bc7c0846fd29941f35353ce06b1ac4') in 0.001078 seconds
Start importing Assets/_Project/Scripts/Core/IInputProvider.cs using Guid(784c89bb35d060afaa9578804f2e4927) Importer(-1,00000000000000000000000000000000) [PhysX] Initialized MultithreadedTaskDispatcher with 2 workers.
 -> (artifact id: 'c63e56a85c9b7127b9194b7613f4c123') in 0.001035 seconds
Start importing Assets/_Project/Scripts/Dialogue/DialogueData.cs using Guid(f89104af06c55b9f9bea52587d97e9e3) Importer(-1,00000000000000000000000000000000) [PhysX] Initialized MultithreadedTaskDispatcher with 2 workers.
 -> (artifact id: '5d984a2de40a4e500c8b64d16ef8e87c') in 0.001590 seconds
Start importing Assets/Editor/BuildSocialClub.cs using Guid(9a8ccca4ab468221c9c0721a5c841d9f) Importer(-1,00000000000000000000000000000000) [PhysX] Initialized MultithreadedTaskDispatcher with 2 workers.
 -> (artifact id: '13d574ccc9f3a72a20835ab03f69f766') in 0.001177 seconds
Start importing Assets/_Project/Scripts/Core/PlayerInputProvider.cs using Guid(ddca55f01f453f5ccaf0b87fba0ddd22) Importer(-1,00000000000000000000000000000000) [PhysX] Initialized MultithreadedTaskDispatcher with 2 workers.
 -> (artifact id: 'acb60c546f24f0bf5580bb17b02d5057') in 0.001159 seconds
Start importing Assets/_Project/Scripts/Dialogue/Ep1DialogueBank.cs using Guid(ae398e4cb418de799a5a51f3d933882f) Importer(-1,00000000000000000000000000000000) [PhysX] Initialized MultithreadedTaskDispatcher with 2 workers.
 -> (artifact id: 'ea06a9cbb1fcab059147d5f67b217ebb') in 0.001685 seconds
Start importing Assets/_Project/Scripts/Persistence/SaveManager.cs using Guid(cea4971ef3eacfc99ab9717f6457690b) Importer(-1,00000000000000000000000000000000) [PhysX] Initialized MultithreadedTaskDispatcher with 2 workers.
 -> (artifact id: '4df3b2c20dfe15f080f6386744c3acb3') in 0.001633 seconds
Start importing Assets/_Project/Scripts/Missions/MissionStateMachine.cs using Guid(6f3b6562d64f8e2bb8a9b12d87a03af3) Importer(-1,00000000000000000000000000000000) [PhysX] Initialized MultithreadedTaskDispatcher with 2 workers.
 -> (artifact id: 'faa9ba9045cf9d386228c3a7f4eb5d89') in 0.001748 seconds
Refreshing native plugins compatible for Editor in 5.66 ms, found 0 plugins.
Native extension for LinuxStandalone target not found
Native extension for WebGL target not found
Mono: successfully reloaded assembly
- Finished resetting the current domain, in  3.929 seconds
Domain Reload Profiling: 6215ms
	BeginReloadAssembly (324ms)
		ExecutionOrderSort (0ms)
		DisableScriptedObjects (16ms)
		BackupInstance (0ms)
		ReleaseScriptingObjects (0ms)
		CreateAndSetChildDomain (73ms)
	RebuildCommonClasses (82ms)
	RebuildNativeTypeToScriptingClass (13ms)
	initialDomainReloadingComplete (72ms)
	LoadAllAssembliesAndSetupDomain (1791ms)
		LoadAssemblies (1412ms)
		RebuildTransferFunctionScriptingTraits (0ms)
		AnalyzeDomain (506ms)
			TypeCache.Refresh (394ms)
				TypeCache.ScanAssembly (363ms)
			ScanForSourceGeneratedMonoScriptInfo (97ms)
			ResolveRequiredComponents (14ms)
	FinalizeReload (3934ms)
		ReleaseScriptCaches (0ms)
		RebuildScriptCaches (0ms)
		SetupLoadedEditorAssemblies (3655ms)
			LogAssemblyErrors (0ms)
			InitializePlatformSupportModulesInManaged (10ms)
			SetLoadedEditorAssemblies (7ms)
			RefreshPlugins (0ms)
			BeforeProcessingInitializeOnLoad (60ms)
			ProcessInitializeOnLoadAttributes (3087ms)
			ProcessInitializeOnLoadMethodAttributes (483ms)
			AfterProcessingInitializeOnLoad (7ms)
			EditorAssembliesLoaded (0ms)
		ExecutionOrderSort2 (0ms)
		AwakeInstancesAfterBackupRestoration (5ms)
Refreshing native plugins compatible for Editor in 4.09 ms, found 0 plugins.
Preloading 0 native plugins for Editor in 0.00 ms.
Asset Pipeline Refresh (id=2d362f8f985552482b09ee823e8f83ba): Total: 28.554 seconds - Initiated by InitialRefreshV2(ForceSynchronousImport)
	Summary:
		Imports: total=22 (actual=18, local cache=4, cache server=0)
		Asset DB Process Time: managed=6 ms, native=11618 ms
		Asset DB Callback time: managed=187 ms, native=12 ms
		Scripting: domain reloads=1, domain reload time=6464 ms, compile time=10205 ms, other=60 ms
		Project Asset Count: scripts=5905, non-scripts=1942
		Asset File Changes: new=11, changed=18, moved=0, deleted=0
		Scan Filter Count: 1
	InvokeBeforeRefreshCallbacks: 0.207ms
	ApplyChangesToAssetFolders: 0.100ms
	Scan: 3125.252ms
	OnSourceAssetsModified: 6.346ms
	GetAllGuidsForCategorization: 1.349ms
	CategorizeAssets: 353.694ms
	ImportOutOfDateAssets: 4118.941ms (-6182.135ms without children)
		ImportManagerImport: 56.234ms (16.624ms without children)
			ImportInProcess: 39.445ms
			UpdateCategorizedAssets: 0.165ms
		CompileScripts: 10204.943ms
		ReloadNativeAssets: 0.024ms
		UnloadImportedAssets: 31.909ms
		ReloadImportedAssets: 1.690ms
		EnsureUptoDateAssetsAreRegisteredWithGuidPM: 3.335ms
		InitializingProgressBar: 0.001ms
		PostProcessAllAssetNotificationsAddChangedAssets: 0.001ms
		OnDemandSchedulerStart: 2.940ms
	PostProcessAllAssets: 182.851ms
	Hotreload: 10.787ms
	GatherAllCurrentPrimaryArtifactRevisions: 0.001ms
	UnloadStreamsBegin: 1.048ms
	PersistCurrentRevisions: 0.742ms
	UnloadStreamsEnd: 0.022ms
	GenerateScriptTypeHashes: 3.459ms
	Untracked: 20752.652ms
Application.AssetDatabase Initial Refresh End
Shader Hidden/ProbeVolume/VoxelizeScene is not supported: GPU does not support conservative rasterization
Scanning for USB devices : 0.154ms
Initializing Unity extensions:
[Licensing::Client] Successfully resolved entitlement details
UpdateMenuTitleForLanguage: 10
[MODES] ModeService[none].Initialize
[MODES] ModeService[none].LoadModes
[MODES] Loading mode Default (0) for mode-current-id-cod-mobile
[PhysX] Initialized MultithreadedTaskDispatcher with 2 workers.
ProgressiveSceneManager::Cancel()
Unloading 16 Unused Serialized files (Serialized files now loaded: 0)
Unloading 129 unused Assets / (0.7 MB). Loaded Objects now: 5294.
Memory consumption went from 136.6 MB to 135.8 MB.
Total: 24.831625 ms (FindLiveObjects: 0.706239 ms CreateObjectMapping: 0.229454 ms MarkObjects: 23.023632 ms  DeleteObjects: 0.870126 ms)

Refreshing native plugins compatible for Editor in 3.76 ms, found 0 plugins.
Preloading 0 native plugins for Editor in 0.00 ms.
Asset Pipeline Refresh (id=6d6ce41b8df807e87b6f0b9871776108): Total: 0.088 seconds - Initiated by StopAssetImportingV2(NoUpdateAssetOptions)
Start importing Assets/_Project/Data/PlayerInputActions.inputactions using Guid(8ee75a5a3f801e68d806e8b33f7686c1) Importer(-1,00000000000000000000000000000000) [PhysX] Initialized MultithreadedTaskDispatcher with 2 workers.
 -> (artifact id: '0289a767fcf1c09cf58dce077f483754') in 0.225205 seconds
Start importing Assets/_Project/Data/PlayerInputActions.inputactions using Guid(8ee75a5a3f801e68d806e8b33f7686c1) Importer(-1,00000000000000000000000000000000) [PhysX] Initialized MultithreadedTaskDispatcher with 2 workers.
 -> (artifact id: '3011faba20518002f3db1433f08babf9') in 0.157827 seconds
Refreshing native plugins compatible for Editor in 4.27 ms, found 0 plugins.
Preloading 0 native plugins for Editor in 0.00 ms.
Asset Pipeline Refresh (id=781b745058631ddae8985d42b2bd8cef): Total: 0.558 seconds - Initiated by StopAssetImportingV2(NoUpdateAssetOptions)
	Summary:
		Imports: total=2 (actual=2, local cache=0, cache server=0)
		Asset DB Process Time: managed=0 ms, native=499 ms
		Asset DB Callback time: managed=40 ms, native=17 ms
		Scripting: domain reloads=0, domain reload time=0 ms, compile time=0 ms, other=0 ms
		Project Asset Count: scripts=5905, non-scripts=1942
		Asset File Changes: new=1, changed=2, moved=0, deleted=0
		Scan Filter Count: 4
	InvokeBeforeRefreshCallbacks: 0.002ms
	ApplyChangesToAssetFolders: 0.235ms
	Scan: 9.615ms
	OnSourceAssetsModified: 0.328ms
	GetAllGuidsForCategorization: 1.807ms
	CategorizeAssets: 40.919ms
	ImportOutOfDateAssets: 419.764ms (12.076ms without children)
		ImportManagerImport: 396.814ms (2.638ms without children)
			ImportInProcess: 394.092ms
			UpdateCategorizedAssets: 0.084ms
		ReloadNativeAssets: 0.057ms
		UnloadImportedAssets: 0.116ms
		ReloadImportedAssets: 0.002ms
		EnsureUptoDateAssetsAreRegisteredWithGuidPM: 3.561ms
		InitializingProgressBar: 0.020ms
		PostProcessAllAssetNotificationsAddChangedAssets: 0.002ms
		OnDemandSchedulerStart: 7.116ms
	PostProcessAllAssets: 252.257ms
	Hotreload: 5.583ms
	GatherAllCurrentPrimaryArtifactRevisions: 1.199ms
	UnloadStreamsBegin: 0.430ms
	PersistCurrentRevisions: 2.175ms
	UnloadStreamsEnd: 0.062ms
	Untracked: -176.159ms
Refreshing native plugins compatible for Editor in 3.55 ms, found 0 plugins.
Preloading 0 native plugins for Editor in 0.00 ms.
Asset Pipeline Refresh (id=9f3adaa6f8bc4528298bc371c099eff4): Total: 0.044 seconds - Initiated by StopAssetImportingV2(NoUpdateAssetOptions)
Refreshing native plugins compatible for Editor in 3.65 ms, found 0 plugins.
Preloading 0 native plugins for Editor in 0.00 ms.
Asset Pipeline Refresh (id=a4c8be979ae3279ac9e2811ca9f4930a): Total: 0.098 seconds - Initiated by StopAssetImportingV2(NoUpdateAssetOptions)
[PhysX] Initialized MultithreadedTaskDispatcher with 2 workers.
Unloading 0 Unused Serialized files (Serialized files now loaded: 0)
Unloading 55 unused Assets / (28.4 KB). Loaded Objects now: 5294.
Memory consumption went from 130.5 MB to 130.5 MB.
Total: 16.234924 ms (FindLiveObjects: 0.410927 ms CreateObjectMapping: 0.173370 ms MarkObjects: 15.456075 ms  DeleteObjects: 0.192579 ms)

Start importing ProjectSettings/GraphicsSettings.asset using Guid(00000000000000006100000000000000) Importer(-1,00000000000000000000000000000000) [PhysX] Initialized MultithreadedTaskDispatcher with 2 workers.
 -> (artifact id: '393ba321fb0a56a7fbdb73a2445c2aa3') in 0.007001 seconds
Refreshing native plugins compatible for Editor in 3.44 ms, found 0 plugins.
Preloading 0 native plugins for Editor in 0.00 ms.
Asset Pipeline Refresh (id=84b4ce3006116d303849178235f873be): Total: 0.066 seconds - Initiated by StopAssetImportingV2(NoUpdateAssetOptions)
Start importing Assets/_Project/Scenes/SocialClub.unity using Guid(2549de47b4e349122947692eeca1bc43) Importer(-1,00000000000000000000000000000000) [PhysX] Initialized MultithreadedTaskDispatcher with 2 workers.
 -> (artifact id: 'efc76f0a77d8dde83b720fa3e384ec33') in 0.002399 seconds
Refreshing native plugins compatible for Editor in 4.10 ms, found 0 plugins.
Preloading 0 native plugins for Editor in 0.00 ms.
Asset Pipeline Refresh (id=af3f35efa93276ceeb84839e812c5265): Total: 0.072 seconds - Initiated by StopAssetImportingV2(NoUpdateAssetOptions)
[BuildSocialClub] Scene saved to Assets/_Project/Scenes/SocialClub.unity
UnityEngine.StackTraceUtility:ExtractStackTrace () (at /home/bokken/build/output/unity/unity/Runtime/Export/Scripting/StackTrace.cs:37)
UnityEngine.DebugLogHandler:LogFormat (UnityEngine.LogType,UnityEngine.Object,string,object[])
UnityEngine.Logger:Log (UnityEngine.LogType,object)
UnityEngine.Debug:Log (object)
BuildSocialClub:Build () (at Assets/Editor/BuildSocialClub.cs:61)
BuildSocialClub:BuildWebGL () (at Assets/Editor/BuildSocialClub.cs:67)

(Filename: Assets/Editor/BuildSocialClub.cs Line: 61)

[ServicesCore]: To use Unity's dashboard services, you need to link your Unity project to a project ID. To do this, go to Project Settings to select your organization, select your project and then link a project ID. You also need to make sure your organization has access to the required products. Visit https://dashboard.unity3d.com to sign up.
UnityEngine.StackTraceUtility:ExtractStackTrace () (at /home/bokken/build/output/unity/unity/Runtime/Export/Scripting/StackTrace.cs:37)
UnityEngine.DebugLogHandler:LogFormat (UnityEngine.LogType,UnityEngine.Object,string,object[])
UnityEngine.Logger:LogWarning (string,object)
Unity.Services.Core.Internal.CoreLogger:LogWarning (object) (at ./Library/PackageCache/com.unity.services.core@1.14.0/Runtime/Core.Internal/Logging/CoreLogger.cs:15)
Unity.Services.Core.Editor.ProjectUnlinkBuildWarning:OnPreprocessBuild (UnityEditor.Build.Reporting.BuildReport) (at ./Library/PackageCache/com.unity.services.core@1.14.0/Editor/Core/Build/ProjectUnlinkBuildWarning.cs:29)
UnityEditor.Build.BuildPipelineInterfaces/<>c__DisplayClass16_0:<OnBuildPreProcess>b__1 (UnityEditor.Build.IPreprocessBuildWithReport) (at /home/bokken/build/output/unity/unity/Editor/Mono/BuildPipeline/BuildPipelineInterfaces.cs:499)
UnityEditor.Build.BuildPipelineInterfaces:InvokeCallbackInterfacesPair<UnityEditor.Build.IPreprocessBuild, UnityEditor.Build.IPreprocessBuildWithReport> (System.Collections.Generic.List`1<UnityEditor.Build.IPreprocessBuild>,System.Action`1<UnityEditor.Build.IPreprocessBuild>,System.Collections.Generic.List`1<UnityEditor.Build.IPreprocessBuildWithReport>,System.Action`1<UnityEditor.Build.IPreprocessBuildWithReport>,bool) (at /home/bokken/build/output/unity/unity/Editor/Mono/BuildPipeline/BuildPipelineInterfaces.cs:465)
UnityEditor.Build.BuildPipelineInterfaces:OnBuildPreProcess (UnityEditor.Build.Reporting.BuildReport) (at /home/bokken/build/output/unity/unity/Editor/Mono/BuildPipeline/BuildPipelineInterfaces.cs:497)
UnityEditor.BuildPipeline:BuildPlayerInternal (string[],string,string,UnityEditor.BuildTargetGroup,UnityEditor.BuildTarget,int,UnityEditor.BuildOptions,string[]) (at /home/bokken/build/output/unity/unity/Editor/Mono/BuildPipeline.bindings.cs:531)
UnityEditor.BuildPipeline:BuildPlayer (string[],string,string,UnityEditor.BuildTargetGroup,UnityEditor.BuildTarget,int,UnityEditor.BuildOptions,string[]) (at /home/bokken/build/output/unity/unity/Editor/Mono/BuildPipeline.bindings.cs:396)
UnityEditor.BuildPipeline:BuildPlayer (UnityEditor.BuildPlayerOptions) (at /home/bokken/build/output/unity/unity/Editor/Mono/BuildPipeline.bindings.cs:342)
BuildSocialClub:BuildWebGL () (at Assets/Editor/BuildSocialClub.cs:84)

(Filename: ./Library/PackageCache/com.unity.services.core@1.14.0/Editor/Core/Build/ProjectUnlinkBuildWarning.cs Line: 29)

Start importing ProjectSettings/ProjectSettings.asset using Guid(00000000000000004000000000000000) Importer(-1,00000000000000000000000000000000) [PhysX] Initialized MultithreadedTaskDispatcher with 2 workers.
 -> (artifact id: '2586bb7833ac3fbfbb2461cdf12f4096') in 0.002652 seconds
Start importing ProjectSettings/UnityConnectSettings.asset using Guid(0000000000000000a100000000000000) Importer(-1,00000000000000000000000000000000) [PhysX] Initialized MultithreadedTaskDispatcher with 2 workers.
 -> (artifact id: '751ea97dea4b7be99f4598e1eb1c0f1b') in 0.002063 seconds
Start importing Assets/_Project/Settings/URP.asset using Guid(25de41549e54a1d95bc1406c72cf9d38) Importer(-1,00000000000000000000000000000000) [PhysX] Initialized MultithreadedTaskDispatcher with 2 workers.
 -> (artifact id: 'a28436161df03d638cee73f6af1d5fa7') in 0.002405 seconds
Refreshing native plugins compatible for Editor in 3.53 ms, found 0 plugins.
Preloading 0 native plugins for Editor in 0.00 ms.
Asset Pipeline Refresh (id=fe77e9f7d1b214fb082d3cbcf493d42d): Total: 0.041 seconds - Initiated by StopAssetImportingV2(NoUpdateAssetOptions)
Launched and connected shader compiler UnityShaderCompiler after 0.14 seconds
[40m[32minfo[39m[22m[49m: Microsoft.AspNetCore.Hosting.Diagnostics[1]
      Request starting HTTP/2 POST http://ilpp/UnityILPP.PostProcessing/Ping application/grpc -
[40m[32minfo[39m[22m[49m: Microsoft.AspNetCore.Routing.EndpointMiddleware[0]
      Executing endpoint 'gRPC - /UnityILPP.PostProcessing/Ping'
[40m[32minfo[39m[22m[49m: Microsoft.AspNetCore.Routing.EndpointMiddleware[1]
      Executed endpoint 'gRPC - /UnityILPP.PostProcessing/Ping'
[40m[32minfo[39m[22m[49m: Microsoft.AspNetCore.Hosting.Diagnostics[2]
      Request finished HTTP/2 POST http://ilpp/UnityILPP.PostProcessing/Ping application/grpc - - 200 - application/grpc 0.3734ms
Starting: /home/hatch/workspace/unity-setup/Unity-2022.3.62f3/Editor/Data/bee_backend --ipc --defer-dag-verification --dagfile="Library/Bee/2000b0aESkipCompile.dag" --continue-on-failure --profile="Library/Bee/backend1.traceevents" ScriptAssembliesAndTypeDB
WorkingDir: /home/hatch/workspace/cod-mobile
ExitCode: 0 Duration: 2s9ms
[2/3        1s] BuildPlayerDataGenerator Library/BuildPlayerData/Editor/TypeDb-All.json
*** Tundra build success (1.88 seconds), 1 items updated, 3 evaluated
Total cache size 84474764
Total cache size after purge 84474764
Asset Pipeline Refresh (id=1f55346748263f9a883292263e680647): Total: 0.172 seconds - Initiated by RefreshV2(NoUpdateAssetOptions)
[ScriptCompilation] Requested script compilation because: Recompiling scripts for player build.
BuildPlayer: start building target 20
[40m[32minfo[39m[22m[49m: Microsoft.AspNetCore.Hosting.Diagnostics[1]
      Request starting HTTP/2 POST http://ilpp/UnityILPP.PostProcessing/Ping application/grpc -
[40m[32minfo[39m[22m[49m: Microsoft.AspNetCore.Routing.EndpointMiddleware[0]
      Executing endpoint 'gRPC - /UnityILPP.PostProcessing/Ping'
[40m[32minfo[39m[22m[49m: Microsoft.AspNetCore.Routing.EndpointMiddleware[1]
      Executed endpoint 'gRPC - /UnityILPP.PostProcessing/Ping'
[40m[32minfo[39m[22m[49m: Microsoft.AspNetCore.Hosting.Diagnostics[2]
      Request finished HTTP/2 POST http://ilpp/UnityILPP.PostProcessing/Ping application/grpc - - 200 - application/grpc 0.3377ms
Starting: /home/hatch/workspace/unity-setup/Unity-2022.3.62f3/Editor/Data/bee_backend --ipc --defer-dag-verification --dagfile="Library/Bee/2000b0aP.dag" --continue-on-failure --profile="Library/Bee/backend1.traceevents" ScriptAssembliesAndTypeDB
WorkingDir: /home/hatch/workspace/cod-mobile
[40m[32minfo[39m[22m[49m: Microsoft.AspNetCore.Hosting.Diagnostics[1]
      Request starting HTTP/2 POST http://ilpp/UnityILPP.PostProcessing/ConfigurePostProcessors application/grpc -
[40m[32minfo[39m[22m[49m: Microsoft.AspNetCore.Routing.EndpointMiddleware[0]
      Executing endpoint 'gRPC - /UnityILPP.PostProcessing/ConfigurePostProcessors'
[40m[32minfo[39m[22m[49m: Unity.ILPP.Runner.PostProcessingAssemblyLoadContext[0]
      ALC ILPP context 1 is unloading
[40m[1m[33mwarn[39m[22m[49m: Unity.ILPP.Runner.PostProcessingAssemblyLoadContext[0]
      Assembly system.runtime.interopservices.windowsruntime has duplicate hint path. Ignoring "/home/hatch/workspace/unity-setup/Unity-2022.3.62f3/Editor/Data/UnityReferenceAssemblies/unity-4.8-api/Facades/System.Runtime.InteropServices.WindowsRuntime.dll" in favor of "/home/hatch/workspace/unity-setup/Unity-2022.3.62f3/Editor/Data/NetStandard/Extensions/2.0.0/System.Runtime.InteropServices.WindowsRuntime.dll"
[40m[1m[33mwarn[39m[22m[49m: Unity.ILPP.Runner.PostProcessingAssemblyLoadContext[0]
      Assembly system.componentmodel.composition has duplicate hint path. Ignoring "/home/hatch/workspace/unity-setup/Unity-2022.3.62f3/Editor/Data/UnityReferenceAssemblies/unity-4.8-api/System.ComponentModel.Composition.dll" in favor of "/home/hatch/workspace/unity-setup/Unity-2022.3.62f3/Editor/Data/NetStandard/compat/2.1.0/shims/netfx/System.ComponentModel.Composition.dll"
[40m[32minfo[39m[22m[49m: Unity.ILPP.Runner.PostProcessingAssemblyLoadContext[0]
      Resolved Unity.Burst.Cecil, Version=0.11.4.0, Culture=neutral, PublicKeyToken=50cebf1cceb9d05e with Library/PackageCache/com.unity.burst@1.8.21/Unity.Burst.CodeGen/Unity.Burst.Cecil.dll
[40m[32minfo[39m[22m[49m: Microsoft.AspNetCore.Routing.EndpointMiddleware[1]
      Executed endpoint 'gRPC - /UnityILPP.PostProcessing/ConfigurePostProcessors'
[40m[32minfo[39m[22m[49m: Microsoft.AspNetCore.Hosting.Diagnostics[2]
      Request finished HTTP/2 POST http://ilpp/UnityILPP.PostProcessing/ConfigurePostProcessors application/grpc - - 200 - application/grpc 10.3865ms
Starting: /home/hatch/workspace/unity-setup/Unity-2022.3.62f3/Editor/Data/Tools/netcorerun/netcorerun "/home/hatch/workspace/unity-setup/Unity-2022.3.62f3/Editor/Data/Tools/BuildPipeline/ScriptCompilationBuildProgram.exe" "Library/Bee/2000b0aP.dag.json" "Library/Bee/2000b0aP-inputdata.json" "Library/Bee/buildprogram0.traceevents"
WorkingDir: /home/hatch/workspace/cod-mobile
ExitCode: 4 Duration: 0s761ms
[522/671    0s] ILPP-Configuration Library/ilpp-configuration.nevergeneratedoutput
Rebuilding DAG because FileSignature timestamp changed: Library/Bee/2000b0aP-inputdata.json
*** Tundra requires additional run (0.61 seconds), 2 items updated, 527 evaluated
ExitCode: 0 Duration: 0s716ms
Starting: /home/hatch/workspace/unity-setup/Unity-2022.3.62f3/Editor/Data/bee_backend --ipc --defer-dag-verification --dagfile="Library/Bee/2000b0aP.dag" --continue-on-failure --dagfilejson="Library/Bee/2000b0aP.dag.json" --profile="Library/Bee/backend2.traceevents" ScriptAssembliesAndTypeDB
WorkingDir: /home/hatch/workspace/cod-mobile
[40m[32minfo[39m[22m[49m: Microsoft.AspNetCore.Hosting.Diagnostics[1]
      Request starting HTTP/2 POST http://ilpp/UnityILPP.PostProcessing/ConfigurePostProcessors application/grpc -
[40m[32minfo[39m[22m[49m: Microsoft.AspNetCore.Routing.EndpointMiddleware[0]
      Executing endpoint 'gRPC - /UnityILPP.PostProcessing/ConfigurePostProcessors'
[40m[32minfo[39m[22m[49m: Unity.ILPP.Runner.PostProcessingAssemblyLoadContext[0]
      Current configuration matches the requested one, skipping
[40m[32minfo[39m[22m[49m: Microsoft.AspNetCore.Routing.EndpointMiddleware[1]
      Executed endpoint 'gRPC - /UnityILPP.PostProcessing/ConfigurePostProcessors'
[40m[32minfo[39m[22m[49m: Microsoft.AspNetCore.Hosting.Diagnostics[2]
      Request finished HTTP/2 POST http://ilpp/UnityILPP.PostProcessing/ConfigurePostProcessors application/grpc - - 200 - application/grpc 1.1308ms
[40m[32minfo[39m[22m[49m: Microsoft.AspNetCore.Hosting.Diagnostics[1]
      Request starting HTTP/2 POST http://ilpp/UnityILPP.PostProcessing/PostProcessAssembly application/grpc -
[40m[32minfo[39m[22m[49m: Microsoft.AspNetCore.Routing.EndpointMiddleware[0]
      Executing endpoint 'gRPC - /UnityILPP.PostProcessing/PostProcessAssembly'
[40m[32minfo[39m[22m[49m: Unity.ILPP.Runner.PostProcessingPipeline[0]
      Processing assembly Library/Bee/artifacts/2000b0aP.dag/Assembly-CSharp.dll, with 92 defines and 218 references
[40m[32minfo[39m[22m[49m: Unity.ILPP.Runner.PostProcessingPipeline[0]
      processors: zzzUnity.Burst.CodeGen.BurstILPostProcessor
[40m[32minfo[39m[22m[49m: Unity.ILPP.Runner.PostProcessingPipeline[0]
      running zzzUnity.Burst.CodeGen.BurstILPostProcessor
[40m[32minfo[39m[22m[49m: Unity.ILPP.Runner.PostProcessingAssemblyLoadContext[0]
      Resolved Unity.Burst.Cecil.Rocks, Version=0.11.4.0, Culture=neutral, PublicKeyToken=50cebf1cceb9d05e with Library/PackageCache/com.unity.burst@1.8.21/Unity.Burst.CodeGen/Unity.Burst.Cecil.Rocks.dll
[40m[32minfo[39m[22m[49m: Microsoft.AspNetCore.Routing.EndpointMiddleware[1]
      Executed endpoint 'gRPC - /UnityILPP.PostProcessing/PostProcessAssembly'
[40m[32minfo[39m[22m[49m: Microsoft.AspNetCore.Hosting.Diagnostics[2]
      Request finished HTTP/2 POST http://ilpp/UnityILPP.PostProcessing/PostProcessAssembly application/grpc - - 200 - application/grpc 409.6725ms
ExitCode: 0 Duration: 2s518ms
Finished compiling graph: 672 nodes, 7215 flattened edges (5811 ToBuild, 106 ToUse), maximum node priority 429
[519/671    0s] WriteText Library/Bee/artifacts/2000b0aP.dag/Assembly-CSharp.rsp
[522/671    0s] ILPP-Configuration Library/ilpp-configuration.nevergeneratedoutput
[573/671    0s] CopyFiles Library/Bee/PlayerScriptAssemblies/Unity.Services.Core.Scheduler.dll
[574/671    0s] CopyFiles Library/Bee/PlayerScriptAssemblies/UnityEngine.Advertisements.dll
[575/671    0s] CopyFiles Library/Bee/PlayerScriptAssemblies/UnityEngine.Purchasing.SecurityStub.dll
[576/671    0s] CopyFiles Library/Bee/PlayerScriptAssemblies/UnityEngine.Purchasing.WinRTCore.dll
[577/671    0s] CopyFiles Library/Bee/PlayerScriptAssemblies/Unity.Services.Core.Components.dll
[578/671    0s] CopyFiles Library/Bee/PlayerScriptAssemblies/Unity.InputSystem.ForUI.dll
[579/671    0s] CopyFiles Library/Bee/PlayerScriptAssemblies/Unity.RenderPipelines.Core.ShaderLibrary.dll
[580/671    0s] CopyFiles Library/Bee/PlayerScriptAssemblies/UnityEngine.Purchasing.Stores.dll
[581/671    0s] CopyFiles Library/Bee/PlayerScriptAssemblies/Unity.Analytics.DataPrivacy.dll
[582/671    0s] CopyFiles Library/Bee/PlayerScriptAssemblies/Unity.Services.Core.Internal.dll
[583/671    0s] CopyFiles Library/Bee/PlayerScriptAssemblies/UnityEngine.Purchasing.WinRTStub.dll
[584/671    0s] CopyFiles Library/Bee/PlayerScriptAssemblies/Unity.Services.Core.Telemetry.dll
[585/671    0s] CopyFiles Library/Bee/PlayerScriptAssemblies/Unity.TextMeshPro.dll
[586/671    0s] CopyFiles Library/Bee/PlayerScriptAssemblies/Unity.Services.Core.Analytics.dll
[587/671    0s] CopyFiles Library/Bee/PlayerScriptAssemblies/Unity.Burst.dll
[588/671    0s] CopyFiles Library/Bee/PlayerScriptAssemblies/Unity.RenderPipelines.Universal.Config.Runtime.dll
[589/671    0s] CopyFiles Library/Bee/PlayerScriptAssemblies/UnityEngine.UI.dll
[590/671    0s] CopyFiles Library/Bee/PlayerScriptAssemblies/Unity.RenderPipelines.Universal.Shaders.dll
[591/671    0s] CopyFiles Library/Bee/PlayerScriptAssemblies/Unity.RenderPipeline.Universal.ShaderLibrary.dll
[592/671    0s] CopyFiles Library/Bee/PlayerScriptAssemblies/Unity.AI.Navigation.dll
[593/671    0s] CopyFiles Library/Bee/PlayerScriptAssemblies/UnityEngine.TestRunner.dll
[594/671    0s] CopyFiles Library/Bee/PlayerScriptAssemblies/Purchasing.Common.dll
[595/671    0s] CopyFiles Library/Bee/PlayerScriptAssemblies/Unity.RenderPipelines.ShaderGraph.ShaderGraphLibrary.dll
[596/671    0s] CopyFiles Library/Bee/PlayerScriptAssemblies/UnityEngine.Purchasing.AppleStub.dll
[597/671    0s] CopyFiles Library/Bee/PlayerScriptAssemblies/UnityEngine.Purchasing.Codeless.dll
[598/671    0s] CopyFiles Library/Bee/PlayerScriptAssemblies/UnityEngine.Purchasing.AppleMacosStub.dll
[599/671    0s] CopyFiles Library/Bee/PlayerScriptAssemblies/UnityEngine.XR.LegacyInputHelpers.dll
[600/671    0s] CopyFiles Library/Bee/PlayerScriptAssemblies/Unity.Services.Core.Threading.dll
[601/671    0s] CopyFiles Library/Bee/PlayerScriptAssemblies/UnityEngine.Purchasing.dll
[602/671    0s] CopyFiles Library/Bee/PlayerScriptAssemblies/Unity.Timeline.dll
[603/671    0s] CopyFiles Library/Bee/PlayerScriptAssemblies/UnityEngine.Purchasing.AppleCore.dll
[604/671    0s] CopyFiles Library/Bee/PlayerScriptAssemblies/Unity.Services.Core.Networking.dll
[605/671    0s] CopyFiles Library/Bee/PlayerScriptAssemblies/Unity.RenderPipelines.Core.Runtime.dll
[606/671    0s] CopyFiles Library/Bee/PlayerScriptAssemblies/Unity.Services.Core.dll
[607/671    0s] CopyFiles Library/Bee/PlayerScriptAssemblies/Unity.Services.Core.Device.dll
[608/671    0s] CopyFiles Library/Bee/PlayerScriptAssemblies/UnityEngine.SpatialTracking.dll
[609/671    0s] CopyFiles Library/Bee/PlayerScriptAssemblies/UnityEngine.Purchasing.SecurityCore.dll
[610/671    0s] CopyFiles Library/Bee/PlayerScriptAssemblies/Unity.Mathematics.dll
[611/671    0s] CopyFiles Library/Bee/PlayerScriptAssemblies/Unity.Services.Core.Configuration.dll
[612/671    0s] CopyFiles Library/Bee/PlayerScriptAssemblies/Unity.Services.Analytics.dll
[613/671    0s] CopyFiles Library/Bee/PlayerScriptAssemblies/Unity.Services.Core.Registration.dll
[614/671    0s] CopyFiles Library/Bee/PlayerScriptAssemblies/Unity.Services.Core.Environments.dll
[615/671    0s] CopyFiles Library/Bee/PlayerScriptAssemblies/Unity.InputSystem.dll
[616/671    0s] CopyFiles Library/Bee/PlayerScriptAssemblies/Unity.RenderPipelines.Universal.Runtime.dll
[617/671    0s] CopyFiles Library/Bee/PlayerScriptAssemblies/Unity.Services.Core.Environments.Internal.dll
[618/671    0s] CopyFiles Library/Bee/PlayerScriptAssemblies/Unity.RenderPipelines.Universal.2D.Internal.dll
[619/671    0s] CopyFiles Library/Bee/PlayerScriptAssemblies/UnityEngine.Purchasing.pdb
[620/671    0s] CopyFiles Library/Bee/PlayerScriptAssemblies/UnityEngine.Purchasing.SecurityStub.pdb
[621/671    0s] CopyFiles Library/Bee/PlayerScriptAssemblies/Unity.TextMeshPro.pdb
[622/671    0s] CopyFiles Library/Bee/PlayerScriptAssemblies/Unity.InputSystem.ForUI.pdb
[623/671    0s] CopyFiles Library/Bee/PlayerScriptAssemblies/Unity.Mathematics.pdb
[624/671    0s] CopyFiles Library/Bee/PlayerScriptAssemblies/Unity.Analytics.DataPrivacy.pdb
[625/671    0s] CopyFiles Library/Bee/PlayerScriptAssemblies/UnityEngine.SpatialTracking.pdb
[626/671    0s] CopyFiles Library/Bee/PlayerScriptAssemblies/Unity.Services.Core.Internal.pdb
[627/671    0s] CopyFiles Library/Bee/PlayerScriptAssemblies/Unity.RenderPipelines.Universal.Runtime.pdb
[628/671    0s] CopyFiles Library/Bee/PlayerScriptAssemblies/Unity.RenderPipelines.Universal.2D.Internal.pdb
[629/671    0s] CopyFiles Library/Bee/PlayerScriptAssemblies/Unity.Services.Core.Components.pdb
[630/671    0s] CopyFiles Library/Bee/PlayerScriptAssemblies/Unity.Services.Core.Threading.pdb
[631/671    0s] CopyFiles Library/Bee/PlayerScriptAssemblies/Unity.Services.Core.Device.pdb
[632/671    0s] CopyFiles Library/Bee/PlayerScriptAssemblies/Unity.Services.Core.Environments.pdb
[633/671    0s] CopyFiles Library/Bee/PlayerScriptAssemblies/Unity.Services.Core.Environments.Internal.pdb
[634/671    0s] CopyFiles Library/Bee/PlayerScriptAssemblies/UnityEngine.Purchasing.Stores.pdb
[635/671    0s] CopyFiles Library/Bee/PlayerScriptAssemblies/Unity.Services.Core.Configuration.pdb
[636/671    0s] CopyFiles Library/Bee/PlayerScriptAssemblies/UnityEngine.Purchasing.SecurityCore.pdb
[637/671    0s] CopyFiles Library/Bee/PlayerScriptAssemblies/Purchasing.Common.pdb
[638/671    0s] CopyFiles Library/Bee/PlayerScriptAssemblies/Unity.Services.Analytics.pdb
[639/671    0s] CopyFiles Library/Bee/PlayerScriptAssemblies/UnityEngine.Purchasing.WinRTStub.pdb
[640/671    0s] CopyFiles Library/Bee/PlayerScriptAssemblies/UnityEngine.Purchasing.AppleMacosStub.pdb
[641/671    0s] CopyFiles Library/Bee/PlayerScriptAssemblies/Unity.RenderPipelines.ShaderGraph.ShaderGraphLibrary.pdb
[642/671    0s] CopyFiles Library/Bee/PlayerScriptAssemblies/Unity.Services.Core.pdb
[643/671    0s] CopyFiles Library/Bee/PlayerScriptAssemblies/Unity.Services.Core.Telemetry.pdb
[644/671    0s] CopyFiles Library/Bee/PlayerScriptAssemblies/UnityEngine.Purchasing.Codeless.pdb
[645/671    0s] CopyFiles Library/Bee/PlayerScriptAssemblies/UnityEngine.XR.LegacyInputHelpers.pdb
[646/671    0s] CopyFiles Library/Bee/PlayerScriptAssemblies/Unity.Services.Core.Scheduler.pdb
[647/671    0s] CopyFiles Library/Bee/PlayerScriptAssemblies/UnityEngine.TestRunner.pdb
[648/671    0s] CopyFiles Library/Bee/PlayerScriptAssemblies/Unity.RenderPipelines.Core.Runtime.pdb
[649/671    0s] CopyFiles Library/Bee/PlayerScriptAssemblies/Unity.RenderPipelines.Core.ShaderLibrary.pdb
[650/671    0s] CopyFiles Library/Bee/PlayerScriptAssemblies/Unity.Services.Core.Registration.pdb
[651/671    0s] CopyFiles Library/Bee/PlayerScriptAssemblies/Unity.RenderPipelines.Universal.Config.Runtime.pdb
[652/671    0s] CopyFiles Library/Bee/PlayerScriptAssemblies/Unity.InputSystem.pdb
[653/671    0s] CopyFiles Library/Bee/PlayerScriptAssemblies/UnityEngine.Purchasing.WinRTCore.pdb
[654/671    0s] CopyFiles Library/Bee/PlayerScriptAssemblies/Unity.Services.Core.Analytics.pdb
[655/671    0s] CopyFiles Library/Bee/PlayerScriptAssemblies/Unity.Burst.pdb
[656/671    0s] CopyFiles Library/Bee/PlayerScriptAssemblies/Unity.RenderPipeline.Universal.ShaderLibrary.pdb
[657/671    0s] CopyFiles Library/Bee/PlayerScriptAssemblies/UnityEngine.UI.pdb
[658/671    0s] CopyFiles Library/Bee/PlayerScriptAssemblies/UnityEngine.Purchasing.AppleCore.pdb
[659/671    0s] CopyFiles Library/Bee/PlayerScriptAssemblies/Unity.Services.Core.Networking.pdb
[660/671    0s] CopyFiles Library/Bee/PlayerScriptAssemblies/Unity.Timeline.pdb
[661/671    0s] CopyFiles Library/Bee/PlayerScriptAssemblies/UnityEngine.Purchasing.AppleStub.pdb
[662/671    0s] CopyFiles Library/Bee/PlayerScriptAssemblies/Unity.AI.Navigation.pdb
[663/671    0s] CopyFiles Library/Bee/PlayerScriptAssemblies/Unity.RenderPipelines.Universal.Shaders.pdb
[664/671    0s] CopyFiles Library/Bee/PlayerScriptAssemblies/UnityEngine.Advertisements.pdb
[665/671    0s] Csc Library/Bee/artifacts/2000b0aP.dag/Assembly-CSharp.dll (+2 others)
[666/671    0s] ILPostProcess Library/Bee/artifacts/2000b0aP.dag/post-processed/Assembly-CSharp.dll (+pdb)
Processing assembly Library/Bee/artifacts/2000b0aP.dag/Assembly-CSharp.dll, with 92 defines and 218 references
processors: zzzUnity.Burst.CodeGen.BurstILPostProcessor
running zzzUnity.Burst.CodeGen.BurstILPostProcessor
[667/671    0s] CopyFiles Library/Bee/PlayerScriptAssemblies/Assembly-CSharp.dll
[668/671    0s] CopyFiles Library/Bee/PlayerScriptAssemblies/Assembly-CSharp.pdb
[670/671    1s] BuildPlayerDataGenerator Library/BuildPlayerData/Player/RuntimeInitializeOnLoads.json (+1 other)
*** Tundra build success (2.48 seconds), 99 items updated, 671 evaluated
Total cache size 84474764
Total cache size after purge 84474764
Rebuilding Data files because Assets/_Project/Scenes/SocialClub.unity is dirty (hash)
Asset Pipeline Refresh (id=88e29d41654ec5a7581e6c2cc9c9c49f): Total: 0.238 seconds - Initiated by RefreshV2(NoUpdateAssetOptions)
Opening scene 'Assets/_Project/Scenes/SocialClub.unity'
[PhysX] Initialized MultithreadedTaskDispatcher with 2 workers.
Unloading 2 Unused Serialized files (Serialized files now loaded: 0)
Loaded scene 'Assets/_Project/Scenes/SocialClub.unity'
	Deserialize:            8.017 ms
	Integration:            239.186 ms
	Integration of assets:  0.036 ms
	Thread Wait Time:       0.018 ms
	Total Operation Time:   247.256 ms
Unloading 87 unused Assets / (0.8 MB). Loaded Objects now: 5579.
Memory consumption went from 131.6 MB to 130.7 MB.
Total: 23.739135 ms (FindLiveObjects: 0.981153 ms CreateObjectMapping: 0.214762 ms MarkObjects: 20.835178 ms  DeleteObjects: 1.706672 ms)

Created GICache directory at /home/hatch/.cache/unity3d/GiCache. Took: 0.013s, timestamps: [45.929 - 45.943]
gi::BakeBackendSwitch: switching bake backend from 3 to 1.
GfxDevice renderer is null. Unity cannot update the Ambient Probe and Reflection Probes that the SkyManager generates. Run the Editor without the -nographics argument or generate lighting for your scene.
UnityEngine.StackTraceUtility:ExtractStackTrace () (at /home/bokken/build/output/unity/unity/Runtime/Export/Scripting/StackTrace.cs:37)
UnityEditor.BuildPipeline:BuildPlayerInternal (string[],string,string,UnityEditor.BuildTargetGroup,UnityEditor.BuildTarget,int,UnityEditor.BuildOptions,string[]) (at /home/bokken/build/output/unity/unity/Editor/Mono/BuildPipeline.bindings.cs:531)
UnityEditor.BuildPipeline:BuildPlayer (string[],string,string,UnityEditor.BuildTargetGroup,UnityEditor.BuildTarget,int,UnityEditor.BuildOptions,string[]) (at /home/bokken/build/output/unity/unity/Editor/Mono/BuildPipeline.bindings.cs:396)
UnityEditor.BuildPipeline:BuildPlayer (UnityEditor.BuildPlayerOptions) (at /home/bokken/build/output/unity/unity/Editor/Mono/BuildPipeline.bindings.cs:342)
BuildSocialClub:BuildWebGL () (at Assets/Editor/BuildSocialClub.cs:84)

[/home/bokken/build/output/unity/unity/Editor/Mono/BuildPipeline.bindings.cs line 531]



Mono dependencies included in the build
Dependency assembly - System.Core.dll
Dependency assembly - System.Web.ApplicationServices.dll
Dependency assembly - System.Console.dll
Dependency assembly - System.Runtime.Serialization.Formatters.Soap.dll
Dependency assembly - System.IO.FileSystem.AccessControl.dll
Dependency assembly - Accessibility.dll
Dependency assembly - System.IO.IsolatedStorage.dll
Dependency assembly - System.Runtime.InteropServices.dll
Dependency assembly - System.Security.Cryptography.DeriveBytes.dll
Dependency assembly - System.Security.Cryptography.Encryption.dll
Dependency assembly - System.ServiceModel.Web.dll
Dependency assembly - System.IO.UnmanagedMemoryStream.dll
Dependency assembly - System.ServiceModel.Security.dll
Dependency assembly - System.EnterpriseServices.dll
Dependency assembly - System.Security.Cryptography.Encryption.ECDsa.dll
Dependency assembly - System.Xml.Serialization.dll
Dependency assembly - System.Web.Services.dll
Dependency assembly - System.Security.Cryptography.X509Certificates.dll
Dependency assembly - System.Data.Common.dll
Dependency assembly - System.ComponentModel.Composition.dll
Dependency assembly - System.Net.dll
Dependency assembly - System.Threading.dll
Dependency assembly - Unity.RenderPipelines.Core.ShaderLibrary.dll
Dependency assembly - UnityEngine.Advertisements.dll
Dependency assembly - Microsoft.Win32.Registry.AccessControl.dll
Dependency assembly - System.Linq.dll
Dependency assembly - Unity.RenderPipeline.Universal.ShaderLibrary.dll
Dependency assembly - Unity.Timeline.dll
Dependency assembly - System.Collections.Specialized.dll
Dependency assembly - System.Windows.Forms.DataVisualization.dll
Dependency assembly - System.Threading.ThreadPool.dll
Dependency assembly - System.Reflection.TypeExtensions.dll
Dependency assembly - System.Xml.Xsl.Primitives.dll
Dependency assembly - System.Net.Primitives.dll
Dependency assembly - System.Runtime.Numerics.dll
Dependency assembly - System.Runtime.InteropServices.RuntimeInformation.dll
Dependency assembly - System.DirectoryServices.Protocols.dll
Dependency assembly - System.Runtime.InteropServices.WindowsRuntime.dll
Dependency assembly - System.Threading.Timer.dll
Dependency assembly - mscorlib.dll
Dependency assembly - System.IO.dll
Dependency assembly - System.Security.Cryptography.Encoding.dll
Dependency assembly - System.Security.Cryptography.Cng.dll
Dependency assembly - System.Runtime.Serialization.Xml.dll
Dependency assembly - System.Reflection.Extensions.dll
Dependency assembly - System.Threading.Tasks.dll
Dependency assembly - System.Reflection.Primitives.dll
Dependency assembly - System.Globalization.Calendars.dll
Dependency assembly - System.ServiceModel.Duplex.dll
Dependency assembly - System.ServiceModel.Primitives.dll
Dependency assembly - System.Drawing.dll
Dependency assembly - System.Threading.Overlapped.dll
Dependency assembly - System.dll
Dependency assembly - System.Net.Ping.dll
Dependency assembly - UnityEngine.UI.dll
Dependency assembly - System.Security.Cryptography.Encryption.ECDiffieHellman.dll
Dependency assembly - System.Runtime.Serialization.dll
Dependency assembly - System.Net.Requests.dll
Dependency assembly - Unity.Services.Core.Analytics.dll
Dependency assembly - System.ServiceModel.Discovery.dll
Dependency assembly - System.Net.NameResolution.dll
Dependency assembly - System.Runtime.Loader.dll
Dependency assembly - System.Security.AccessControl.dll
Dependency assembly - System.ComponentModel.Primitives.dll
Dependency assembly - System.Runtime.Serialization.Formatters.dll
Dependency assembly - System.Security.Cryptography.Encryption.Aes.dll
Dependency assembly - System.Xml.XPath.dll
Dependency assembly - System.Dynamic.Runtime.dll
Dependency assembly - System.Runtime.dll
Dependency assembly - System.Runtime.DurableInstancing.dll
Dependency assembly - UnityEngine.Purchasing.AppleCore.dll
Dependency assembly - System.Security.Cryptography.ProtectedData.dll
Dependency assembly - System.Memory.dll
Dependency assembly - System.Threading.Tasks.Parallel.dll
Dependency assembly - Assembly-CSharp.dll
Dependency assembly - System.Reflection.dll
Dependency assembly - System.Text.Encoding.dll
Dependency assembly - System.Messaging.dll
Dependency assembly - System.IO.Pipes.dll
Dependency assembly - Unity.RenderPipelines.Universal.Config.Runtime.dll
Dependency assembly - System.Security.Cryptography.Primitives.dll
Dependency assembly - System.Drawing.Design.dll
Dependency assembly - System.Data.SqlClient.dll
Dependency assembly - System.Drawing.Primitives.dll
Dependency assembly - System.Windows.dll
Dependency assembly - System.IdentityModel.Selectors.dll
Dependency assembly - System.Text.Encoding.Extensions.dll
Dependency assembly - System.Data.Services.dll
Dependency assembly - System.Threading.AccessControl.dll
Dependency assembly - System.ServiceModel.Routing.dll
Dependency assembly - System.Transactions.dll
Dependency assembly - Mono.Security.dll
Dependency assembly - System.Linq.Expressions.dll
Dependency assembly - System.Diagnostics.StackTrace.dll
Dependency assembly - System.AppContext.dll
Dependency assembly - System.Data.Linq.dll
Dependency assembly - System.Diagnostics.Contracts.dll
Dependency assembly - System.ValueTuple.dll
Dependency assembly - Unity.TextMeshPro.dll
Dependency assembly - System.Numerics.Vectors.dll
Dependency assembly - System.Runtime.CompilerServices.VisualC.dll
Dependency assembly - System.Runtime.Remoting.dll
Dependency assembly - System.Reflection.Emit.dll
Dependency assembly - Purchasing.Common.dll
Dependency assembly - Unity.Services.Core.Networking.dll
Dependency assembly - UnityEngine.Purchasing.SecurityStub.dll
Dependency assembly - Unity.Services.Core.Configuration.dll
Dependency assembly - System.ObjectModel.dll
Dependency assembly - System.Security.Cryptography.Hashing.Algorithms.dll
Dependency assembly - UnityEngine.Purchasing.WinRTCore.dll
Dependency assembly - System.Runtime.Serialization.Primitives.dll
Dependency assembly - System.ServiceModel.Activation.dll
Dependency assembly - Unity.InputSystem.ForUI.dll
Dependency assembly - Microsoft.Win32.Primitives.dll
Dependency assembly - System.Text.Encoding.CodePages.dll
Dependency assembly - Mono.Data.Sqlite.dll
Dependency assembly - System.Xml.XmlDocument.dll
Dependency assembly - System.Security.dll
Dependency assembly - Unity.Services.Core.dll
Dependency assembly - System.IO.MemoryMappedFiles.dll
Dependency assembly - System.Reflection.DispatchProxy.dll
Dependency assembly - System.ServiceModel.NetTcp.dll
Dependency assembly - netstandard.dll
Dependency assembly - System.Reflection.Context.dll
Dependency assembly - System.Web.Extensions.dll
Dependency assembly - System.Security.Cryptography.RSA.dll
Dependency assembly - Unity.AI.Navigation.dll
Dependency assembly - System.ServiceModel.Http.dll
Dependency assembly - System.Security.Cryptography.Pkcs.dll
Dependency assembly - System.Configuration.dll
Dependency assembly - System.Data.OracleClient.dll
Dependency assembly - System.Diagnostics.FileVersionInfo.dll
Dependency assembly - System.Runtime.Serialization.Json.dll
Dependency assembly - System.Design.dll
Dependency assembly - System.Net.WebSockets.dll
Dependency assembly - System.Xml.XPath.XDocument.dll
Dependency assembly - Mono.Data.Tds.dll
Dependency assembly - System.Reflection.Emit.Lightweight.dll
Dependency assembly - System.Json.dll
Dependency assembly - System.Xml.XDocument.dll
Dependency assembly - System.Web.RegularExpressions.dll
Dependency assembly - System.Security.Principal.dll
Dependency assembly - System.Net.Sockets.dll
Dependency assembly - UnityEngine.SpatialTracking.dll
Dependency assembly - Unity.Burst.dll
Dependency assembly - System.Net.Http.dll
Dependency assembly - Unity.Services.Core.Scheduler.dll
Dependency assembly - System.Net.WebHeaderCollection.dll
Dependency assembly - System.Resources.Writer.dll
Dependency assembly - System.Security.Principal.Windows.dll
Dependency assembly - System.Security.Cryptography.Hashing.dll
Dependency assembly - System.IO.Compression.FileSystem.dll
Dependency assembly - System.ServiceProcess.dll
Dependency assembly - System.Runtime.Caching.dll
Dependency assembly - Unity.Analytics.DataPrivacy.dll
Dependency assembly - System.Collections.dll
Dependency assembly - Unity.Services.Core.Threading.dll
Dependency assembly - System.Resources.Reader.dll
Dependency assembly - System.IO.FileSystem.Primitives.dll
Dependency assembly - System.Net.Cache.dll
Dependency assembly - System.Configuration.Install.dll
Dependency assembly - System.ComponentModel.EventBasedAsync.dll
Dependency assembly - System.ComponentModel.TypeConverter.dll
Dependency assembly - System.IdentityModel.dll
Dependency assembly - System.Net.Http.WebRequest.dll
Dependency assembly - System.Threading.Tasks.Extensions.dll
Dependency assembly - System.Numerics.dll
Dependency assembly - System.Web.DynamicData.dll
Dependency assembly - System.ServiceModel.Internals.dll
Dependency assembly - System.Xaml.dll
Dependency assembly - System.Linq.Parallel.dll
Dependency assembly - System.Management.dll
Dependency assembly - System.Globalization.Extensions.dll
Dependency assembly - Unity.Services.Core.Components.dll
Dependency assembly - Unity.RenderPipelines.Universal.2D.Internal.dll
Dependency assembly - System.Buffers.dll
Dependency assembly - System.Diagnostics.TraceSource.dll
Dependency assembly - Unity.Services.Core.Environments.dll
Dependency assembly - System.IO.FileSystem.dll
Dependency assembly - Unity.Services.Core.Registration.dll
Dependency assembly - System.Resources.ResourceManager.dll
Dependency assembly - Microsoft.Win32.Registry.dll
Dependency assembly - System.Globalization.dll
Dependency assembly - System.Linq.Queryable.dll
Dependency assembly - System.Data.Entity.dll
Dependency assembly - Unity.RenderPipelines.Universal.Runtime.dll
Dependency assembly - System.Xml.ReaderWriter.dll
Dependency assembly - System.Net.WebSockets.Client.dll
Dependency assembly - System.Security.Cryptography.Csp.dll
Dependency assembly - System.Diagnostics.Tools.dll
Dependency assembly - System.Security.Cryptography.OpenSsl.dll
Dependency assembly - System.Diagnostics.TextWriterTraceListener.dll
Dependency assembly - UnityEngine.Purchasing.SecurityCore.dll
Dependency assembly - UnityEngine.Purchasing.Codeless.dll
Dependency assembly - Unity.Services.Core.Device.dll
Dependency assembly - Unity.RenderPipelines.Universal.Shaders.dll
Dependency assembly - Unity.Services.Core.Environments.Internal.dll
Dependency assembly - System.ServiceModel.dll
Dependency assembly - System.Xml.XPath.XmlDocument.dll
Dependency assembly - System.Xml.XmlSerializer.dll
Dependency assembly - UnityEngine.Purchasing.WinRTStub.dll
Dependency assembly - System.Net.ServicePoint.dll
Dependency assembly - System.IO.FileSystem.Watcher.dll
Dependency assembly - Unity.RenderPipelines.Core.Runtime.dll
Dependency assembly - Unity.RenderPipelines.ShaderGraph.ShaderGraphLibrary.dll
Dependency assembly - Unity.Mathematics.dll
Dependency assembly - System.Net.Utilities.dll
Dependency assembly - System.IO.FileSystem.DriveInfo.dll
Dependency assembly - System.Reflection.Emit.ILGeneration.dll
Dependency assembly - UnityEngine.XR.LegacyInputHelpers.dll
Dependency assembly - System.Text.RegularExpressions.dll
Dependency assembly - System.Web.dll
Dependency assembly - System.Runtime.Handles.dll
Dependency assembly - System.Security.SecureString.dll
Dependency assembly - Unity.Burst.Unsafe.dll
Dependency assembly - Microsoft.CSharp.dll
Dependency assembly - UnityEngine.Purchasing.Stores.dll
Dependency assembly - Unity.Services.Core.Internal.dll
Dependency assembly - System.IO.Compression.ZipFile.dll
Dependency assembly - System.Windows.Forms.dll
Dependency assembly - Unity.Services.Core.Telemetry.dll
Dependency assembly - System.Data.Services.Client.dll
Dependency assembly - Unity.Services.Analytics.dll
Dependency assembly - System.Xml.Linq.dll
Dependency assembly - System.Resources.ReaderWriter.dll
Dependency assembly - Newtonsoft.Json.dll
Dependency assembly - System.Threading.Thread.dll
Dependency assembly - UnityEngine.Purchasing.AppleStub.dll
Dependency assembly - System.Net.Security.dll
Dependency assembly - System.DirectoryServices.dll
Dependency assembly - System.Net.AuthenticationManager.dll
Dependency assembly - System.Diagnostics.TraceEvent.dll
Dependency assembly - System.ServiceProcess.ServiceController.dll
Dependency assembly - System.Diagnostics.Process.dll
Dependency assembly - UnityEngine.Purchasing.dll
Dependency assembly - System.Security.Cryptography.Algorithms.dll
Dependency assembly - System.Xml.dll
Dependency assembly - System.ComponentModel.Annotations.dll
Dependency assembly - System.Collections.Concurrent.dll
Dependency assembly - System.Net.Mail.dll
Dependency assembly - System.ComponentModel.dll
Dependency assembly - System.Collections.NonGeneric.dll
Dependency assembly - System.Diagnostics.Debug.dll
Dependency assembly - System.Security.Cryptography.RandomNumberGenerator.dll
Dependency assembly - System.Runtime.Extensions.dll
Dependency assembly - System.Data.dll
Dependency assembly - System.Web.Extensions.Design.dll
Dependency assembly - Unity.InputSystem.dll
Dependency assembly - UnityEngine.Purchasing.AppleMacosStub.dll
Dependency assembly - System.Diagnostics.Tracing.dll
Dependency assembly - System.Net.HttpListener.dll
Dependency assembly - System.IO.Compression.dll
Dependency assembly - System.ComponentModel.DataAnnotations.dll
Dependency assembly - System.Net.NetworkInformation.dll
Dependency assembly - System.Security.Claims.dll
Dependency assembly - System.Data.DataSetExtensions.dll

[PhysX] Initialized MultithreadedTaskDispatcher with 2 workers.
Unloading 54 Unused Serialized files (Serialized files now loaded: 0)
Unloading 1435 unused Assets / (1.1 MB). Loaded Objects now: 5328.
Memory consumption went from 136.0 MB to 135.0 MB.
Total: 16.916196 ms (FindLiveObjects: 0.445789 ms CreateObjectMapping: 0.238287 ms MarkObjects: 14.048202 ms  DeleteObjects: 2.182625 ms)

[EnlightenBakeManager] m_Clear = false;
Unloading 0 Unused Serialized files (Serialized files now loaded: 0)
Unloading 0 unused Assets / (0 B). Loaded Objects now: 5328.
Memory consumption went from 135.0 MB to 135.0 MB.
Total: 16.990037 ms (FindLiveObjects: 0.461854 ms CreateObjectMapping: 0.216114 ms MarkObjects: 16.298780 ms  DeleteObjects: 0.011498 ms)

[PhysX] Initialized MultithreadedTaskDispatcher with 2 workers.
Unloading 1 Unused Serialized files (Serialized files now loaded: 0)
Unloading 176 unused Assets / (129.2 MB). Loaded Objects now: 5328.
Memory consumption went from 260.9 MB to 131.8 MB.
Total: 32.225721 ms (FindLiveObjects: 0.445298 ms CreateObjectMapping: 0.208853 ms MarkObjects: 14.627612 ms  DeleteObjects: 16.942425 ms)

Compiling shader "Hidden/Universal Render Pipeline/Sampling" pass "BoxDownsample" (vp)
    Full variant space:         1
    After settings filtering:   1
    After built-in stripping:   1
    After scriptable stripping: 1
    Processed in 0.60 seconds
    starting compilation...
    finished in 0.06 seconds. Local cache hits 1 (0.06s CPU time), remote cache hits 0 (0.00s CPU time), compiled 0 variants (0.00s CPU time), skipped 0 variants
    Prepared data for serialisation in 0.00s
Serialized binary data for shader Hidden/Universal Render Pipeline/Sampling in 0.00s
    gles3 (total internal programs: 1, unique: 1)
Compiling shader "Hidden/TerrainEngine/Details/UniversalPipeline/BillboardWavingDoublePass" pass "" (vp)
    Full variant space:         61440
    After settings filtering:   256
    After built-in stripping:   2
    After scriptable stripping: 2
    Processed in 0.00 seconds
    starting compilation...
    finished in 0.00 seconds. Local cache hits 2 (0.00s CPU time), remote cache hits 0 (0.00s CPU time), compiled 0 variants (0.00s CPU time), skipped 0 variants
    Prepared data for serialisation in 0.00s
Compiling shader "Hidden/TerrainEngine/Details/UniversalPipeline/BillboardWavingDoublePass" pass "DepthOnly" (vp)
    Full variant space:         2
    After settings filtering:   2
    After built-in stripping:   1
    After scriptable stripping: 1
    Processed in 0.00 seconds
    starting compilation...
    finished in 0.00 seconds. Local cache hits 1 (0.00s CPU time), remote cache hits 0 (0.00s CPU time), compiled 0 variants (0.00s CPU time), skipped 0 variants
    Prepared data for serialisation in 0.00s
Compiling shader "Hidden/TerrainEngine/Details/UniversalPipeline/BillboardWavingDoublePass" pass "DepthNormals" (vp)
    Full variant space:         2
    After settings filtering:   2
    After built-in stripping:   1
    After scriptable stripping: 1
    Processed in 0.00 seconds
    starting compilation...
    finished in 0.00 seconds. Local cache hits 1 (0.00s CPU time), remote cache hits 0 (0.00s CPU time), compiled 0 variants (0.00s CPU time), skipped 0 variants
    Prepared data for serialisation in 0.00s
Serialized binary data for shader Hidden/TerrainEngine/Details/UniversalPipeline/BillboardWavingDoublePass in 0.00s
    gles3 (total internal programs: 4, unique: 4)
Compiling shader "Hidden/Core/FallbackError" pass "" (vp)
    Full variant space:         4
    After settings filtering:   4
    After built-in stripping:   1
    After scriptable stripping: 1
    Processed in 0.00 seconds
    starting compilation...
    finished in 0.00 seconds. Local cache hits 1 (0.00s CPU time), remote cache hits 0 (0.00s CPU time), compiled 0 variants (0.00s CPU time), skipped 0 variants
    Prepared data for serialisation in 0.00s
Serialized binary data for shader Hidden/Core/FallbackError in 0.00s
    gles3 (total internal programs: 1, unique: 1)
Compiling shader "Hidden/Universal Render Pipeline/XR/XROcclusionMesh" pass "" (vp)
    Full variant space:         2
    After settings filtering:   1
    After built-in stripping:   1
    After scriptable stripping: 1
    Processed in 0.00 seconds
    starting compilation...
    finished in 0.00 seconds. Local cache hits 1 (0.00s CPU time), remote cache hits 0 (0.00s CPU time), compiled 0 variants (0.00s CPU time), skipped 0 variants
    Prepared data for serialisation in 0.00s
Serialized binary data for shader Hidden/Universal Render Pipeline/XR/XROcclusionMesh in 0.00s
    gles3 (total internal programs: 1, unique: 1)
Compiling shader "Hidden/Universal/HDRDebugView" pass "" (vp)
    Full variant space:         4
    After settings filtering:   1
    After built-in stripping:   1
    After scriptable stripping: 1
    Processed in 0.00 seconds
    starting compilation...
    finished in 0.00 seconds. Local cache hits 1 (0.00s CPU time), remote cache hits 0 (0.00s CPU time), compiled 0 variants (0.00s CPU time), skipped 0 variants
    Prepared data for serialisation in 0.00s
Compiling shader "Hidden/Universal/HDRDebugView" pass "" (vp)
    Full variant space:         4
    After settings filtering:   1
    After built-in stripping:   1
    After scriptable stripping: 1
    Processed in 0.00 seconds
    starting compilation...
    finished in 0.00 seconds. Local cache hits 1 (0.00s CPU time), remote cache hits 0 (0.00s CPU time), compiled 0 variants (0.00s CPU time), skipped 0 variants
    Prepared data for serialisation in 0.00s
Serialized binary data for shader Hidden/Universal/HDRDebugView in 0.00s
    gles3 (total internal programs: 2, unique: 2)
Compiling shader "Hidden/Universal Render Pipeline/MaterialError" pass "" (vp)
    Full variant space:         6
    After settings filtering:   6
    After built-in stripping:   1
    After scriptable stripping: 1
    Processed in 0.00 seconds
    starting compilation...
    finished in 0.00 seconds. Local cache hits 1 (0.00s CPU time), remote cache hits 0 (0.00s CPU time), compiled 0 variants (0.00s CPU time), skipped 0 variants
    Prepared data for serialisation in 0.00s
Serialized binary data for shader Hidden/Universal Render Pipeline/MaterialError in 0.00s
    gles3 (total internal programs: 1, unique: 1)
Compiling shader "Hidden/Universal Render Pipeline/LensFlareDataDriven" pass "LensFlareAdditive" (vp)
    Full variant space:         24
    After settings filtering:   24
    After built-in stripping:   24
    After scriptable stripping: 24
    Processed in 0.00 seconds
    starting compilation...
    finished in 0.01 seconds. Local cache hits 24 (0.02s CPU time), remote cache hits 0 (0.00s CPU time), compiled 0 variants (0.00s CPU time), skipped 0 variants
    Prepared data for serialisation in 0.00s
Compiling shader "Hidden/Universal Render Pipeline/LensFlareDataDriven" pass "LensFlareScreen" (vp)
    Full variant space:         24
    After settings filtering:   24
    After built-in stripping:   24
    After scriptable stripping: 24
    Processed in 0.00 seconds
    starting compilation...
    finished in 0.01 seconds. Local cache hits 24 (0.02s CPU time), remote cache hits 0 (0.00s CPU time), compiled 0 variants (0.00s CPU time), skipped 0 variants
    Prepared data for serialisation in 0.00s
Compiling shader "Hidden/Universal Render Pipeline/LensFlareDataDriven" pass "LensFlarePremultiply" (vp)
    Full variant space:         24
    After settings filtering:   24
    After built-in stripping:   24
    After scriptable stripping: 24
    Processed in 0.00 seconds
    starting compilation...
    finished in 0.01 seconds. Local cache hits 24 (0.02s CPU time), remote cache hits 0 (0.00s CPU time), compiled 0 variants (0.00s CPU time), skipped 0 variants
    Prepared data for serialisation in 0.00s
Compiling shader "Hidden/Universal Render Pipeline/LensFlareDataDriven" pass "LensFlareLerp" (vp)
    Full variant space:         24
    After settings filtering:   24
    After built-in stripping:   24
    After scriptable stripping: 24
    Processed in 0.00 seconds
    starting compilation...
    finished in 0.01 seconds. Local cache hits 24 (0.02s CPU time), remote cache hits 0 (0.00s CPU time), compiled 0 variants (0.00s CPU time), skipped 0 variants
    Prepared data for serialisation in 0.00s
Compiling shader "Hidden/Universal Render Pipeline/LensFlareDataDriven" pass "LensFlareOcclusion" (vp)
    Full variant space:         1
    After settings filtering:   1
    After built-in stripping:   1
    After scriptable stripping: 1
    Processed in 0.00 seconds
    starting compilation...
    finished in 0.00 seconds. Local cache hits 1 (0.00s CPU time), remote cache hits 0 (0.00s CPU time), compiled 0 variants (0.00s CPU time), skipped 0 variants
    Prepared data for serialisation in 0.00s
Serialized binary data for shader Hidden/Universal Render Pipeline/LensFlareDataDriven in 0.00s
    gles3 (total internal programs: 97, unique: 25)
Compiling shader "Hidden/Universal Render Pipeline/ObjectMotionVectors" pass "Object Motion Vectors" (vp)
    Full variant space:         4
    After settings filtering:   4
    After built-in stripping:   1
    After scriptable stripping: 1
    Processed in 0.00 seconds
    starting compilation...
    finished in 0.00 seconds. Local cache hits 1 (0.00s CPU time), remote cache hits 0 (0.00s CPU time), compiled 0 variants (0.00s CPU time), skipped 0 variants
    Prepared data for serialisation in 0.00s
Serialized binary data for shader Hidden/Universal Render Pipeline/ObjectMotionVectors in 0.00s
    gles3 (total internal programs: 1, unique: 1)
Compiling shader "Hidden/Universal Render Pipeline/FallbackLoading" pass "" (vp)
    Full variant space:         6
    After settings filtering:   6
    After built-in stripping:   1
    After scriptable stripping: 1
    Processed in 0.00 seconds
    starting compilation...
    finished in 0.00 seconds. Local cache hits 1 (0.00s CPU time), remote cache hits 0 (0.00s CPU time), compiled 0 variants (0.00s CPU time), skipped 0 variants
    Prepared data for serialisation in 0.00s
Serialized binary data for shader Hidden/Universal Render Pipeline/FallbackLoading in 0.00s
    gles3 (total internal programs: 1, unique: 1)
Compiling shader "Hidden/Universal/CoreBlit" pass "" (vp)
    Full variant space:         4
    After settings filtering:   2
    After built-in stripping:   2
    After scriptable stripping: 2
    Processed in 0.00 seconds
    starting compilation...
    finished in 0.00 seconds. Local cache hits 2 (0.00s CPU time), remote cache hits 0 (0.00s CPU time), compiled 0 variants (0.00s CPU time), skipped 0 variants
    Prepared data for serialisation in 0.00s
Compiling shader "Hidden/Universal/CoreBlit" pass "" (vp)
    Full variant space:         4
    After settings filtering:   2
    After built-in stripping:   2
    After scriptable stripping: 2
    Processed in 0.00 seconds
    starting compilation...
    finished in 0.00 seconds. Local cache hits 2 (0.00s CPU time), remote cache hits 0 (0.00s CPU time), compiled 0 variants (0.00s CPU time), skipped 0 variants
    Prepared data for serialisation in 0.00s
Compiling shader "Hidden/Universal/CoreBlit" pass "" (vp)
    Full variant space:         4
    After settings filtering:   2
    After built-in stripping:   2
    After scriptable stripping: 2
    Processed in 0.01 seconds
    starting compilation...
    finished in 0.00 seconds. Local cache hits 2 (0.00s CPU time), remote cache hits 0 (0.00s CPU time), compiled 0 variants (0.00s CPU time), skipped 0 variants
    Prepared data for serialisation in 0.00s
Compiling shader "Hidden/Universal/CoreBlit" pass "" (vp)
    Full variant space:         4
    After settings filtering:   2
    After built-in stripping:   2
    After scriptable stripping: 2
    Processed in 0.00 seconds
    starting compilation...
    finished in 0.00 seconds. Local cache hits 2 (0.00s CPU time), remote cache hits 0 (0.00s CPU time), compiled 0 variants (0.00s CPU time), skipped 0 variants
    Prepared data for serialisation in 0.00s
Compiling shader "Hidden/Universal/CoreBlit" pass "" (vp)
    Full variant space:         4
    After settings filtering:   2
    After built-in stripping:   2
    After scriptable stripping: 2
    Processed in 0.00 seconds
    starting compilation...
    finished in 0.00 seconds. Local cache hits 2 (0.00s CPU time), remote cache hits 0 (0.00s CPU time), compiled 0 variants (0.00s CPU time), skipped 0 variants
    Prepared data for serialisation in 0.00s
Compiling shader "Hidden/Universal/CoreBlit" pass "" (vp)
    Full variant space:         4
    After settings filtering:   2
    After built-in stripping:   2
    After scriptable stripping: 2
    Processed in 0.00 seconds
    starting compilation...
    finished in 0.00 seconds. Local cache hits 2 (0.00s CPU time), remote cache hits 0 (0.00s CPU time), compiled 0 variants (0.00s CPU time), skipped 0 variants
    Prepared data for serialisation in 0.00s
Compiling shader "Hidden/Universal/CoreBlit" pass "" (vp)
    Full variant space:         4
    After settings filtering:   2
    After built-in stripping:   2
    After scriptable stripping: 2
    Processed in 0.00 seconds
    starting compilation...
    finished in 0.00 seconds. Local cache hits 2 (0.00s CPU time), remote cache hits 0 (0.00s CPU time), compiled 0 variants (0.00s CPU time), skipped 0 variants
    Prepared data for serialisation in 0.00s
Compiling shader "Hidden/Universal/CoreBlit" pass "" (vp)
    Full variant space:         4
    After settings filtering:   2
    After built-in stripping:   2
    After scriptable stripping: 2
    Processed in 0.00 seconds
    starting compilation...
    finished in 0.00 seconds. Local cache hits 2 (0.00s CPU time), remote cache hits 0 (0.00s CPU time), compiled 0 variants (0.00s CPU time), skipped 0 variants
    Prepared data for serialisation in 0.00s
Compiling shader "Hidden/Universal/CoreBlit" pass "" (vp)
    Full variant space:         4
    After settings filtering:   2
    After built-in stripping:   2
    After scriptable stripping: 2
    Processed in 0.00 seconds
    starting compilation...
    finished in 0.00 seconds. Local cache hits 2 (0.00s CPU time), remote cache hits 0 (0.00s CPU time), compiled 0 variants (0.00s CPU time), skipped 0 variants
    Prepared data for serialisation in 0.00s
Compiling shader "Hidden/Universal/CoreBlit" pass "" (vp)
    Full variant space:         4
    After settings filtering:   2
    After built-in stripping:   2
    After scriptable stripping: 2
    Processed in 0.00 seconds
    starting compilation...
    finished in 0.00 seconds. Local cache hits 2 (0.00s CPU time), remote cache hits 0 (0.00s CPU time), compiled 0 variants (0.00s CPU time), skipped 0 variants
    Prepared data for serialisation in 0.00s
Compiling shader "Hidden/Universal/CoreBlit" pass "" (vp)
    Full variant space:         4
    After settings filtering:   2
    After built-in stripping:   2
    After scriptable stripping: 2
    Processed in 0.00 seconds
    starting compilation...
    finished in 0.00 seconds. Local cache hits 2 (0.00s CPU time), remote cache hits 0 (0.00s CPU time), compiled 0 variants (0.00s CPU time), skipped 0 variants
    Prepared data for serialisation in 0.00s
Compiling shader "Hidden/Universal/CoreBlit" pass "" (vp)
    Full variant space:         4
    After settings filtering:   2
    After built-in stripping:   2
    After scriptable stripping: 2
    Processed in 0.00 seconds
    starting compilation...
    finished in 0.00 seconds. Local cache hits 2 (0.00s CPU time), remote cache hits 0 (0.00s CPU time), compiled 0 variants (0.00s CPU time), skipped 0 variants
    Prepared data for serialisation in 0.00s
Compiling shader "Hidden/Universal/CoreBlit" pass "" (vp)
    Full variant space:         4
    After settings filtering:   2
    After built-in stripping:   2
    After scriptable stripping: 2
    Processed in 0.00 seconds
    starting compilation...
    finished in 0.00 seconds. Local cache hits 2 (0.00s CPU time), remote cache hits 0 (0.00s CPU time), compiled 0 variants (0.00s CPU time), skipped 0 variants
    Prepared data for serialisation in 0.00s
Compiling shader "Hidden/Universal/CoreBlit" pass "" (vp)
    Full variant space:         4
    After settings filtering:   2
    After built-in stripping:   2
    After scriptable stripping: 2
    Processed in 0.00 seconds
    starting compilation...
    finished in 0.00 seconds. Local cache hits 2 (0.00s CPU time), remote cache hits 0 (0.00s CPU time), compiled 0 variants (0.00s CPU time), skipped 0 variants
    Prepared data for serialisation in 0.00s
Compiling shader "Hidden/Universal/CoreBlit" pass "" (vp)
    Full variant space:         4
    After settings filtering:   2
    After built-in stripping:   2
    After scriptable stripping: 2
    Processed in 0.00 seconds
    starting compilation...
    finished in 0.00 seconds. Local cache hits 2 (0.00s CPU time), remote cache hits 0 (0.00s CPU time), compiled 0 variants (0.00s CPU time), skipped 0 variants
    Prepared data for serialisation in 0.00s
Compiling shader "Hidden/Universal/CoreBlit" pass "" (vp)
    Full variant space:         4
    After settings filtering:   2
    After built-in stripping:   2
    After scriptable stripping: 2
    Processed in 0.00 seconds
    starting compilation...
    finished in 0.00 seconds. Local cache hits 2 (0.00s CPU time), remote cache hits 0 (0.00s CPU time), compiled 0 variants (0.00s CPU time), skipped 0 variants
    Prepared data for serialisation in 0.00s
Compiling shader "Hidden/Universal/CoreBlit" pass "" (vp)
    Full variant space:         4
    After settings filtering:   2
    After built-in stripping:   2
    After scriptable stripping: 2
    Processed in 0.00 seconds
    starting compilation...
    finished in 0.00 seconds. Local cache hits 2 (0.00s CPU time), remote cache hits 0 (0.00s CPU time), compiled 0 variants (0.00s CPU time), skipped 0 variants
    Prepared data for serialisation in 0.00s
Compiling shader "Hidden/Universal/CoreBlit" pass "" (vp)
    Full variant space:         4
    After settings filtering:   2
    After built-in stripping:   2
    After scriptable stripping: 2
    Processed in 0.00 seconds
    starting compilation...
    finished in 0.00 seconds. Local cache hits 2 (0.00s CPU time), remote cache hits 0 (0.00s CPU time), compiled 0 variants (0.00s CPU time), skipped 0 variants
    Prepared data for serialisation in 0.00s
Compiling shader "Hidden/Universal/CoreBlit" pass "" (vp)
    Full variant space:         4
    After settings filtering:   2
    After built-in stripping:   2
    After scriptable stripping: 2
    Processed in 0.00 seconds
    starting compilation...
    finished in 0.00 seconds. Local cache hits 2 (0.00s CPU time), remote cache hits 0 (0.00s CPU time), compiled 0 variants (0.00s CPU time), skipped 0 variants
    Prepared data for serialisation in 0.00s
Compiling shader "Hidden/Universal/CoreBlit" pass "" (vp)
    Full variant space:         4
    After settings filtering:   2
    After built-in stripping:   2
    After scriptable stripping: 2
    Processed in 0.00 seconds
    starting compilation...
    finished in 0.00 seconds. Local cache hits 2 (0.00s CPU time), remote cache hits 0 (0.00s CPU time), compiled 0 variants (0.00s CPU time), skipped 0 variants
    Prepared data for serialisation in 0.00s
Compiling shader "Hidden/Universal/CoreBlit" pass "" (vp)
    Full variant space:         4
    After settings filtering:   2
    After built-in stripping:   2
    After scriptable stripping: 2
    Processed in 0.00 seconds
    starting compilation...
    finished in 0.00 seconds. Local cache hits 2 (0.00s CPU time), remote cache hits 0 (0.00s CPU time), compiled 0 variants (0.00s CPU time), skipped 0 variants
    Prepared data for serialisation in 0.00s
Compiling shader "Hidden/Universal/CoreBlit" pass "" (vp)
    Full variant space:         8
    After settings filtering:   4
    After built-in stripping:   4
    After scriptable stripping: 4
    Processed in 0.00 seconds
    starting compilation...
    finished in 0.00 seconds. Local cache hits 4 (0.01s CPU time), remote cache hits 0 (0.00s CPU time), compiled 0 variants (0.00s CPU time), skipped 0 variants
    Prepared data for serialisation in 0.00s
Compiling shader "Hidden/Universal/CoreBlit" pass "" (vp)
    Full variant space:         8
    After settings filtering:   4
    After built-in stripping:   4
    After scriptable stripping: 4
    Processed in 0.00 seconds
    starting compilation...
    finished in 0.00 seconds. Local cache hits 4 (0.01s CPU time), remote cache hits 0 (0.00s CPU time), compiled 0 variants (0.00s CPU time), skipped 0 variants
    Prepared data for serialisation in 0.00s
Compiling shader "Hidden/Universal/CoreBlit" pass "BilinearDebugDraw" (vp)
    Full variant space:         16
    After settings filtering:   4
    After built-in stripping:   4
    After scriptable stripping: 4
    Processed in 0.00 seconds
    starting compilation...
    finished in 0.00 seconds. Local cache hits 4 (0.00s CPU time), remote cache hits 0 (0.00s CPU time), compiled 0 variants (0.00s CPU time), skipped 0 variants
    Prepared data for serialisation in 0.00s
Compiling shader "Hidden/Universal/CoreBlit" pass "NearestDebugDraw" (vp)
    Full variant space:         16
    After settings filtering:   4
    After built-in stripping:   4
    After scriptable stripping: 4
    Processed in 0.00 seconds
    starting compilation...
    finished in 0.00 seconds. Local cache hits 4 (0.00s CPU time), remote cache hits 0 (0.00s CPU time), compiled 0 variants (0.00s CPU time), skipped 0 variants
    Prepared data for serialisation in 0.00s
Serialized binary data for shader Hidden/Universal/CoreBlit in 0.00s
    gles3 (total internal programs: 58, unique: 28)
Compiling shader "Hidden/Universal/BlitHDROverlay" pass "BilinearDebugDraw" (vp)
    Full variant space:         32
    After settings filtering:   2
    After built-in stripping:   2
    After scriptable stripping: 0
    Processed in 0.00 seconds
    Prepared data for serialisation in 0.00s
Compiling shader "Hidden/Universal/BlitHDROverlay" pass "NearestDebugDraw" (vp)
    Full variant space:         32
    After settings filtering:   2
    After built-in stripping:   2
    After scriptable stripping: 0
    Processed in 0.00 seconds
    Prepared data for serialisation in 0.00s
Serialized binary data for shader Hidden/Universal/BlitHDROverlay in 0.00s
    gles3 (total internal programs: 0, unique: 0)
Compiling shader "Hidden/Universal Render Pipeline/Blit" pass "Blit" (vp)
    Full variant space:         4
    After settings filtering:   2
    After built-in stripping:   2
    After scriptable stripping: 2
    Processed in 0.00 seconds
    starting compilation...
    finished in 0.00 seconds. Local cache hits 2 (0.00s CPU time), remote cache hits 0 (0.00s CPU time), compiled 0 variants (0.00s CPU time), skipped 0 variants
    Prepared data for serialisation in 0.00s
Serialized binary data for shader Hidden/Universal Render Pipeline/Blit in 0.00s
    gles3 (total internal programs: 2, unique: 2)
Compiling shader "Hidden/Universal Render Pipeline/CameraMotionVectors" pass "Camera Motion Vectors" (vp)
    Full variant space:         1
    After settings filtering:   1
    After built-in stripping:   1
    After scriptable stripping: 1
    Processed in 0.00 seconds
    starting compilation...
    finished in 0.00 seconds. Local cache hits 1 (0.00s CPU time), remote cache hits 0 (0.00s CPU time), compiled 0 variants (0.00s CPU time), skipped 0 variants
    Prepared data for serialisation in 0.00s
Serialized binary data for shader Hidden/Universal Render Pipeline/CameraMotionVectors in 0.00s
    gles3 (total internal programs: 1, unique: 1)
Compiling shader "Hidden/Universal Render Pipeline/Debug/DebugReplacement" pass "Vertex Attributes" (vp)
    Full variant space:         2
    After settings filtering:   2
    After built-in stripping:   1
    After scriptable stripping: 1
    Processed in 0.00 seconds
    starting compilation...
    finished in 0.00 seconds. Local cache hits 1 (0.00s CPU time), remote cache hits 0 (0.00s CPU time), compiled 0 variants (0.00s CPU time), skipped 0 variants
    Prepared data for serialisation in 0.00s
Serialized binary data for shader Hidden/Universal Render Pipeline/Debug/DebugReplacement in 0.00s
    gles3 (total internal programs: 1, unique: 1)
Compiling shader "Hidden/Universal/CoreBlitColorAndDepth" pass "" (vp)
    Full variant space:         4
    After settings filtering:   2
    After built-in stripping:   2
    After scriptable stripping: 2
    Processed in 0.00 seconds
    starting compilation...
    finished in 0.00 seconds. Local cache hits 2 (0.00s CPU time), remote cache hits 0 (0.00s CPU time), compiled 0 variants (0.00s CPU time), skipped 0 variants
    Prepared data for serialisation in 0.00s
Compiling shader "Hidden/Universal/CoreBlitColorAndDepth" pass "" (vp)
    Full variant space:         4
    After settings filtering:   2
    After built-in stripping:   2
    After scriptable stripping: 2
    Processed in 0.00 seconds
    starting compilation...
    finished in 0.00 seconds. Local cache hits 2 (0.00s CPU time), remote cache hits 0 (0.00s CPU time), compiled 0 variants (0.00s CPU time), skipped 0 variants
    Prepared data for serialisation in 0.00s
Serialized binary data for shader Hidden/Universal/CoreBlitColorAndDepth in 0.00s
    gles3 (total internal programs: 4, unique: 4)
Compiling shader "Hidden/Universal Render Pipeline/XR/XRMirrorView" pass "" (vp)
    Full variant space:         2
    After settings filtering:   1
    After built-in stripping:   1
    After scriptable stripping: 1
    Processed in 0.00 seconds
    starting compilation...
    finished in 0.00 seconds. Local cache hits 1 (0.00s CPU time), remote cache hits 0 (0.00s CPU time), compiled 0 variants (0.00s CPU time), skipped 0 variants
    Prepared data for serialisation in 0.00s
Compiling shader "Hidden/Universal Render Pipeline/XR/XRMirrorView" pass "" (vp)
    Full variant space:         2
    After settings filtering:   1
    After built-in stripping:   1
    After scriptable stripping: 1
    Processed in 0.00 seconds
    starting compilation...
    finished in 0.00 seconds. Local cache hits 1 (0.00s CPU time), remote cache hits 0 (0.00s CPU time), compiled 0 variants (0.00s CPU time), skipped 0 variants
    Prepared data for serialisation in 0.00s
Serialized binary data for shader Hidden/Universal Render Pipeline/XR/XRMirrorView in 0.00s
    gles3 (total internal programs: 2, unique: 2)
Compiling shader "Hidden/Universal Render Pipeline/CopyDepth" pass "CopyDepth" (vp)
    Full variant space:         8
    After settings filtering:   8
    After built-in stripping:   8
    After scriptable stripping: 8
    Processed in 0.00 seconds
    starting compilation...
    finished in 0.00 seconds. Local cache hits 8 (0.00s CPU time), remote cache hits 0 (0.00s CPU time), compiled 0 variants (0.00s CPU time), skipped 0 variants
    Prepared data for serialisation in 0.00s
Serialized binary data for shader Hidden/Universal Render Pipeline/CopyDepth in 0.00s
    gles3 (total internal programs: 8, unique: 8)
Compiling shader "Hidden/TerrainEngine/Details/UniversalPipeline/WavingDoublePass" pass "" (vp)
    Full variant space:         589824
    After settings filtering:   1536
    After built-in stripping:   12
    After scriptable stripping: 4
    Processed in 0.00 seconds
    starting compilation...
    finished in 0.00 seconds. Local cache hits 4 (0.01s CPU time), remote cache hits 0 (0.00s CPU time), compiled 0 variants (0.00s CPU time), skipped 0 variants
    Prepared data for serialisation in 0.00s
Compiling shader "Hidden/TerrainEngine/Details/UniversalPipeline/WavingDoublePass" pass "DepthOnly" (vp)
    Full variant space:         2
    After settings filtering:   2
    After built-in stripping:   1
    After scriptable stripping: 1
    Processed in 0.00 seconds
    starting compilation...
    finished in 0.00 seconds. Local cache hits 1 (0.00s CPU time), remote cache hits 0 (0.00s CPU time), compiled 0 variants (0.00s CPU time), skipped 0 variants
    Prepared data for serialisation in 0.00s
Compiling shader "Hidden/TerrainEngine/Details/UniversalPipeline/WavingDoublePass" pass "DepthNormalsOnly" (vp)
    Full variant space:         4
    After settings filtering:   2
    After built-in stripping:   1
    After scriptable stripping: 1
    Processed in 0.00 seconds
    starting compilation...
    finished in 0.00 seconds. Local cache hits 1 (0.00s CPU time), remote cache hits 0 (0.00s CPU time), compiled 0 variants (0.00s CPU time), skipped 0 variants
    Prepared data for serialisation in 0.00s
Serialized binary data for shader Hidden/TerrainEngine/Details/UniversalPipeline/WavingDoublePass in 0.00s
    gles3 (total internal programs: 6, unique: 6)
Compiling shader "Hidden/Universal Render Pipeline/FallbackError" pass "" (vp)
    Full variant space:         6
    After settings filtering:   6
    After built-in stripping:   1
    After scriptable stripping: 1
    Processed in 0.00 seconds
    starting compilation...
    finished in 0.00 seconds. Local cache hits 1 (0.00s CPU time), remote cache hits 0 (0.00s CPU time), compiled 0 variants (0.00s CPU time), skipped 0 variants
    Prepared data for serialisation in 0.00s
Serialized binary data for shader Hidden/Universal Render Pipeline/FallbackError in 0.00s
    gles3 (total internal programs: 1, unique: 1)
    Prepared data for serialisation in 0.00s
    Prepared data for serialisation in 0.00s
    Prepared data for serialisation in 0.00s
    Prepared data for serialisation in 0.00s
    Prepared data for serialisation in 0.00s
    Prepared data for serialisation in 0.00s
    Prepared data for serialisation in 0.00s
    Prepared data for serialisation in 0.00s
Serialized binary data for shader Hidden/Universal Render Pipeline/StencilDeferred in 0.00s
    gles3 (total internal programs: 0, unique: 0)
Compiling shader "Hidden/TerrainEngine/Details/UniversalPipeline/Vertexlit" pass "TerrainDetailVertex" (vp)
    Full variant space:         61440
    After settings filtering:   256
    After built-in stripping:   4
    After scriptable stripping: 4
    Processed in 0.00 seconds
    starting compilation...
    finished in 0.00 seconds. Local cache hits 4 (0.01s CPU time), remote cache hits 0 (0.00s CPU time), compiled 0 variants (0.00s CPU time), skipped 0 variants
    Prepared data for serialisation in 0.00s
Compiling shader "Hidden/TerrainEngine/Details/UniversalPipeline/Vertexlit" pass "TerrainDetailVertex - GBuffer" (vp)
    Full variant space:         1280
    After settings filtering:   32
    After built-in stripping:   8
    After scriptable stripping: 4
    Processed in 0.00 seconds
    starting compilation...
    finished in 0.00 seconds. Local cache hits 4 (0.01s CPU time), remote cache hits 0 (0.00s CPU time), compiled 0 variants (0.00s CPU time), skipped 0 variants
    Prepared data for serialisation in 0.00s
Compiling shader "Hidden/TerrainEngine/Details/UniversalPipeline/Vertexlit" pass "DepthOnly" (vp)
    Full variant space:         2
    After settings filtering:   2
    After built-in stripping:   1
    After scriptable stripping: 1
    Processed in 0.00 seconds
    starting compilation...
    finished in 0.00 seconds. Local cache hits 1 (0.00s CPU time), remote cache hits 0 (0.00s CPU time), compiled 0 variants (0.00s CPU time), skipped 0 variants
    Prepared data for serialisation in 0.00s
Compiling shader "Hidden/TerrainEngine/Details/UniversalPipeline/Vertexlit" pass "DepthNormals" (vp)
    Full variant space:         2
    After settings filtering:   2
    After built-in stripping:   1
    After scriptable stripping: 1
    Processed in 0.00 seconds
    starting compilation...
    finished in 0.00 seconds. Local cache hits 1 (0.00s CPU time), remote cache hits 0 (0.00s CPU time), compiled 0 variants (0.00s CPU time), skipped 0 variants
    Prepared data for serialisation in 0.00s
Serialized binary data for shader Hidden/TerrainEngine/Details/UniversalPipeline/Vertexlit in 0.00s
    gles3 (total internal programs: 10, unique: 10)
Compiling shader "Skybox/Procedural" pass "" (vp)
    Full variant space:         3
    After settings filtering:   3
    After built-in stripping:   3
    After scriptable stripping: 3
    Processed in 0.00 seconds
    starting compilation...
    finished in 0.01 seconds. Local cache hits 3 (0.01s CPU time), remote cache hits 0 (0.00s CPU time), compiled 0 variants (0.00s CPU time), skipped 0 variants
    Prepared data for serialisation in 0.00s
Serialized binary data for shader Skybox/Procedural in 0.00s
    gles3 (total internal programs: 3, unique: 3)
Compiling shader "Universal Render Pipeline/Lit" pass "ForwardLit" (vp)
    Full variant space:         377487360
    After settings filtering:   12288
    After built-in stripping:   24
    After scriptable stripping: 8
    Processed in 0.00 seconds
    starting compilation...
    finished in 0.01 seconds. Local cache hits 8 (0.02s CPU time), remote cache hits 0 (0.00s CPU time), compiled 0 variants (0.00s CPU time), skipped 0 variants
    Prepared data for serialisation in 0.00s
Compiling shader "Universal Render Pipeline/Lit" pass "ShadowCaster" (vp)
    Full variant space:         16
    After settings filtering:   16
    After built-in stripping:   4
    After scriptable stripping: 2
    Processed in 0.00 seconds
    starting compilation...
    finished in 0.00 seconds. Local cache hits 2 (0.00s CPU time), remote cache hits 0 (0.00s CPU time), compiled 0 variants (0.00s CPU time), skipped 0 variants
    Prepared data for serialisation in 0.00s
    Prepared data for serialisation in 0.00s
Compiling shader "Universal Render Pipeline/Lit" pass "DepthOnly" (vp)
    Full variant space:         8
    After settings filtering:   8
    After built-in stripping:   2
    After scriptable stripping: 2
    Processed in 0.00 seconds
    starting compilation...
    finished in 0.00 seconds. Local cache hits 2 (0.00s CPU time), remote cache hits 0 (0.00s CPU time), compiled 0 variants (0.00s CPU time), skipped 0 variants
    Prepared data for serialisation in 0.00s
Compiling shader "Universal Render Pipeline/Lit" pass "DepthNormals" (vp)
    Full variant space:         16
    After settings filtering:   8
    After built-in stripping:   2
    After scriptable stripping: 2
    Processed in 0.00 seconds
    starting compilation...
    finished in 0.00 seconds. Local cache hits 2 (0.00s CPU time), remote cache hits 0 (0.00s CPU time), compiled 0 variants (0.00s CPU time), skipped 0 variants
    Prepared data for serialisation in 0.00s
Compiling shader "Universal Render Pipeline/Lit" pass "Universal2D" (vp)
    Full variant space:         2
    After settings filtering:   2
    After built-in stripping:   1
    After scriptable stripping: 0
    Processed in 0.00 seconds
    Prepared data for serialisation in 0.00s
Serialized binary data for shader Universal Render Pipeline/Lit in 0.00s
    gles3 (total internal programs: 14, unique: 14)
Compiling shader "Legacy Shaders/VertexLit" pass "" (vp)
    Full variant space:         12
    After settings filtering:   12
    After built-in stripping:   3
    After scriptable stripping: 3
    Processed in 0.00 seconds
    starting compilation...
    finished in 0.00 seconds. Local cache hits 3 (0.01s CPU time), remote cache hits 0 (0.00s CPU time), compiled 0 variants (0.00s CPU time), skipped 0 variants
    Prepared data for serialisation in 0.00s
Compiling shader "Legacy Shaders/VertexLit" pass "" (vp)
    Full variant space:         4
    After settings filtering:   4
    After built-in stripping:   1
    After scriptable stripping: 1
    Processed in 0.00 seconds
    starting compilation...
    finished in 0.00 seconds. Local cache hits 1 (0.00s CPU time), remote cache hits 0 (0.00s CPU time), compiled 0 variants (0.00s CPU time), skipped 0 variants
    Prepared data for serialisation in 0.00s
Compiling shader "Legacy Shaders/VertexLit" pass "ShadowCaster" (vp)
    Full variant space:         4
    After settings filtering:   4
    After built-in stripping:   2
    After scriptable stripping: 2
    Processed in 0.00 seconds
    starting compilation...
    finished in 0.00 seconds. Local cache hits 2 (0.00s CPU time), remote cache hits 0 (0.00s CPU time), compiled 0 variants (0.00s CPU time), skipped 0 variants
    Prepared data for serialisation in 0.00s
Serialized binary data for shader Legacy Shaders/VertexLit in 0.00s
    gles3 (total internal programs: 6, unique: 6)
Compiling shader "Legacy Shaders/Diffuse" pass "FORWARD" (vp)
    Full variant space:         664
    After settings filtering:   664
    After built-in stripping:   8
    After scriptable stripping: 8
    Processed in 0.00 seconds
    starting compilation...
    finished in 0.01 seconds. Local cache hits 8 (0.01s CPU time), remote cache hits 0 (0.00s CPU time), compiled 0 variants (0.00s CPU time), skipped 0 variants
    Prepared data for serialisation in 0.00s
Compiling shader "Legacy Shaders/Diffuse" pass "FORWARD" (vp)
    Full variant space:         20
    After settings filtering:   20
    After built-in stripping:   5
    After scriptable stripping: 5
    Processed in 0.00 seconds
    starting compilation...
    finished in 0.00 seconds. Local cache hits 5 (0.01s CPU time), remote cache hits 0 (0.00s CPU time), compiled 0 variants (0.00s CPU time), skipped 0 variants
    Prepared data for serialisation in 0.00s
Compiling shader "Legacy Shaders/Diffuse" pass "DEFERRED" (vp)
    Full variant space:         76
    After settings filtering:   76
    After built-in stripping:   4
    After scriptable stripping: 4
    Processed in 0.00 seconds
    starting compilation...
    finished in 0.00 seconds. Local cache hits 4 (0.00s CPU time), remote cache hits 0 (0.00s CPU time), compiled 0 variants (0.00s CPU time), skipped 0 variants
    Prepared data for serialisation in 0.00s
Serialized binary data for shader Legacy Shaders/Diffuse in 0.00s
    gles3 (total internal programs: 17, unique: 17)
Compiling shader "Hidden/Internal-StencilWrite" pass "" (vp)
    Full variant space:         1
    After settings filtering:   1
    After built-in stripping:   1
    After scriptable stripping: 1
    Processed in 0.00 seconds
    starting compilation...
    finished in 0.00 seconds. Local cache hits 1 (0.00s CPU time), remote cache hits 0 (0.00s CPU time), compiled 0 variants (0.00s CPU time), skipped 0 variants
    Prepared data for serialisation in 0.00s
Serialized binary data for shader Hidden/Internal-StencilWrite in 0.00s
    gles3 (total internal programs: 1, unique: 1)
Compiling shader "Hidden/Internal-DepthNormalsTexture" pass "" (vp)
    Full variant space:         1
    After settings filtering:   1
    After built-in stripping:   1
    After scriptable stripping: 1
    Processed in 0.00 seconds
    starting compilation...
    finished in 0.00 seconds. Local cache hits 1 (0.00s CPU time), remote cache hits 0 (0.00s CPU time), compiled 0 variants (0.00s CPU time), skipped 0 variants
    Prepared data for serialisation in 0.00s
Compiling shader "Hidden/Internal-DepthNormalsTexture" pass "" (vp)
    Full variant space:         1
    After settings filtering:   1
    After built-in stripping:   1
    After scriptable stripping: 1
    Processed in 0.00 seconds
    starting compilation...
    finished in 0.00 seconds. Local cache hits 1 (0.00s CPU time), remote cache hits 0 (0.00s CPU time), compiled 0 variants (0.00s CPU time), skipped 0 variants
    Prepared data for serialisation in 0.00s
Compiling shader "Hidden/Internal-DepthNormalsTexture" pass "" (vp)
    Full variant space:         1
    After settings filtering:   1
    After built-in stripping:   1
    After scriptable stripping: 1
    Processed in 0.00 seconds
    starting compilation...
    finished in 0.00 seconds. Local cache hits 1 (0.00s CPU time), remote cache hits 0 (0.00s CPU time), compiled 0 variants (0.00s CPU time), skipped 0 variants
    Prepared data for serialisation in 0.00s
Compiling shader "Hidden/Internal-DepthNormalsTexture" pass "" (vp)
    Full variant space:         1
    After settings filtering:   1
    After built-in stripping:   1
    After scriptable stripping: 1
    Processed in 0.00 seconds
    starting compilation...
    finished in 0.00 seconds. Local cache hits 1 (0.00s CPU time), remote cache hits 0 (0.00s CPU time), compiled 0 variants (0.00s CPU time), skipped 0 variants
    Prepared data for serialisation in 0.00s
Compiling shader "Hidden/Internal-DepthNormalsTexture" pass "" (vp)
    Full variant space:         1
    After settings filtering:   1
    After built-in stripping:   1
    After scriptable stripping: 1
    Processed in 0.00 seconds
    starting compilation...
    finished in 0.00 seconds. Local cache hits 1 (0.00s CPU time), remote cache hits 0 (0.00s CPU time), compiled 0 variants (0.00s CPU time), skipped 0 variants
    Prepared data for serialisation in 0.00s
Compiling shader "Hidden/Internal-DepthNormalsTexture" pass "" (vp)
    Full variant space:         1
    After settings filtering:   1
    After built-in stripping:   1
    After scriptable stripping: 1
    Processed in 0.00 seconds
    starting compilation...
    finished in 0.00 seconds. Local cache hits 1 (0.00s CPU time), remote cache hits 0 (0.00s CPU time), compiled 0 variants (0.00s CPU time), skipped 0 variants
    Prepared data for serialisation in 0.00s
Compiling shader "Hidden/Internal-DepthNormalsTexture" pass "" (vp)
    Full variant space:         1
    After settings filtering:   1
    After built-in stripping:   1
    After scriptable stripping: 1
    Processed in 0.00 seconds
    starting compilation...
    finished in 0.00 seconds. Local cache hits 1 (0.00s CPU time), remote cache hits 0 (0.00s CPU time), compiled 0 variants (0.00s CPU time), skipped 0 variants
    Prepared data for serialisation in 0.00s
Compiling shader "Hidden/Internal-DepthNormalsTexture" pass "" (vp)
    Full variant space:         1
    After settings filtering:   1
    After built-in stripping:   1
    After scriptable stripping: 1
    Processed in 0.00 seconds
    starting compilation...
    finished in 0.00 seconds. Local cache hits 1 (0.00s CPU time), remote cache hits 0 (0.00s CPU time), compiled 0 variants (0.00s CPU time), skipped 0 variants
    Prepared data for serialisation in 0.00s
Compiling shader "Hidden/Internal-DepthNormalsTexture" pass "" (vp)
    Full variant space:         1
    After settings filtering:   1
    After built-in stripping:   1
    After scriptable stripping: 1
    Processed in 0.00 seconds
    starting compilation...
    finished in 0.00 seconds. Local cache hits 1 (0.00s CPU time), remote cache hits 0 (0.00s CPU time), compiled 0 variants (0.00s CPU time), skipped 0 variants
    Prepared data for serialisation in 0.00s
Compiling shader "Hidden/Internal-DepthNormalsTexture" pass "" (vp)
    Full variant space:         1
    After settings filtering:   1
    After built-in stripping:   1
    After scriptable stripping: 1
    Processed in 0.00 seconds
    starting compilation...
    finished in 0.00 seconds. Local cache hits 1 (0.00s CPU time), remote cache hits 0 (0.00s CPU time), compiled 0 variants (0.00s CPU time), skipped 0 variants
    Prepared data for serialisation in 0.00s
Serialized binary data for shader Hidden/Internal-DepthNormalsTexture in 0.00s
    gles3 (total internal programs: 10, unique: 10)
Compiling shader "Hidden/Internal-ScreenSpaceShadows" pass "" (vp)
    Full variant space:         4
    After settings filtering:   4
    After built-in stripping:   4
    After scriptable stripping: 4
    Processed in 0.00 seconds
    starting compilation...
    finished in 0.00 seconds. Local cache hits 4 (0.00s CPU time), remote cache hits 0 (0.00s CPU time), compiled 0 variants (0.00s CPU time), skipped 0 variants
    Prepared data for serialisation in 0.00s
Compiling shader "Hidden/Internal-ScreenSpaceShadows" pass "" (vp)
    Full variant space:         4
    After settings filtering:   4
    After built-in stripping:   4
    After scriptable stripping: 4
    Processed in 0.00 seconds
    starting compilation...
    finished in 0.00 seconds. Local cache hits 4 (0.00s CPU time), remote cache hits 0 (0.00s CPU time), compiled 0 variants (0.00s CPU time), skipped 0 variants
    Prepared data for serialisation in 0.00s
Compiling shader "Hidden/Internal-ScreenSpaceShadows" pass "" (vp)
    Full variant space:         4
    After settings filtering:   4
    After built-in stripping:   4
    After scriptable stripping: 4
    Processed in 0.00 seconds
    starting compilation...
    finished in 0.00 seconds. Local cache hits 4 (0.01s CPU time), remote cache hits 0 (0.00s CPU time), compiled 0 variants (0.00s CPU time), skipped 0 variants
    Prepared data for serialisation in 0.00s
Compiling shader "Hidden/Internal-ScreenSpaceShadows" pass "" (vp)
    Full variant space:         4
    After settings filtering:   4
    After built-in stripping:   4
    After scriptable stripping: 4
    Processed in 0.00 seconds
    starting compilation...
    finished in 0.00 seconds. Local cache hits 4 (0.00s CPU time), remote cache hits 0 (0.00s CPU time), compiled 0 variants (0.00s CPU time), skipped 0 variants
    Prepared data for serialisation in 0.00s
Serialized binary data for shader Hidden/Internal-ScreenSpaceShadows in 0.00s
    gles3 (total internal programs: 16, unique: 16)
Compiling shader "Hidden/Internal-CombineDepthNormals" pass "" (vp)
    Full variant space:         1
    After settings filtering:   1
    After built-in stripping:   1
    After scriptable stripping: 1
    Processed in 0.00 seconds
    starting compilation...
    finished in 0.00 seconds. Local cache hits 1 (0.00s CPU time), remote cache hits 0 (0.00s CPU time), compiled 0 variants (0.00s CPU time), skipped 0 variants
    Prepared data for serialisation in 0.00s
Serialized binary data for shader Hidden/Internal-CombineDepthNormals in 0.00s
    gles3 (total internal programs: 1, unique: 1)
Compiling shader "Hidden/BlitCopy" pass "" (vp)
    Full variant space:         1
    After settings filtering:   1
    After built-in stripping:   1
    After scriptable stripping: 1
    Processed in 0.00 seconds
    starting compilation...
    finished in 0.00 seconds. Local cache hits 1 (0.00s CPU time), remote cache hits 0 (0.00s CPU time), compiled 0 variants (0.00s CPU time), skipped 0 variants
    Prepared data for serialisation in 0.00s
Serialized binary data for shader Hidden/BlitCopy in 0.00s
    gles3 (total internal programs: 1, unique: 1)
Compiling shader "Hidden/BlitCopyDepth" pass "" (vp)
    Full variant space:         1
    After settings filtering:   1
    After built-in stripping:   1
    After scriptable stripping: 1
    Processed in 0.00 seconds
    starting compilation...
    finished in 0.00 seconds. Local cache hits 1 (0.00s CPU time), remote cache hits 0 (0.00s CPU time), compiled 0 variants (0.00s CPU time), skipped 0 variants
    Prepared data for serialisation in 0.00s
Serialized binary data for shader Hidden/BlitCopyDepth in 0.00s
    gles3 (total internal programs: 1, unique: 1)
Compiling shader "Hidden/ConvertTexture" pass "" (vp)
    Full variant space:         1
    After settings filtering:   1
    After built-in stripping:   1
    After scriptable stripping: 1
    Processed in 0.00 seconds
    starting compilation...
    finished in 0.00 seconds. Local cache hits 1 (0.00s CPU time), remote cache hits 0 (0.00s CPU time), compiled 0 variants (0.00s CPU time), skipped 0 variants
    Prepared data for serialisation in 0.00s
Serialized binary data for shader Hidden/ConvertTexture in 0.00s
    gles3 (total internal programs: 1, unique: 1)
Compiling shader "Hidden/Internal-DeferredShading" pass "" (vp)
    Full variant space:         94
    After settings filtering:   94
    After built-in stripping:   26
    After scriptable stripping: 26
    Processed in 0.00 seconds
    starting compilation...
    finished in 0.01 seconds. Local cache hits 26 (0.03s CPU time), remote cache hits 0 (0.00s CPU time), compiled 0 variants (0.00s CPU time), skipped 0 variants
    Prepared data for serialisation in 0.00s
Compiling shader "Hidden/Internal-DeferredShading" pass "" (vp)
    Full variant space:         1
    After settings filtering:   1
    After built-in stripping:   1
    After scriptable stripping: 1
    Processed in 0.00 seconds
    starting compilation...
    finished in 0.00 seconds. Local cache hits 1 (0.00s CPU time), remote cache hits 0 (0.00s CPU time), compiled 0 variants (0.00s CPU time), skipped 0 variants
    Prepared data for serialisation in 0.00s
Serialized binary data for shader Hidden/Internal-DeferredShading in 0.00s
    gles3 (total internal programs: 27, unique: 27)
Compiling shader "Hidden/Internal-DeferredReflections" pass "" (vp)
    Full variant space:         1
    After settings filtering:   1
    After built-in stripping:   1
    After scriptable stripping: 1
    Processed in 0.00 seconds
    starting compilation...
    finished in 0.00 seconds. Local cache hits 1 (0.00s CPU time), remote cache hits 0 (0.00s CPU time), compiled 0 variants (0.00s CPU time), skipped 0 variants
    Prepared data for serialisation in 0.00s
Compiling shader "Hidden/Internal-DeferredReflections" pass "" (vp)
    Full variant space:         2
    After settings filtering:   2
    After built-in stripping:   2
    After scriptable stripping: 2
    Processed in 0.00 seconds
    starting compilation...
    finished in 0.00 seconds. Local cache hits 2 (0.00s CPU time), remote cache hits 0 (0.00s CPU time), compiled 0 variants (0.00s CPU time), skipped 0 variants
    Prepared data for serialisation in 0.00s
Serialized binary data for shader Hidden/Internal-DeferredReflections in 0.00s
    gles3 (total internal programs: 3, unique: 3)
Compiling shader "Hidden/Internal-MotionVectors" pass "" (vp)
    Full variant space:         1
    After settings filtering:   1
    After built-in stripping:   1
    After scriptable stripping: 1
    Processed in 0.00 seconds
    starting compilation...
    finished in 0.00 seconds. Local cache hits 1 (0.00s CPU time), remote cache hits 0 (0.00s CPU time), compiled 0 variants (0.00s CPU time), skipped 0 variants
    Prepared data for serialisation in 0.00s
Compiling shader "Hidden/Internal-MotionVectors" pass "" (vp)
    Full variant space:         1
    After settings filtering:   1
    After built-in stripping:   1
    After scriptable stripping: 1
    Processed in 0.00 seconds
    starting compilation...
    finished in 0.00 seconds. Local cache hits 1 (0.00s CPU time), remote cache hits 0 (0.00s CPU time), compiled 0 variants (0.00s CPU time), skipped 0 variants
    Prepared data for serialisation in 0.00s
Compiling shader "Hidden/Internal-MotionVectors" pass "" (vp)
    Full variant space:         1
    After settings filtering:   1
    After built-in stripping:   1
    After scriptable stripping: 1
    Processed in 0.00 seconds
    starting compilation...
    finished in 0.00 seconds. Local cache hits 1 (0.00s CPU time), remote cache hits 0 (0.00s CPU time), compiled 0 variants (0.00s CPU time), skipped 0 variants
    Prepared data for serialisation in 0.00s
Serialized binary data for shader Hidden/Internal-MotionVectors in 0.00s
    gles3 (total internal programs: 3, unique: 3)
Compiling shader "Hidden/Internal-Flare" pass "" (vp)
    Full variant space:         1
    After settings filtering:   1
    After built-in stripping:   1
    After scriptable stripping: 1
    Processed in 0.00 seconds
    starting compilation...
    finished in 0.00 seconds. Local cache hits 1 (0.00s CPU time), remote cache hits 0 (0.00s CPU time), compiled 0 variants (0.00s CPU time), skipped 0 variants
    Prepared data for serialisation in 0.00s
Serialized binary data for shader Hidden/Internal-Flare in 0.00s
    gles3 (total internal programs: 1, unique: 1)
Compiling shader "Hidden/Internal-Halo" pass "" (vp)
    Full variant space:         4
    After settings filtering:   4
    After built-in stripping:   1
    After scriptable stripping: 1
    Processed in 0.00 seconds
    starting compilation...
    finished in 0.00 seconds. Local cache hits 1 (0.00s CPU time), remote cache hits 0 (0.00s CPU time), compiled 0 variants (0.00s CPU time), skipped 0 variants
    Prepared data for serialisation in 0.00s
Serialized binary data for shader Hidden/Internal-Halo in 0.00s
    gles3 (total internal programs: 1, unique: 1)
Compiling shader "Hidden/BlitCopyWithDepth" pass "" (vp)
    Full variant space:         1
    After settings filtering:   1
    After built-in stripping:   1
    After scriptable stripping: 1
    Processed in 0.00 seconds
    starting compilation...
    finished in 0.00 seconds. Local cache hits 1 (0.00s CPU time), remote cache hits 0 (0.00s CPU time), compiled 0 variants (0.00s CPU time), skipped 0 variants
    Prepared data for serialisation in 0.00s
Serialized binary data for shader Hidden/BlitCopyWithDepth in 0.00s
    gles3 (total internal programs: 1, unique: 1)
Compiling shader "Hidden/BlitToDepth" pass "" (vp)
    Full variant space:         1
    After settings filtering:   1
    After built-in stripping:   1
    After scriptable stripping: 1
    Processed in 0.00 seconds
    starting compilation...
    finished in 0.00 seconds. Local cache hits 1 (0.00s CPU time), remote cache hits 0 (0.00s CPU time), compiled 0 variants (0.00s CPU time), skipped 0 variants
    Prepared data for serialisation in 0.00s
Serialized binary data for shader Hidden/BlitToDepth in 0.00s
    gles3 (total internal programs: 1, unique: 1)
Compiling shader "Hidden/BlitToDepth_MSAA" pass "" (vp)
    Full variant space:         1
    After settings filtering:   1
    After built-in stripping:   1
    After scriptable stripping: 1
    Processed in 0.00 seconds
    starting compilation...
    finished in 0.00 seconds. Local cache hits 1 (0.00s CPU time), remote cache hits 0 (0.00s CPU time), compiled 0 variants (0.00s CPU time), skipped 0 variants
    Prepared data for serialisation in 0.00s
Serialized binary data for shader Hidden/BlitToDepth_MSAA in 0.00s
    gles3 (total internal programs: 1, unique: 1)
Compiling shader "Hidden/BlitCopyHDRTonemap" pass "" (vp)
    Full variant space:         1
    After settings filtering:   1
    After built-in stripping:   1
    After scriptable stripping: 1
    Processed in 0.00 seconds
    starting compilation...
    finished in 0.00 seconds. Local cache hits 1 (0.00s CPU time), remote cache hits 0 (0.00s CPU time), compiled 0 variants (0.00s CPU time), skipped 0 variants
    Prepared data for serialisation in 0.00s
Serialized binary data for shader Hidden/BlitCopyHDRTonemap in 0.00s
    gles3 (total internal programs: 1, unique: 1)
Compiling shader "Hidden/Internal-DebugPattern" pass "Target Color and DepthStencil" (vp)
    Full variant space:         1
    After settings filtering:   1
    After built-in stripping:   1
    After scriptable stripping: 1
    Processed in 0.00 seconds
    starting compilation...
    finished in 0.00 seconds. Local cache hits 1 (0.00s CPU time), remote cache hits 0 (0.00s CPU time), compiled 0 variants (0.00s CPU time), skipped 0 variants
    Prepared data for serialisation in 0.00s
Compiling shader "Hidden/Internal-DebugPattern" pass "Target only Color" (vp)
    Full variant space:         1
    After settings filtering:   1
    After built-in stripping:   1
    After scriptable stripping: 1
    Processed in 0.00 seconds
    starting compilation...
    finished in 0.00 seconds. Local cache hits 1 (0.00s CPU time), remote cache hits 0 (0.00s CPU time), compiled 0 variants (0.00s CPU time), skipped 0 variants
    Prepared data for serialisation in 0.00s
Compiling shader "Hidden/Internal-DebugPattern" pass "Target only DepthStencil" (vp)
    Full variant space:         1
    After settings filtering:   1
    After built-in stripping:   1
    After scriptable stripping: 1
    Processed in 0.00 seconds
    starting compilation...
    finished in 0.00 seconds. Local cache hits 1 (0.00s CPU time), remote cache hits 0 (0.00s CPU time), compiled 0 variants (0.00s CPU time), skipped 0 variants
    Prepared data for serialisation in 0.00s
Serialized binary data for shader Hidden/Internal-DebugPattern in 0.00s
    gles3 (total internal programs: 3, unique: 3)
Compiling shader "Hidden/Internal-GUITextureClip" pass "" (vp)
    Full variant space:         1
    After settings filtering:   1
    After built-in stripping:   1
    After scriptable stripping: 1
    Processed in 0.00 seconds
    starting compilation...
    finished in 0.00 seconds. Local cache hits 1 (0.00s CPU time), remote cache hits 0 (0.00s CPU time), compiled 0 variants (0.00s CPU time), skipped 0 variants
    Prepared data for serialisation in 0.00s
Compiling shader "Hidden/Internal-GUITextureClip" pass "" (vp)
    Full variant space:         1
    After settings filtering:   1
    After built-in stripping:   1
    After scriptable stripping: 1
    Processed in 0.00 seconds
    starting compilation...
    finished in 0.00 seconds. Local cache hits 1 (0.00s CPU time), remote cache hits 0 (0.00s CPU time), compiled 0 variants (0.00s CPU time), skipped 0 variants
    Prepared data for serialisation in 0.00s
Serialized binary data for shader Hidden/Internal-GUITextureClip in 0.00s
    gles3 (total internal programs: 2, unique: 1)
Compiling shader "Hidden/Internal-GUITextureClipText" pass "" (vp)
    Full variant space:         1
    After settings filtering:   1
    After built-in stripping:   1
    After scriptable stripping: 1
    Processed in 0.00 seconds
    starting compilation...
    finished in 0.00 seconds. Local cache hits 1 (0.00s CPU time), remote cache hits 0 (0.00s CPU time), compiled 0 variants (0.00s CPU time), skipped 0 variants
    Prepared data for serialisation in 0.00s
Compiling shader "Hidden/Internal-GUITextureClipText" pass "" (vp)
    Full variant space:         1
    After settings filtering:   1
    After built-in stripping:   1
    After scriptable stripping: 1
    Processed in 0.00 seconds
    starting compilation...
    finished in 0.00 seconds. Local cache hits 1 (0.00s CPU time), remote cache hits 0 (0.00s CPU time), compiled 0 variants (0.00s CPU time), skipped 0 variants
    Prepared data for serialisation in 0.00s
Serialized binary data for shader Hidden/Internal-GUITextureClipText in 0.00s
    gles3 (total internal programs: 2, unique: 1)
Compiling shader "Hidden/Internal-GUITexture" pass "" (vp)
    Full variant space:         1
    After settings filtering:   1
    After built-in stripping:   1
    After scriptable stripping: 1
    Processed in 0.00 seconds
    starting compilation...
    finished in 0.00 seconds. Local cache hits 1 (0.00s CPU time), remote cache hits 0 (0.00s CPU time), compiled 0 variants (0.00s CPU time), skipped 0 variants
    Prepared data for serialisation in 0.00s
Compiling shader "Hidden/Internal-GUITexture" pass "" (vp)
    Full variant space:         1
    After settings filtering:   1
    After built-in stripping:   1
    After scriptable stripping: 1
    Processed in 0.00 seconds
    starting compilation...
    finished in 0.00 seconds. Local cache hits 1 (0.00s CPU time), remote cache hits 0 (0.00s CPU time), compiled 0 variants (0.00s CPU time), skipped 0 variants
    Prepared data for serialisation in 0.00s
Serialized binary data for shader Hidden/Internal-GUITexture in 0.00s
    gles3 (total internal programs: 2, unique: 1)
Compiling shader "Hidden/Internal-GUITextureBlit" pass "" (vp)
    Full variant space:         1
    After settings filtering:   1
    After built-in stripping:   1
    After scriptable stripping: 1
    Processed in 0.00 seconds
    starting compilation...
    finished in 0.00 seconds. Local cache hits 1 (0.00s CPU time), remote cache hits 0 (0.00s CPU time), compiled 0 variants (0.00s CPU time), skipped 0 variants
    Prepared data for serialisation in 0.00s
Compiling shader "Hidden/Internal-GUITextureBlit" pass "" (vp)
    Full variant space:         1
    After settings filtering:   1
    After built-in stripping:   1
    After scriptable stripping: 1
    Processed in 0.00 seconds
    starting compilation...
    finished in 0.00 seconds. Local cache hits 1 (0.00s CPU time), remote cache hits 0 (0.00s CPU time), compiled 0 variants (0.00s CPU time), skipped 0 variants
    Prepared data for serialisation in 0.00s
Serialized binary data for shader Hidden/Internal-GUITextureBlit in 0.00s
    gles3 (total internal programs: 2, unique: 1)
Compiling shader "Hidden/Internal-GUIRoundedRect" pass "" (vp)
    Full variant space:         1
    After settings filtering:   1
    After built-in stripping:   1
    After scriptable stripping: 1
    Processed in 0.00 seconds
    starting compilation...
    finished in 0.00 seconds. Local cache hits 1 (0.00s CPU time), remote cache hits 0 (0.00s CPU time), compiled 0 variants (0.00s CPU time), skipped 0 variants
    Prepared data for serialisation in 0.00s
Compiling shader "Hidden/Internal-GUIRoundedRect" pass "" (vp)
    Full variant space:         1
    After settings filtering:   1
    After built-in stripping:   1
    After scriptable stripping: 1
    Processed in 0.00 seconds
    starting compilation...
    finished in 0.00 seconds. Local cache hits 1 (0.00s CPU time), remote cache hits 0 (0.00s CPU time), compiled 0 variants (0.00s CPU time), skipped 0 variants
    Prepared data for serialisation in 0.00s
Serialized binary data for shader Hidden/Internal-GUIRoundedRect in 0.00s
    gles3 (total internal programs: 2, unique: 1)
Compiling shader "Hidden/Internal-GUIRoundedRectWithColorPerBorder" pass "" (vp)
    Full variant space:         1
    After settings filtering:   1
    After built-in stripping:   1
    After scriptable stripping: 1
    Processed in 0.00 seconds
    starting compilation...
    finished in 0.00 seconds. Local cache hits 1 (0.00s CPU time), remote cache hits 0 (0.00s CPU time), compiled 0 variants (0.00s CPU time), skipped 0 variants
    Prepared data for serialisation in 0.00s
Compiling shader "Hidden/Internal-GUIRoundedRectWithColorPerBorder" pass "" (vp)
    Full variant space:         1
    After settings filtering:   1
    After built-in stripping:   1
    After scriptable stripping: 1
    Processed in 0.00 seconds
    starting compilation...
    finished in 0.00 seconds. Local cache hits 1 (0.00s CPU time), remote cache hits 0 (0.00s CPU time), compiled 0 variants (0.00s CPU time), skipped 0 variants
    Prepared data for serialisation in 0.00s
Serialized binary data for shader Hidden/Internal-GUIRoundedRectWithColorPerBorder in 0.00s
    gles3 (total internal programs: 2, unique: 1)
Compiling shader "Hidden/Internal-UIRDefault" pass "" (vp)
    Full variant space:         1
    After settings filtering:   1
    After built-in stripping:   1
    After scriptable stripping: 1
    Processed in 0.00 seconds
    starting compilation...
    finished in 0.00 seconds. Local cache hits 1 (0.00s CPU time), remote cache hits 0 (0.00s CPU time), compiled 0 variants (0.00s CPU time), skipped 0 variants
    Prepared data for serialisation in 0.00s
Compiling shader "Hidden/Internal-UIRDefault" pass "" (vp)
    Full variant space:         1
    After settings filtering:   1
    After built-in stripping:   1
    After scriptable stripping: 1
    Processed in 0.00 seconds
    starting compilation...
    finished in 0.00 seconds. Local cache hits 1 (0.00s CPU time), remote cache hits 0 (0.00s CPU time), compiled 0 variants (0.00s CPU time), skipped 0 variants
    Prepared data for serialisation in 0.00s
Serialized binary data for shader Hidden/Internal-UIRDefault in 0.00s
    gles3 (total internal programs: 2, unique: 2)
Compiling shader "Hidden/Internal-UIRAtlasBlitCopy" pass "" (vp)
    Full variant space:         1
    After settings filtering:   1
    After built-in stripping:   1
    After scriptable stripping: 1
    Processed in 0.00 seconds
    starting compilation...
    finished in 0.00 seconds. Local cache hits 1 (0.00s CPU time), remote cache hits 0 (0.00s CPU time), compiled 0 variants (0.00s CPU time), skipped 0 variants
    Prepared data for serialisation in 0.00s
Serialized binary data for shader Hidden/Internal-UIRAtlasBlitCopy in 0.00s
    gles3 (total internal programs: 1, unique: 1)
Compiling shader "Hidden/Internal-UIRDefaultWorld" pass "" (vp)
    Full variant space:         1
    After settings filtering:   1
    After built-in stripping:   1
    After scriptable stripping: 1
    Processed in 0.00 seconds
    starting compilation...
    finished in 0.00 seconds. Local cache hits 1 (0.00s CPU time), remote cache hits 0 (0.00s CPU time), compiled 0 variants (0.00s CPU time), skipped 0 variants
    Prepared data for serialisation in 0.00s
Compiling shader "Hidden/Internal-UIRDefaultWorld" pass "" (vp)
    Full variant space:         1
    After settings filtering:   1
    After built-in stripping:   1
    After scriptable stripping: 1
    Processed in 0.00 seconds
    starting compilation...
    finished in 0.00 seconds. Local cache hits 1 (0.00s CPU time), remote cache hits 0 (0.00s CPU time), compiled 0 variants (0.00s CPU time), skipped 0 variants
    Prepared data for serialisation in 0.00s
Serialized binary data for shader Hidden/Internal-UIRDefaultWorld in 0.00s
    gles3 (total internal programs: 2, unique: 2)
Compiling shader "Sprites/Default" pass "" (vp)
    Full variant space:         8
    After settings filtering:   8
    After built-in stripping:   4
    After scriptable stripping: 4
    Processed in 0.00 seconds
    starting compilation...
    finished in 0.00 seconds. Local cache hits 4 (0.00s CPU time), remote cache hits 0 (0.00s CPU time), compiled 0 variants (0.00s CPU time), skipped 0 variants
    Prepared data for serialisation in 0.00s
Serialized binary data for shader Sprites/Default in 0.00s
    gles3 (total internal programs: 4, unique: 4)
Compiling shader "Sprites/Mask" pass "" (vp)
    Full variant space:         4
    After settings filtering:   4
    After built-in stripping:   4
    After scriptable stripping: 4
    Processed in 0.00 seconds
    starting compilation...
    finished in 0.00 seconds. Local cache hits 4 (0.00s CPU time), remote cache hits 0 (0.00s CPU time), compiled 0 variants (0.00s CPU time), skipped 0 variants
    Prepared data for serialisation in 0.00s
Serialized binary data for shader Sprites/Mask in 0.00s
    gles3 (total internal programs: 4, unique: 4)
Compiling shader "UI/Default" pass "Default" (vp)
    Full variant space:         4
    After settings filtering:   4
    After built-in stripping:   4
    After scriptable stripping: 4
    Processed in 0.00 seconds
    starting compilation...
    finished in 0.00 seconds. Local cache hits 4 (0.01s CPU time), remote cache hits 0 (0.00s CPU time), compiled 0 variants (0.00s CPU time), skipped 0 variants
    Prepared data for serialisation in 0.00s
Serialized binary data for shader UI/Default in 0.00s
    gles3 (total internal programs: 4, unique: 4)
Compiling shader "UI/DefaultETC1" pass "Default" (vp)
    Full variant space:         4
    After settings filtering:   4
    After built-in stripping:   4
    After scriptable stripping: 4
    Processed in 0.00 seconds
    starting compilation...
    finished in 0.00 seconds. Local cache hits 4 (0.01s CPU time), remote cache hits 0 (0.00s CPU time), compiled 0 variants (0.00s CPU time), skipped 0 variants
    Prepared data for serialisation in 0.00s
Serialized binary data for shader UI/DefaultETC1 in 0.00s
    gles3 (total internal programs: 4, unique: 4)
Compiling shader "Hidden/CubeBlur" pass "" (vp)
    Full variant space:         1
    After settings filtering:   1
    After built-in stripping:   1
    After scriptable stripping: 1
    Processed in 0.00 seconds
    starting compilation...
    finished in 0.00 seconds. Local cache hits 1 (0.00s CPU time), remote cache hits 0 (0.00s CPU time), compiled 0 variants (0.00s CPU time), skipped 0 variants
    Prepared data for serialisation in 0.00s
Compiling shader "Hidden/CubeBlur" pass "" (vp)
    Full variant space:         1
    After settings filtering:   1
    After built-in stripping:   1
    After scriptable stripping: 1
    Processed in 0.00 seconds
    starting compilation...
    finished in 0.00 seconds. Local cache hits 1 (0.00s CPU time), remote cache hits 0 (0.00s CPU time), compiled 0 variants (0.00s CPU time), skipped 0 variants
    Prepared data for serialisation in 0.00s
Serialized binary data for shader Hidden/CubeBlur in 0.00s
    gles3 (total internal programs: 2, unique: 2)
Compiling shader "Hidden/CubeCopy" pass "" (vp)
    Full variant space:         1
    After settings filtering:   1
    After built-in stripping:   1
    After scriptable stripping: 1
    Processed in 0.00 seconds
    starting compilation...
    finished in 0.00 seconds. Local cache hits 1 (0.00s CPU time), remote cache hits 0 (0.00s CPU time), compiled 0 variants (0.00s CPU time), skipped 0 variants
    Prepared data for serialisation in 0.00s
Compiling shader "Hidden/CubeCopy" pass "" (vp)
    Full variant space:         1
    After settings filtering:   1
    After built-in stripping:   1
    After scriptable stripping: 1
    Processed in 0.00 seconds
    starting compilation...
    finished in 0.00 seconds. Local cache hits 1 (0.00s CPU time), remote cache hits 0 (0.00s CPU time), compiled 0 variants (0.00s CPU time), skipped 0 variants
    Prepared data for serialisation in 0.00s
Serialized binary data for shader Hidden/CubeCopy in 0.00s
    gles3 (total internal programs: 2, unique: 1)
Compiling shader "Hidden/CubeBlend" pass "" (vp)
    Full variant space:         1
    After settings filtering:   1
    After built-in stripping:   1
    After scriptable stripping: 1
    Processed in 0.00 seconds
    starting compilation...
    finished in 0.00 seconds. Local cache hits 1 (0.00s CPU time), remote cache hits 0 (0.00s CPU time), compiled 0 variants (0.00s CPU time), skipped 0 variants
    Prepared data for serialisation in 0.00s
Compiling shader "Hidden/CubeBlend" pass "" (vp)
    Full variant space:         1
    After settings filtering:   1
    After built-in stripping:   1
    After scriptable stripping: 1
    Processed in 0.00 seconds
    starting compilation...
    finished in 0.00 seconds. Local cache hits 1 (0.00s CPU time), remote cache hits 0 (0.00s CPU time), compiled 0 variants (0.00s CPU time), skipped 0 variants
    Prepared data for serialisation in 0.00s
Serialized binary data for shader Hidden/CubeBlend in 0.00s
    gles3 (total internal programs: 2, unique: 1)
Compiling shader "Hidden/VR/BlitTexArraySlice" pass "" (vp)
    Full variant space:         1
    After settings filtering:   1
    After built-in stripping:   1
    After scriptable stripping: 1
    Processed in 0.00 seconds
    starting compilation...
    finished in 0.00 seconds. Local cache hits 1 (0.00s CPU time), remote cache hits 0 (0.00s CPU time), compiled 0 variants (0.00s CPU time), skipped 0 variants
    Prepared data for serialisation in 0.00s
Serialized binary data for shader Hidden/VR/BlitTexArraySlice in 0.00s
    gles3 (total internal programs: 1, unique: 1)
Compiling shader "Hidden/Internal-ODSWorldTexture" pass "" (vp)
    Full variant space:         1
    After settings filtering:   1
    After built-in stripping:   1
    After scriptable stripping: 1
    Processed in 0.00 seconds
    starting compilation...
    finished in 0.00 seconds. Local cache hits 1 (0.00s CPU time), remote cache hits 0 (0.00s CPU time), compiled 0 variants (0.00s CPU time), skipped 0 variants
    Prepared data for serialisation in 0.00s
Compiling shader "Hidden/Internal-ODSWorldTexture" pass "" (vp)
    Full variant space:         1
    After settings filtering:   1
    After built-in stripping:   1
    After scriptable stripping: 1
    Processed in 0.00 seconds
    starting compilation...
    finished in 0.00 seconds. Local cache hits 1 (0.00s CPU time), remote cache hits 0 (0.00s CPU time), compiled 0 variants (0.00s CPU time), skipped 0 variants
    Prepared data for serialisation in 0.00s
Compiling shader "Hidden/Internal-ODSWorldTexture" pass "" (vp)
    Full variant space:         1
    After settings filtering:   1
    After built-in stripping:   1
    After scriptable stripping: 1
    Processed in 0.00 seconds
    starting compilation...
    finished in 0.00 seconds. Local cache hits 1 (0.00s CPU time), remote cache hits 0 (0.00s CPU time), compiled 0 variants (0.00s CPU time), skipped 0 variants
    Prepared data for serialisation in 0.00s
Compiling shader "Hidden/Internal-ODSWorldTexture" pass "" (vp)
    Full variant space:         1
    After settings filtering:   1
    After built-in stripping:   1
    After scriptable stripping: 1
    Processed in 0.00 seconds
    starting compilation...
    finished in 0.00 seconds. Local cache hits 1 (0.00s CPU time), remote cache hits 0 (0.00s CPU time), compiled 0 variants (0.00s CPU time), skipped 0 variants
    Prepared data for serialisation in 0.00s
Compiling shader "Hidden/Internal-ODSWorldTexture" pass "" (vp)
    Full variant space:         1
    After settings filtering:   1
    After built-in stripping:   1
    After scriptable stripping: 1
    Processed in 0.00 seconds
    starting compilation...
    finished in 0.00 seconds. Local cache hits 1 (0.00s CPU time), remote cache hits 0 (0.00s CPU time), compiled 0 variants (0.00s CPU time), skipped 0 variants
    Prepared data for serialisation in 0.00s
Compiling shader "Hidden/Internal-ODSWorldTexture" pass "" (vp)
    Full variant space:         1
    After settings filtering:   1
    After built-in stripping:   1
    After scriptable stripping: 1
    Processed in 0.00 seconds
    starting compilation...
    finished in 0.00 seconds. Local cache hits 1 (0.00s CPU time), remote cache hits 0 (0.00s CPU time), compiled 0 variants (0.00s CPU time), skipped 0 variants
    Prepared data for serialisation in 0.00s
Compiling shader "Hidden/Internal-ODSWorldTexture" pass "" (vp)
    Full variant space:         1
    After settings filtering:   1
    After built-in stripping:   1
    After scriptable stripping: 1
    Processed in 0.00 seconds
    starting compilation...
    finished in 0.00 seconds. Local cache hits 1 (0.00s CPU time), remote cache hits 0 (0.00s CPU time), compiled 0 variants (0.00s CPU time), skipped 0 variants
    Prepared data for serialisation in 0.00s
Compiling shader "Hidden/Internal-ODSWorldTexture" pass "" (vp)
    Full variant space:         1
    After settings filtering:   1
    After built-in stripping:   1
    After scriptable stripping: 1
    Processed in 0.00 seconds
    starting compilation...
    finished in 0.00 seconds. Local cache hits 1 (0.00s CPU time), remote cache hits 0 (0.00s CPU time), compiled 0 variants (0.00s CPU time), skipped 0 variants
    Prepared data for serialisation in 0.00s
Compiling shader "Hidden/Internal-ODSWorldTexture" pass "" (vp)
    Full variant space:         1
    After settings filtering:   1
    After built-in stripping:   1
    After scriptable stripping: 1
    Processed in 0.00 seconds
    starting compilation...
    finished in 0.00 seconds. Local cache hits 1 (0.00s CPU time), remote cache hits 0 (0.00s CPU time), compiled 0 variants (0.00s CPU time), skipped 0 variants
    Prepared data for serialisation in 0.00s
Compiling shader "Hidden/Internal-ODSWorldTexture" pass "" (vp)
    Full variant space:         1
    After settings filtering:   1
    After built-in stripping:   1
    After scriptable stripping: 1
    Processed in 0.00 seconds
    starting compilation...
    finished in 0.00 seconds. Local cache hits 1 (0.00s CPU time), remote cache hits 0 (0.00s CPU time), compiled 0 variants (0.00s CPU time), skipped 0 variants
    Prepared data for serialisation in 0.00s
Serialized binary data for shader Hidden/Internal-ODSWorldTexture in 0.00s
    gles3 (total internal programs: 10, unique: 9)
Compiling shader "Hidden/Internal-CubemapToEquirect" pass "" (vp)
    Full variant space:         1
    After settings filtering:   1
    After built-in stripping:   1
    After scriptable stripping: 1
    Processed in 0.00 seconds
    starting compilation...
    finished in 0.00 seconds. Local cache hits 1 (0.00s CPU time), remote cache hits 0 (0.00s CPU time), compiled 0 variants (0.00s CPU time), skipped 0 variants
    Prepared data for serialisation in 0.00s
Serialized binary data for shader Hidden/Internal-CubemapToEquirect in 0.00s
    gles3 (total internal programs: 1, unique: 1)
Compiling shader "Hidden/VR/BlitFromTex2DToTexArraySlice" pass "" (vp)
    Full variant space:         1
    After settings filtering:   1
    After built-in stripping:   1
    After scriptable stripping: 1
    Processed in 0.00 seconds
    starting compilation...
    finished in 0.00 seconds. Local cache hits 1 (0.00s CPU time), remote cache hits 0 (0.00s CPU time), compiled 0 variants (0.00s CPU time), skipped 0 variants
    Prepared data for serialisation in 0.00s
Compiling shader "Hidden/VR/BlitFromTex2DToTexArraySlice" pass "" (vp)
    Full variant space:         1
    After settings filtering:   1
    After built-in stripping:   1
    After scriptable stripping: 1
    Processed in 0.00 seconds
    starting compilation...
    finished in 0.00 seconds. Local cache hits 1 (0.00s CPU time), remote cache hits 0 (0.00s CPU time), compiled 0 variants (0.00s CPU time), skipped 0 variants
    Prepared data for serialisation in 0.00s
Serialized binary data for shader Hidden/VR/BlitFromTex2DToTexArraySlice in 0.00s
    gles3 (total internal programs: 2, unique: 2)
Compiling shader "Hidden/VideoComposite" pass "Default" (vp)
    Full variant space:         1
    After settings filtering:   1
    After built-in stripping:   1
    After scriptable stripping: 1
    Processed in 0.00 seconds
    starting compilation...
    finished in 0.00 seconds. Local cache hits 1 (0.00s CPU time), remote cache hits 0 (0.00s CPU time), compiled 0 variants (0.00s CPU time), skipped 0 variants
    Prepared data for serialisation in 0.00s
Serialized binary data for shader Hidden/VideoComposite in 0.00s
    gles3 (total internal programs: 1, unique: 1)
Compiling shader "Hidden/TextCore/Distance Field SSD" pass "" (vp)
    Full variant space:         1
    After settings filtering:   1
    After built-in stripping:   1
    After scriptable stripping: 1
    Processed in 0.00 seconds
    starting compilation...
    finished in 0.00 seconds. Local cache hits 1 (0.00s CPU time), remote cache hits 0 (0.00s CPU time), compiled 0 variants (0.00s CPU time), skipped 0 variants
    Prepared data for serialisation in 0.00s
Serialized binary data for shader Hidden/TextCore/Distance Field SSD in 0.00s
    gles3 (total internal programs: 1, unique: 1)

***Player size statistics***
Level 0 'Assets/_Project/Scenes/SocialClub.unity' uses 410.9 KB compressed / 3.9 MB uncompressed.
Total compressed size 411.2 KB. Total uncompressed size 3.9 MB.
[40m[32minfo[39m[22m[49m: Microsoft.AspNetCore.Hosting.Diagnostics[1]
      Request starting HTTP/2 POST http://ilpp/UnityILPP.PostProcessing/Ping application/grpc -
[40m[32minfo[39m[22m[49m: Microsoft.AspNetCore.Routing.EndpointMiddleware[0]
      Executing endpoint 'gRPC - /UnityILPP.PostProcessing/Ping'
[40m[32minfo[39m[22m[49m: Microsoft.AspNetCore.Routing.EndpointMiddleware[1]
      Executed endpoint 'gRPC - /UnityILPP.PostProcessing/Ping'
[40m[32minfo[39m[22m[49m: Microsoft.AspNetCore.Hosting.Diagnostics[2]
      Request finished HTTP/2 POST http://ilpp/UnityILPP.PostProcessing/Ping application/grpc - - 200 - application/grpc 0.2954ms
Starting: /home/hatch/workspace/unity-setup/Unity-2022.3.62f3/Editor/Data/bee_backend --ipc --dagfile="Library/Bee/Player5fa928f7.dag" --profile="Library/Bee/backend1.traceevents" Player
WorkingDir: /home/hatch/workspace/cod-mobile
DisplayProgressbar: Incremental Player Build
[195/627    0s] AddBootConfigGUID Library/Bee/artifacts/WebGL/boot.config
[BUSY       6s] UnityLinker /home/hatch/workspace/cod-mobile/Library/Bee/artifacts/unitylinker_ber2.traceevents
[214/627   13s] UnityLinker /home/hatch/workspace/cod-mobile/Library/Bee/artifacts/unitylinker_ber2.traceevents
/home/hatch/workspace/unity-setup/Unity-2022.3.62f3/Editor/Data/il2cpp/build/deploy/UnityLinker --allowed-assembly=/home/hatch/workspace/unity-setup/Unity-2022.3.62f3/Editor/Data/PlaybackEngines/WebGLSupport/Managed/UnityEngine.AIModule.dll --allowed-assembly=/home/hatch/workspace/unity-setup/Unity-2022.3.62f3/Editor/Data/PlaybackEngines/WebGLSupport/Managed/UnityEngine.AccessibilityModule.dll --allowed-assembly=/home/hatch/workspace/unity-setup/Unity-2022.3.62f3/Editor/Data/PlaybackEngines/WebGLSupport/Managed/UnityEngine.AndroidJNIModule.dll --allowed-assembly=/home/hatch/workspace/unity-setup/Unity-2022.3.62f3/Editor/Data/PlaybackEngines/WebGLSupport/Managed/UnityEngine.AnimationModule.dll --allowed-assembly=/home/hatch/workspace/unity-setup/Unity-2022.3.62f3/Editor/Data/PlaybackEngines/WebGLSupport/Managed/UnityEngine.AssetBundleModule.dll --allowed-assembly=/home/hatch/workspace/unity-setup/Unity-2022.3.62f3/Editor/Data/PlaybackEngines/WebGLSupport/Managed/UnityEngine.AudioModule.dll --allowed-assembly=/home/hatch/workspace/unity-setup/Unity-2022.3.62f3/Editor/Data/PlaybackEngines/WebGLSupport/Managed/UnityEngine.ClothModule.dll --allowed-assembly=/home/hatch/workspace/unity-setup/Unity-2022.3.62f3/Editor/Data/PlaybackEngines/WebGLSupport/Managed/UnityEngine.ContentLoadModule.dll --allowed-assembly=/home/hatch/workspace/unity-setup/Unity-2022.3.62f3/Editor/Data/PlaybackEngines/WebGLSupport/Managed/UnityEngine.CoreModule.dll --allowed-assembly=/home/hatch/workspace/unity-setup/Unity-2022.3.62f3/Editor/Data/PlaybackEngines/WebGLSupport/Managed/UnityEngine.CrashReportingModule.dll --allowed-assembly=/home/hatch/workspace/unity-setup/Unity-2022.3.62f3/Editor/Data/PlaybackEngines/WebGLSupport/Managed/UnityEngine.DSPGraphModule.dll --allowed-assembly=/home/hatch/workspace/unity-setup/Unity-2022.3.62f3/Editor/Data/PlaybackEngines/WebGLSupport/Managed/UnityEngine.DirectorModule.dll --allowed-assembly=/home/hatch/workspace/unity-setup/Unity-2022.3.62f3/Editor/Data/PlaybackEngines/WebGLSupport/Managed/UnityEngine.GIModule.dll --allowed-assembly=/home/hatch/workspace/unity-setup/Unity-2022.3.62f3/Editor/Data/PlaybackEngines/WebGLSupport/Managed/UnityEngine.GameCenterModule.dll --allowed-assembly=/home/hatch/workspace/unity-setup/Unity-2022.3.62f3/Editor/Data/PlaybackEngines/WebGLSupport/Managed/UnityEngine.GridModule.dll --allowed-assembly=/home/hatch/workspace/unity-setup/Unity-2022.3.62f3/Editor/Data/PlaybackEngines/WebGLSupport/Managed/UnityEngine.HotReloadModule.dll --allowed-assembly=/home/hatch/workspace/unity-setup/Unity-2022.3.62f3/Editor/Data/PlaybackEngines/WebGLSupport/Managed/UnityEngine.IMGUIModule.dll --allowed-assembly=/home/hatch/workspace/unity-setup/Unity-2022.3.62f3/Editor/Data/PlaybackEngines/WebGLSupport/Managed/UnityEngine.ImageConversionModule.dll --allowed-assembly=/home/hatch/workspace/unity-setup/Unity-2022.3.62f3/Editor/Data/PlaybackEngines/WebGLSupport/Managed/UnityEngine.InputLegacyModule.dll --allowed-assembly=/home/hatch/workspace/unity-setup/Unity-2022.3.62f3/Editor/Data/PlaybackEngines/WebGLSupport/Managed/UnityEngine.InputModule.dll --allowed-assembly=/home/hatch/workspace/unity-setup/Unity-2022.3.62f3/Editor/Data/PlaybackEngines/WebGLSupport/Managed/UnityEngine.JSONSerializeModule.dll --allowed-assembly=/home/hatch/workspace/unity-setup/Unity-2022.3.62f3/Editor/Data/PlaybackEngines/WebGLSupport/Managed/UnityEngine.LocalizationModule.dll --allowed-assembly=/home/hatch/workspace/unity-setup/Unity-2022.3.62f3/Editor/Data/PlaybackEngines/WebGLSupport/Managed/UnityEngine.ParticleSystemModule.dll --allowed-assembly=/home/hatch/workspace/unity-setup/Unity-2022.3.62f3/Editor/Data/PlaybackEngines/WebGLSupport/Managed/UnityEngine.PerformanceReportingModule.dll --allowed-assembly=/home/hatch/workspace/unity-setup/Unity-2022.3.62f3/Editor/Data/PlaybackEngines/WebGLSupport/Managed/UnityEngine.Physics2DModule.dll --allowed-assembly=/home/hatch/workspace/unity-setup/Unity-2022.3.62f3/Editor/Data/PlaybackEngines/WebGLSupport/Managed/UnityEngine.PhysicsModule.dll --allowed-assembly=/home/hatch/workspace/unity-setup/Unity-2022.3.62f3/Editor/Data/PlaybackEngines/WebGLSupport/Managed/UnityEngine.ProfilerModule.dll --allowed-assembly=/home/hatch/workspace/unity-setup/Unity-2022.3.62f3/Editor/Data/PlaybackEngines/WebGLSupport/Managed/UnityEngine.PropertiesModule.dll --allowed-assembly=/home/hatch/workspace/unity-setup/Unity-2022.3.62f3/Editor/Data/PlaybackEngines/WebGLSupport/Managed/UnityEngine.RuntimeInitializeOnLoadManagerInitializerModule.dll --allowed-assembly=/home/hatch/workspace/unity-setup/Unity-2022.3.62f3/Editor/Data/PlaybackEngines/WebGLSupport/Managed/UnityEngine.ScreenCaptureModule.dll --allowed-assembly=/home/hatch/workspace/unity-setup/Unity-2022.3.62f3/Editor/Data/PlaybackEngines/WebGLSupport/Managed/UnityEngine.SharedInternalsModule.dll --allowed-assembly=/home/hatch/workspace/unity-setup/Unity-2022.3.62f3/Editor/Data/PlaybackEngines/WebGLSupport/Managed/UnityEngine.SpriteMaskModule.dll --allowed-assembly=/home/hatch/workspace/unity-setup/Unity-2022.3.62f3/Editor/Data/PlaybackEngines/WebGLSupport/Managed/UnityEngine.SpriteShapeModule.dll --allowed-assembly=/home/hatch/workspace/unity-setup/Unity-2022.3.62f3/Editor/Data/PlaybackEngines/WebGLSupport/Managed/UnityEngine.StreamingModule.dll --allowed-assembly=/home/hatch/workspace/unity-setup/Unity-2022.3.62f3/Editor/Data/PlaybackEngines/WebGLSupport/Managed/UnityEngine.SubstanceModule.dll --allowed-assembly=/home/hatch/workspace/unity-setup/Unity-2022.3.62f3/Editor/Data/PlaybackEngines/WebGLSupport/Managed/UnityEngine.SubsystemsModule.dll --allowed-assembly=/home/hatch/workspace/unity-setup/Unity-2022.3.62f3/Editor/Data/PlaybackEngines/WebGLSupport/Managed/UnityEngine.TLSModule.dll --allowed-assembly=/home/hatch/workspace/unity-setup/Unity-2022.3.62f3/Editor/Data/PlaybackEngines/WebGLSupport/Managed/UnityEngine.TerrainModule.dll --allowed-assembly=/home/hatch/workspace/unity-setup/Unity-2022.3.62f3/Editor/Data/PlaybackEngines/WebGLSupport/Managed/UnityEngine.TerrainPhysicsModule.dll --allowed-assembly=/home/hatch/workspace/unity-setup/Unity-2022.3.62f3/Editor/Data/PlaybackEngines/WebGLSupport/Managed/UnityEngine.TextCoreFontEngineModule.dll --allowed-assembly=/home/hatch/workspace/unity-setup/Unity-2022.3.62f3/Editor/Data/PlaybackEngines/WebGLSupport/Managed/UnityEngine.TextCoreTextEngineModule.dll --allowed-assembly=/home/hatch/workspace/unity-setup/Unity-2022.3.62f3/Editor/Data/PlaybackEngines/WebGLSupport/Managed/UnityEngine.TextRenderingModule.dll --allowed-assembly=/home/hatch/workspace/unity-setup/Unity-2022.3.62f3/Editor/Data/PlaybackEngines/WebGLSupport/Managed/UnityEngine.TilemapModule.dll --allowed-assembly=/home/hatch/workspace/unity-setup/Unity-2022.3.62f3/Editor/Data/PlaybackEngines/WebGLSupport/Managed/UnityEngine.UIElementsModule.dll --allowed-assembly=/home/hatch/workspace/unity-setup/Unity-2022.3.62f3/Editor/Data/PlaybackEngines/WebGLSupport/Managed/UnityEngine.UIModule.dll --allowed-assembly=/home/hatch/workspace/unity-setup/Unity-2022.3.62f3/Editor/Data/PlaybackEngines/WebGLSupport/Managed/UnityEngine.UmbraModule.dll --allowed-assembly=/home/hatch/workspace/unity-setup/Unity-2022.3.62f3/Editor/Data/PlaybackEngines/WebGLSupport/Managed/UnityEngine.UnityAnalyticsCommonModule.dll --allowed-assembly=/home/hatch/workspace/unity-setup/Unity-2022.3.62f3/Editor/Data/PlaybackEngines/WebGLSupport/Managed/UnityEngine.UnityAnalyticsModule.dll --allowed-assembly=/home/hatch/workspace/unity-setup/Unity-2022.3.62f3/Editor/Data/PlaybackEngines/WebGLSupport/Managed/UnityEngine.UnityConnectModule.dll --allowed-assembly=/home/hatch/workspace/unity-setup/Unity-2022.3.62f3/Editor/Data/PlaybackEngines/WebGLSupport/Managed/UnityEngine.UnityCurlModule.dll --allowed-assembly=/home/hatch/workspace/unity-setup/Unity-2022.3.62f3/Editor/Data/PlaybackEngines/WebGLSupport/Managed/UnityEngine.UnityTestProtocolModule.dll --allowed-assembly=/home/hatch/workspace/unity-setup/Unity-2022.3.62f3/Editor/Data/PlaybackEngines/WebGLSupport/Managed/UnityEngine.UnityWebRequestAssetBundleModule.dll --allowed-assembly=/home/hatch/workspace/unity-setup/Unity-2022.3.62f3/Editor/Data/PlaybackEngines/WebGLSupport/Managed/UnityEngine.UnityWebRequestAudioModule.dll --allowed-assembly=/home/hatch/workspace/unity-setup/Unity-2022.3.62f3/Editor/Data/PlaybackEngines/WebGLSupport/Managed/UnityEngine.UnityWebRequestModule.dll --allowed-assembly=/home/hatch/workspace/unity-setup/Unity-2022.3.62f3/Editor/Data/PlaybackEngines/WebGLSupport/Managed/UnityEngine.UnityWebRequestTextureModule.dll --allowed-assembly=/home/hatch/workspace/unity-setup/Unity-2022.3.62f3/Editor/Data/PlaybackEngines/WebGLSupport/Managed/UnityEngine.UnityWebRequestWWWModule.dll --allowed-assembly=/home/hatch/workspace/unity-setup/Unity-2022.3.62f3/Editor/Data/PlaybackEngines/WebGLSupport/Managed/UnityEngine.VFXModule.dll --allowed-assembly=/home/hatch/workspace/unity-setup/Unity-2022.3.62f3/Editor/Data/PlaybackEngines/WebGLSupport/Managed/UnityEngine.VRModule.dll --allowed-assembly=/home/hatch/workspace/unity-setup/Unity-2022.3.62f3/Editor/Data/PlaybackEngines/WebGLSupport/Managed/UnityEngine.VehiclesModule.dll --allowed-assembly=/home/hatch/workspace/unity-setup/Unity-2022.3.62f3/Editor/Data/PlaybackEngines/WebGLSupport/Managed/UnityEngine.VideoModule.dll --allowed-assembly=/home/hatch/workspace/unity-setup/Unity-2022.3.62f3/Editor/Data/PlaybackEngines/WebGLSupport/Managed/UnityEngine.WebGLModule.dll --allowed-assembly=/home/hatch/workspace/unity-setup/Unity-2022.3.62f3/Editor/Data/PlaybackEngines/WebGLSupport/Managed/UnityEngine.WindModule.dll --allowed-assembly=/home/hatch/workspace/unity-setup/Unity-2022.3.62f3/Editor/Data/PlaybackEngines/WebGLSupport/Managed/UnityEngine.XRModule.dll --allowed-assembly=/home/hatch/workspace/unity-setup/Unity-2022.3.62f3/Editor/Data/PlaybackEngines/WebGLSupport/Managed/UnityEngine.dll --allowed-assembly=/home/hatch/workspace/cod-mobile/Library/Bee/PlayerScriptAssemblies/Assembly-CSharp.dll --allowed-assembly=/home/hatch/workspace/cod-mobile/Library/Bee/PlayerScriptAssemblies/UnityEngine.Purchasing.AppleMacosStub.dll --allowed-assembly=/home/hatch/workspace/cod-mobile/Library/Bee/PlayerScriptAssemblies/UnityEngine.Purchasing.Stores.dll --allowed-assembly=/home/hatch/workspace/cod-mobile/Library/Bee/PlayerScriptAssemblies/Unity.RenderPipelines.Core.Runtime.dll --allowed-assembly=/home/hatch/workspace/cod-mobile/Library/Bee/PlayerScriptAssemblies/Unity.AI.Navigation.dll --allowed-assembly=/home/hatch/workspace/cod-mobile/Library/Bee/PlayerScriptAssemblies/UnityEngine.Purchasing.AppleStub.dll --allowed-assembly=/home/hatch/workspace/cod-mobile/Library/Bee/PlayerScriptAssemblies/Unity.Analytics.DataPrivacy.dll --allowed-assembly=/home/hatch/workspace/cod-mobile/Library/Bee/PlayerScriptAssemblies/Unity.Services.Core.Environments.Internal.dll --allowed-assembly=/home/hatch/workspace/cod-mobile/Library/Bee/PlayerScriptAssemblies/Unity.Services.Core.dll --allowed-assembly=/home/hatch/workspace/cod-mobile/Library/Bee/PlayerScriptAssemblies/Unity.Services.Core.Networking.dll --allowed-assembly=/home/hatch/workspace/cod-mobile/Library/Bee/PlayerScriptAssemblies/Unity.RenderPipelines.Universal.Config.Runtime.dll --allowed-assembly=/home/hatch/workspace/cod-mobile/Library/Bee/PlayerScriptAssemblies/Unity.Services.Core.Scheduler.dll --allowed-assembly=/home/hatch/workspace/cod-mobile/Library/Bee/PlayerScriptAssemblies/Unity.Services.Core.Environments.dll --allowed-assembly=/home/hatch/workspace/cod-mobile/Library/Bee/PlayerScriptAssemblies/Unity.Services.Core.Configuration.dll --allowed-assembly=/home/hatch/workspace/cod-mobile/Library/Bee/PlayerScriptAssemblies/UnityEngine.Purchasing.WinRTStub.dll --allowed-assembly=/home/hatch/workspace/cod-mobile/Library/Bee/PlayerScriptAssemblies/UnityEngine.Purchasing.SecurityCore.dll --allowed-assembly=/home/hatch/workspace/cod-mobile/Library/Bee/PlayerScriptAssemblies/Unity.RenderPipelines.Core.ShaderLibrary.dll --allowed-assembly=/home/hatch/workspace/cod-mobile/Library/Bee/PlayerScriptAssemblies/UnityEngine.Purchasing.Codeless.dll --allowed-assembly=/home/hatch/workspace/cod-mobile/Library/Bee/PlayerScriptAssemblies/Unity.TextMeshPro.dll --allowed-assembly=/home/hatch/workspace/cod-mobile/Library/Bee/PlayerScriptAssemblies/Unity.Services.Core.Analytics.dll --allowed-assembly=/home/hatch/workspace/cod-mobile/Library/Bee/PlayerScriptAssemblies/UnityEngine.Purchasing.dll --allowed-assembly=/home/hatch/workspace/cod-mobile/Library/Bee/PlayerScriptAssemblies/Unity.RenderPipelines.ShaderGraph.ShaderGraphLibrary.dll --allowed-assembly=/home/hatch/workspace/cod-mobile/Library/Bee/PlayerScriptAssemblies/UnityEngine.Purchasing.AppleCore.dll --allowed-assembly=/home/hatch/workspace/cod-mobile/Library/Bee/PlayerScriptAssemblies/Unity.RenderPipelines.Universal.Runtime.dll --allowed-assembly=/home/hatch/workspace/cod-mobile/Library/Bee/PlayerScriptAssemblies/UnityEngine.XR.LegacyInputHelpers.dll --allowed-assembly=/home/hatch/workspace/cod-mobile/Library/Bee/PlayerScriptAssemblies/UnityEngine.Purchasing.WinRTCore.dll --allowed-assembly=/home/hatch/workspace/cod-mobile/Library/Bee/PlayerScriptAssemblies/Unity.Burst.dll --allowed-assembly=/home/hatch/workspace/cod-mobile/Library/Bee/PlayerScriptAssemblies/UnityEngine.Purchasing.SecurityStub.dll --allowed-assembly=/home/hatch/workspace/cod-mobile/Library/Bee/PlayerScriptAssemblies/UnityEngine.Advertisements.dll --allowed-assembly=/home/hatch/workspace/cod-mobile/Library/Bee/PlayerScriptAssemblies/Unity.Services.Core.Internal.dll --allowed-assembly=/home/hatch/workspace/cod-mobile/Library/Bee/PlayerScriptAssemblies/Unity.Services.Core.Device.dll --allowed-assembly=/home/hatch/workspace/cod-mobile/Library/Bee/PlayerScriptAssemblies/Purchasing.Common.dll --allowed-assembly=/home/hatch/workspace/cod-mobile/Library/Bee/PlayerScriptAssemblies/Unity.Services.Core.Threading.dll --allowed-assembly=/home/hatch/workspace/cod-mobile/Library/Bee/PlayerScriptAssemblies/UnityEngine.SpatialTracking.dll --allowed-assembly=/home/hatch/workspace/cod-mobile/Library/Bee/PlayerScriptAssemblies/UnityEngine.UI.dll --allowed-assembly=/home/hatch/workspace/cod-mobile/Library/Bee/PlayerScriptAssemblies/Unity.Services.Core.Telemetry.dll --allowed-assembly=/home/hatch/workspace/cod-mobile/Library/Bee/PlayerScriptAssemblies/Unity.RenderPipelines.Universal.2D.Internal.dll --allowed-assembly=/home/hatch/workspace/cod-mobile/Library/Bee/PlayerScriptAssemblies/Unity.RenderPipeline.Universal.ShaderLibrary.dll --allowed-assembly=/home/hatch/workspace/cod-mobile/Library/Bee/PlayerScriptAssemblies/Unity.Timeline.dll --allowed-assembly=/home/hatch/workspace/cod-mobile/Library/Bee/PlayerScriptAssemblies/Unity.InputSystem.dll --allowed-assembly=/home/hatch/workspace/cod-mobile/Library/Bee/PlayerScriptAssemblies/Unity.InputSystem.ForUI.dll --allowed-assembly=/home/hatch/workspace/cod-mobile/Library/Bee/PlayerScriptAssemblies/Unity.Services.Core.Components.dll --allowed-assembly=/home/hatch/workspace/cod-mobile/Library/Bee/PlayerScriptAssemblies/Unity.Services.Analytics.dll --allowed-assembly=/home/hatch/workspace/cod-mobile/Library/Bee/PlayerScriptAssemblies/Unity.Mathematics.dll --allowed-assembly=/home/hatch/workspace/cod-mobile/Library/Bee/PlayerScriptAssemblies/Unity.RenderPipelines.Universal.Shaders.dll --allowed-assembly=/home/hatch/workspace/cod-mobile/Library/Bee/PlayerScriptAssemblies/Unity.Services.Core.Registration.dll --allowed-assembly=/home/hatch/workspace/cod-mobile/Library/PackageCache/com.unity.burst@1.8.21/Unity.Burst.Unsafe.dll --allowed-assembly=/home/hatch/workspace/cod-mobile/Library/PackageCache/com.unity.nuget.newtonsoft-json@3.2.1/Runtime/AOT/Newtonsoft.Json.dll --allowed-assembly=/home/hatch/workspace/unity-setup/Unity-2022.3.62f3/Editor/Data/MonoBleedingEdge/lib/mono/unityaot-linux/Accessibility.dll --allowed-assembly=/home/hatch/workspace/unity-setup/Unity-2022.3.62f3/Editor/Data/MonoBleedingEdge/lib/mono/unityaot-linux/Facades/Microsoft.Win32.Primitives.dll --allowed-assembly=/home/hatch/workspace/unity-setup/Unity-2022.3.62f3/Editor/Data/MonoBleedingEdge/lib/mono/unityaot-linux/Facades/Microsoft.Win32.Registry.AccessControl.dll --allowed-assembly=/home/hatch/workspace/unity-setup/Unity-2022.3.62f3/Editor/Data/MonoBleedingEdge/lib/mono/unityaot-linux/Facades/Microsoft.Win32.Registry.dll --allowed-assembly=/home/hatch/workspace/unity-setup/Unity-2022.3.62f3/Editor/Data/MonoBleedingEdge/lib/mono/unityaot-linux/Facades/System.AppContext.dll --allowed-assembly=/home/hatch/workspace/unity-setup/Unity-2022.3.62f3/Editor/Data/MonoBleedingEdge/lib/mono/unityaot-linux/Facades/System.Buffers.dll --allowed-assembly=/home/hatch/workspace/unity-setup/Unity-2022.3.62f3/Editor/Data/MonoBleedingEdge/lib/mono/unityaot-linux/Facades/System.Collections.Concurrent.dll --allowed-assembly=/home/hatch/workspace/unity-setup/Unity-2022.3.62f3/Editor/Data/MonoBleedingEdge/lib/mono/unityaot-linux/Facades/System.Collections.NonGeneric.dll --allowed-assembly=/home/hatch/workspace/unity-setup/Unity-2022.3.62f3/Editor/Data/MonoBleedingEdge/lib/mono/unityaot-linux/Facades/System.Collections.Specialized.dll --allowed-assembly=/home/hatch/workspace/unity-setup/Unity-2022.3.62f3/Editor/Data/MonoBleedingEdge/lib/mono/unityaot-linux/Facades/System.Collections.dll --allowed-assembly=/home/hatch/workspace/unity-setup/Unity-2022.3.62f3/Editor/Data/MonoBleedingEdge/lib/mono/unityaot-linux/Facades/System.ComponentModel.Annotations.dll --allowed-assembly=/home/hatch/workspace/unity-setup/Unity-2022.3.62f3/Editor/Data/MonoBleedingEdge/lib/mono/unityaot-linux/Facades/System.ComponentModel.EventBasedAsync.dll --allowed-assembly=/home/hatch/workspace/unity-setup/Unity-2022.3.62f3/Editor/Data/MonoBleedingEdge/lib/mono/unityaot-linux/Facades/System.ComponentModel.Primitives.dll --allowed-assembly=/home/hatch/workspace/unity-setup/Unity-2022.3.62f3/Editor/Data/MonoBleedingEdge/lib/mono/unityaot-linux/Facades/System.ComponentModel.TypeConverter.dll --allowed-assembly=/home/hatch/workspace/unity-setup/Unity-2022.3.62f3/Editor/Data/MonoBleedingEdge/lib/mono/unityaot-linux/Facades/System.ComponentModel.dll --allowed-assembly=/home/hatch/workspace/unity-setup/Unity-2022.3.62f3/Editor/Data/MonoBleedingEdge/lib/mono/unityaot-linux/Facades/System.Console.dll --allowed-assembly=/home/hatch/workspace/unity-setup/Unity-2022.3.62f3/Editor/Data/MonoBleedingEdge/lib/mono/unityaot-linux/Facades/System.Data.Common.dll --allowed-assembly=/home/hatch/workspace/unity-setup/Unity-2022.3.62f3/Editor/Data/MonoBleedingEdge/lib/mono/unityaot-linux/Facades/System.Data.SqlClient.dll --allowed-assembly=/home/hatch/workspace/unity-setup/Unity-2022.3.62f3/Editor/Data/MonoBleedingEdge/lib/mono/unityaot-linux/Facades/System.Diagnostics.Contracts.dll --allowed-assembly=/home/hatch/workspace/unity-setup/Unity-2022.3.62f3/Editor/Data/MonoBleedingEdge/lib/mono/unityaot-linux/Facades/System.Diagnostics.Debug.dll --allowed-assembly=/home/hatch/workspace/unity-setup/Unity-2022.3.62f3/Editor/Data/MonoBleedingEdge/lib/mono/unityaot-linux/Facades/System.Diagnostics.FileVersionInfo.dll --allowed-assembly=/home/hatch/workspace/unity-setup/Unity-2022.3.62f3/Editor/Data/MonoBleedingEdge/lib/mono/unityaot-linux/Facades/System.Diagnostics.Process.dll --allowed-assembly=/home/hatch/workspace/unity-setup/Unity-2022.3.62f3/Editor/Data/MonoBleedingEdge/lib/mono/unityaot-linux/Facades/System.Diagnostics.StackTrace.dll --allowed-assembly=/home/hatch/workspace/unity-setup/Unity-2022.3.62f3/Editor/Data/MonoBleedingEdge/lib/mono/unityaot-linux/Facades/System.Diagnostics.TextWriterTraceListener.dll --allowed-assembly=/home/hatch/workspace/unity-setup/Unity-2022.3.62f3/Editor/Data/MonoBleedingEdge/lib/mono/unityaot-linux/Facades/System.Diagnostics.Tools.dll --allowed-assembly=/home/hatch/workspace/unity-setup/Unity-2022.3.62f3/Editor/Data/MonoBleedingEdge/lib/mono/unityaot-linux/Facades/System.Diagnostics.TraceEvent.dll --allowed-assembly=/home/hatch/workspace/unity-setup/Unity-2022.3.62f3/Editor/Data/MonoBleedingEdge/lib/mono/unityaot-linux/Facades/System.Diagnostics.TraceSource.dll --allowed-assembly=/home/hatch/workspace/unity-setup/Unity-2022.3.62f3/Editor/Data/MonoBleedingEdge/lib/mono/unityaot-linux/Facades/System.Diagnostics.Tracing.dll --allowed-assembly=/home/hatch/workspace/unity-setup/Unity-2022.3.62f3/Editor/Data/MonoBleedingEdge/lib/mono/unityaot-linux/Facades/System.Drawing.Primitives.dll --allowed-assembly=/home/hatch/workspace/unity-setup/Unity-2022.3.62f3/Editor/Data/MonoBleedingEdge/lib/mono/unityaot-linux/Facades/System.Dynamic.Runtime.dll --allowed-assembly=/home/hatch/workspace/unity-setup/Unity-2022.3.62f3/Editor/Data/MonoBleedingEdge/lib/mono/unityaot-linux/Facades/System.Globalization.Calendars.dll --allowed-assembly=/home/hatch/workspace/unity-setup/Unity-2022.3.62f3/Editor/Data/MonoBleedingEdge/lib/mono/unityaot-linux/Facades/System.Globalization.Extensions.dll --allowed-assembly=/home/hatch/workspace/unity-setup/Unity-2022.3.62f3/Editor/Data/MonoBleedingEdge/lib/mono/unityaot-linux/Facades/System.Globalization.dll --allowed-assembly=/home/hatch/workspace/unity-setup/Unity-2022.3.62f3/Editor/Data/MonoBleedingEdge/lib/mono/unityaot-linux/Facades/System.IO.Compression.ZipFile.dll --allowed-assembly=/home/hatch/workspace/unity-setup/Unity-2022.3.62f3/Editor/Data/MonoBleedingEdge/lib/mono/unityaot-linux/Facades/System.IO.FileSystem.AccessControl.dll --allowed-assembly=/home/hatch/workspace/unity-setup/Unity-2022.3.62f3/Editor/Data/MonoBleedingEdge/lib/mono/unityaot-linux/Facades/System.IO.FileSystem.DriveInfo.dll --allowed-assembly=/home/hatch/workspace/unity-setup/Unity-2022.3.62f3/Editor/Data/MonoBleedingEdge/lib/mono/unityaot-linux/Facades/System.IO.FileSystem.Primitives.dll --allowed-assembly=/home/hatch/workspace/unity-setup/Unity-2022.3.62f3/Editor/Data/MonoBleedingEdge/lib/mono/unityaot-linux/Facades/System.IO.FileSystem.Watcher.dll --allowed-assembly=/home/hatch/workspace/unity-setup/Unity-2022.3.62f3/Editor/Data/MonoBleedingEdge/lib/mono/unityaot-linux/Facades/System.IO.FileSystem.dll --allowed-assembly=/home/hatch/workspace/unity-setup/Unity-2022.3.62f3/Editor/Data/MonoBleedingEdge/lib/mono/unityaot-linux/Facades/System.IO.IsolatedStorage.dll --allowed-assembly=/home/hatch/workspace/unity-setup/Unity-2022.3.62f3/Editor/Data/MonoBleedingEdge/lib/mono/unityaot-linux/Facades/System.IO.MemoryMappedFiles.dll --allowed-assembly=/home/hatch/workspace/unity-setup/Unity-2022.3.62f3/Editor/Data/MonoBleedingEdge/lib/mono/unityaot-linux/Facades/System.IO.Pipes.dll --allowed-assembly=/home/hatch/workspace/unity-setup/Unity-2022.3.62f3/Editor/Data/MonoBleedingEdge/lib/mono/unityaot-linux/Facades/System.IO.UnmanagedMemoryStream.dll --allowed-assembly=/home/hatch/workspace/unity-setup/Unity-2022.3.62f3/Editor/Data/MonoBleedingEdge/lib/mono/unityaot-linux/Facades/System.IO.dll --allowed-assembly=/home/hatch/workspace/unity-setup/Unity-2022.3.62f3/Editor/Data/MonoBleedingEdge/lib/mono/unityaot-linux/Facades/System.Linq.Expressions.dll --allowed-assembly=/home/hatch/workspace/unity-setup/Unity-2022.3.62f3/Editor/Data/MonoBleedingEdge/lib/mono/unityaot-linux/Facades/System.Linq.Parallel.dll --allowed-assembly=/home/hatch/workspace/unity-setup/Unity-2022.3.62f3/Editor/Data/MonoBleedingEdge/lib/mono/unityaot-linux/Facades/System.Linq.Queryable.dll --allowed-assembly=/home/hatch/workspace/unity-setup/Unity-2022.3.62f3/Editor/Data/MonoBleedingEdge/lib/mono/unityaot-linux/Facades/System.Linq.dll --allowed-assembly=/home/hatch/workspace/unity-setup/Unity-2022.3.62f3/Editor/Data/MonoBleedingEdge/lib/mono/unityaot-linux/Facades/System.Memory.dll --allowed-assembly=/home/hatch/workspace/unity-setup/Unity-2022.3.62f3/Editor/Data/MonoBleedingEdge/lib/mono/unityaot-linux/Facades/System.Net.AuthenticationManager.dll --allowed-assembly=/home/hatch/workspace/unity-setup/Unity-2022.3.62f3/Editor/Data/MonoBleedingEdge/lib/mono/unityaot-linux/Facades/System.Net.Cache.dll --allowed-assembly=/home/hatch/workspace/unity-setup/Unity-2022.3.62f3/Editor/Data/MonoBleedingEdge/lib/mono/unityaot-linux/Facades/System.Net.HttpListener.dll --allowed-assembly=/home/hatch/workspace/unity-setup/Unity-2022.3.62f3/Editor/Data/MonoBleedingEdge/lib/mono/unityaot-linux/Facades/System.Net.Mail.dll --allowed-assembly=/home/hatch/workspace/unity-setup/Unity-2022.3.62f3/Editor/Data/MonoBleedingEdge/lib/mono/unityaot-linux/Facades/System.Net.NameResolution.dll --allowed-assembly=/home/hatch/workspace/unity-setup/Unity-2022.3.62f3/Editor/Data/MonoBleedingEdge/lib/mono/unityaot-linux/Facades/System.Net.NetworkInformation.dll --allowed-assembly=/home/hatch/workspace/unity-setup/Unity-2022.3.62f3/Editor/Data/MonoBleedingEdge/lib/mono/unityaot-linux/Facades/System.Net.Ping.dll --allowed-assembly=/home/hatch/workspace/unity-setup/Unity-2022.3.62f3/Editor/Data/MonoBleedingEdge/lib/mono/unityaot-linux/Facades/System.Net.Primitives.dll --allowed-assembly=/home/hatch/workspace/unity-setup/Unity-2022.3.62f3/Editor/Data/MonoBleedingEdge/lib/mono/unityaot-linux/Facades/System.Net.Requests.dll --allowed-assembly=/home/hatch/workspace/unity-setup/Unity-2022.3.62f3/Editor/Data/MonoBleedingEdge/lib/mono/unityaot-linux/Facades/System.Net.Security.dll --allowed-assembly=/home/hatch/workspace/unity-setup/Unity-2022.3.62f3/Editor/Data/MonoBleedingEdge/lib/mono/unityaot-linux/Facades/System.Net.ServicePoint.dll --allowed-assembly=/home/hatch/workspace/unity-setup/Unity-2022.3.62f3/Editor/Data/MonoBleedingEdge/lib/mono/unityaot-linux/Facades/System.Net.Sockets.dll --allowed-assembly=/home/hatch/workspace/unity-setup/Unity-2022.3.62f3/Editor/Data/MonoBleedingEdge/lib/mono/unityaot-linux/Facades/System.Net.Utilities.dll --allowed-assembly=/home/hatch/workspace/unity-setup/Unity-2022.3.62f3/Editor/Data/MonoBleedingEdge/lib/mono/unityaot-linux/Facades/System.Net.WebHeaderCollection.dll --allowed-assembly=/home/hatch/workspace/unity-setup/Unity-2022.3.62f3/Editor/Data/MonoBleedingEdge/lib/mono/unityaot-linux/Facades/System.Net.WebSockets.Client.dll --allowed-assembly=/home/hatch/workspace/unity-setup/Unity-2022.3.62f3/Editor/Data/MonoBleedingEdge/lib/mono/unityaot-linux/Facades/System.Net.WebSockets.dll --allowed-assembly=/home/hatch/workspace/unity-setup/Unity-2022.3.62f3/Editor/Data/MonoBleedingEdge/lib/mono/unityaot-linux/Facades/System.ObjectModel.dll --allowed-assembly=/home/hatch/workspace/unity-setup/Unity-2022.3.62f3/Editor/Data/MonoBleedingEdge/lib/mono/unityaot-linux/Facades/System.Reflection.DispatchProxy.dll --allowed-assembly=/home/hatch/workspace/unity-setup/Unity-2022.3.62f3/Editor/Data/MonoBleedingEdge/lib/mono/unityaot-linux/Facades/System.Reflection.Emit.ILGeneration.dll --allowed-assembly=/home/hatch/workspace/unity-setup/Unity-2022.3.62f3/Editor/Data/MonoBleedingEdge/lib/mono/unityaot-linux/Facades/System.Reflection.Emit.Lightweight.dll --allowed-assembly=/home/hatch/workspace/unity-setup/Unity-2022.3.62f3/Editor/Data/MonoBleedingEdge/lib/mono/unityaot-linux/Facades/System.Reflection.Emit.dll --allowed-assembly=/home/hatch/workspace/unity-setup/Unity-2022.3.62f3/Editor/Data/MonoBleedingEdge/lib/mono/unityaot-linux/Facades/System.Reflection.Extensions.dll --allowed-assembly=/home/hatch/workspace/unity-setup/Unity-2022.3.62f3/Editor/Data/MonoBleedingEdge/lib/mono/unityaot-linux/Facades/System.Reflection.Primitives.dll --allowed-assembly=/home/hatch/workspace/unity-setup/Unity-2022.3.62f3/Editor/Data/MonoBleedingEdge/lib/mono/unityaot-linux/Facades/System.Reflection.TypeExtensions.dll --allowed-assembly=/home/hatch/workspace/unity-setup/Unity-2022.3.62f3/Editor/Data/MonoBleedingEdge/lib/mono/unityaot-linux/Facades/System.Reflection.dll --allowed-assembly=/home/hatch/workspace/unity-setup/Unity-2022.3.62f3/Editor/Data/MonoBleedingEdge/lib/mono/unityaot-linux/Facades/System.Resources.Reader.dll --allowed-assembly=/home/hatch/workspace/unity-setup/Unity-2022.3.62f3/Editor/Data/MonoBleedingEdge/lib/mono/unityaot-linux/Facades/System.Resources.ReaderWriter.dll --allowed-assembly=/home/hatch/workspace/unity-setup/Unity-2022.3.62f3/Editor/Data/MonoBleedingEdge/lib/mono/unityaot-linux/Facades/System.Resources.ResourceManager.dll --allowed-assembly=/home/hatch/workspace/unity-setup/Unity-2022.3.62f3/Editor/Data/MonoBleedingEdge/lib/mono/unityaot-linux/Facades/System.Resources.Writer.dll --allowed-assembly=/home/hatch/workspace/unity-setup/Unity-2022.3.62f3/Editor/Data/MonoBleedingEdge/lib/mono/unityaot-linux/Facades/System.Runtime.CompilerServices.VisualC.dll --allowed-assembly=/home/hatch/workspace/unity-setup/Unity-2022.3.62f3/Editor/Data/MonoBleedingEdge/lib/mono/unityaot-linux/Facades/System.Runtime.Extensions.dll --allowed-assembly=/home/hatch/workspace/unity-setup/Unity-2022.3.62f3/Editor/Data/MonoBleedingEdge/lib/mono/unityaot-linux/Facades/System.Runtime.Handles.dll --allowed-assembly=/home/hatch/workspace/unity-setup/Unity-2022.3.62f3/Editor/Data/MonoBleedingEdge/lib/mono/unityaot-linux/Facades/System.Runtime.InteropServices.RuntimeInformation.dll --allowed-assembly=/home/hatch/workspace/unity-setup/Unity-2022.3.62f3/Editor/Data/MonoBleedingEdge/lib/mono/unityaot-linux/Facades/System.Runtime.InteropServices.WindowsRuntime.dll --allowed-assembly=/home/hatch/workspace/unity-setup/Unity-2022.3.62f3/Editor/Data/MonoBleedingEdge/lib/mono/unityaot-linux/Facades/System.Runtime.InteropServices.dll --allowed-assembly=/home/hatch/workspace/unity-setup/Unity-2022.3.62f3/Editor/Data/MonoBleedingEdge/lib/mono/unityaot-linux/Facades/System.Runtime.Loader.dll --allowed-assembly=/home/hatch/workspace/unity-setup/Unity-2022.3.62f3/Editor/Data/MonoBleedingEdge/lib/mono/unityaot-linux/Facades/System.Runtime.Numerics.dll --allowed-assembly=/home/hatch/workspace/unity-setup/Unity-2022.3.62f3/Editor/Data/MonoBleedingEdge/lib/mono/unityaot-linux/Facades/System.Runtime.Serialization.Formatters.dll --allowed-assembly=/home/hatch/workspace/unity-setup/Unity-2022.3.62f3/Editor/Data/MonoBleedingEdge/lib/mono/unityaot-linux/Facades/System.Runtime.Serialization.Json.dll --allowed-assembly=/home/hatch/workspace/unity-setup/Unity-2022.3.62f3/Editor/Data/MonoBleedingEdge/lib/mono/unityaot-linux/Facades/System.Runtime.Serialization.Primitives.dll --allowed-assembly=/home/hatch/workspace/unity-setup/Unity-2022.3.62f3/Editor/Data/MonoBleedingEdge/lib/mono/unityaot-linux/Facades/System.Runtime.Serialization.Xml.dll --allowed-assembly=/home/hatch/workspace/unity-setup/Unity-2022.3.62f3/Editor/Data/MonoBleedingEdge/lib/mono/unityaot-linux/Facades/System.Runtime.dll --allowed-assembly=/home/hatch/workspace/unity-setup/Unity-2022.3.62f3/Editor/Data/MonoBleedingEdge/lib/mono/unityaot-linux/Facades/System.Security.AccessControl.dll --allowed-assembly=/home/hatch/workspace/unity-setup/Unity-2022.3.62f3/Editor/Data/MonoBleedingEdge/lib/mono/unityaot-linux/Facades/System.Security.Claims.dll --allowed-assembly=/home/hatch/workspace/unity-setup/Unity-2022.3.62f3/Editor/Data/MonoBleedingEdge/lib/mono/unityaot-linux/Facades/System.Security.Cryptography.Algorithms.dll --allowed-assembly=/home/hatch/workspace/unity-setup/Unity-2022.3.62f3/Editor/Data/MonoBleedingEdge/lib/mono/unityaot-linux/Facades/System.Security.Cryptography.Cng.dll --allowed-assembly=/home/hatch/workspace/unity-setup/Unity-2022.3.62f3/Editor/Data/MonoBleedingEdge/lib/mono/unityaot-linux/Facades/System.Security.Cryptography.Csp.dll --allowed-assembly=/home/hatch/workspace/unity-setup/Unity-2022.3.62f3/Editor/Data/MonoBleedingEdge/lib/mono/unityaot-linux/Facades/System.Security.Cryptography.DeriveBytes.dll --allowed-assembly=/home/hatch/workspace/unity-setup/Unity-2022.3.62f3/Editor/Data/MonoBleedingEdge/lib/mono/unityaot-linux/Facades/System.Security.Cryptography.Encoding.dll --allowed-assembly=/home/hatch/workspace/unity-setup/Unity-2022.3.62f3/Editor/Data/MonoBleedingEdge/lib/mono/unityaot-linux/Facades/System.Security.Cryptography.Encryption.Aes.dll --allowed-assembly=/home/hatch/workspace/unity-setup/Unity-2022.3.62f3/Editor/Data/MonoBleedingEdge/lib/mono/unityaot-linux/Facades/System.Security.Cryptography.Encryption.ECDiffieHellman.dll --allowed-assembly=/home/hatch/workspace/unity-setup/Unity-2022.3.62f3/Editor/Data/MonoBleedingEdge/lib/mono/unityaot-linux/Facades/System.Security.Cryptography.Encryption.ECDsa.dll --allowed-assembly=/home/hatch/workspace/unity-setup/Unity-2022.3.62f3/Editor/Data/MonoBleedingEdge/lib/mono/unityaot-linux/Facades/System.Security.Cryptography.Encryption.dll --allowed-assembly=/home/hatch/workspace/unity-setup/Unity-2022.3.62f3/Editor/Data/MonoBleedingEdge/lib/mono/unityaot-linux/Facades/System.Security.Cryptography.Hashing.Algorithms.dll --allowed-assembly=/home/hatch/workspace/unity-setup/Unity-2022.3.62f3/Editor/Data/MonoBleedingEdge/lib/mono/unityaot-linux/Facades/System.Security.Cryptography.Hashing.dll --allowed-assembly=/home/hatch/workspace/unity-setup/Unity-2022.3.62f3/Editor/Data/MonoBleedingEdge/lib/mono/unityaot-linux/Facades/System.Security.Cryptography.OpenSsl.dll --allowed-assembly=/home/hatch/workspace/unity-setup/Unity-2022.3.62f3/Editor/Data/MonoBleedingEdge/lib/mono/unityaot-linux/Facades/System.Security.Cryptography.Pkcs.dll --allowed-assembly=/home/hatch/workspace/unity-setup/Unity-2022.3.62f3/Editor/Data/MonoBleedingEdge/lib/mono/unityaot-linux/Facades/System.Security.Cryptography.Primitives.dll --allowed-assembly=/home/hatch/workspace/unity-setup/Unity-2022.3.62f3/Editor/Data/MonoBleedingEdge/lib/mono/unityaot-linux/Facades/System.Security.Cryptography.ProtectedData.dll --allowed-assembly=/home/hatch/workspace/unity-setup/Unity-2022.3.62f3/Editor/Data/MonoBleedingEdge/lib/mono/unityaot-linux/Facades/System.Security.Cryptography.RSA.dll --allowed-assembly=/home/hatch/workspace/unity-setup/Unity-2022.3.62f3/Editor/Data/MonoBleedingEdge/lib/mono/unityaot-linux/Facades/System.Security.Cryptography.RandomNumberGenerator.dll --allowed-assembly=/home/hatch/workspace/unity-setup/Unity-2022.3.62f3/Editor/Data/MonoBleedingEdge/lib/mono/unityaot-linux/Facades/System.Security.Cryptography.X509Certificates.dll --allowed-assembly=/home/hatch/workspace/unity-setup/Unity-2022.3.62f3/Editor/Data/MonoBleedingEdge/lib/mono/unityaot-linux/Facades/System.Security.Principal.Windows.dll --allowed-assembly=/home/hatch/workspace/unity-setup/Unity-2022.3.62f3/Editor/Data/MonoBleedingEdge/lib/mono/unityaot-linux/Facades/System.Security.Principal.dll --allowed-assembly=/home/hatch/workspace/unity-setup/Unity-2022.3.62f3/Editor/Data/MonoBleedingEdge/lib/mono/unityaot-linux/Facades/System.Security.SecureString.dll --allowed-assembly=/home/hatch/workspace/unity-setup/Unity-2022.3.62f3/Editor/Data/MonoBleedingEdge/lib/mono/unityaot-linux/Facades/System.ServiceModel.Duplex.dll --allowed-assembly=/home/hatch/workspace/unity-setup/Unity-2022.3.62f3/Editor/Data/MonoBleedingEdge/lib/mono/unityaot-linux/Facades/System.ServiceModel.Http.dll --allowed-assembly=/home/hatch/workspace/unity-setup/Unity-2022.3.62f3/Editor/Data/MonoBleedingEdge/lib/mono/unityaot-linux/Facades/System.ServiceModel.NetTcp.dll --allowed-assembly=/home/hatch/workspace/unity-setup/Unity-2022.3.62f3/Editor/Data/MonoBleedingEdge/lib/mono/unityaot-linux/Facades/System.ServiceModel.Primitives.dll --allowed-assembly=/home/hatch/workspace/unity-setup/Unity-2022.3.62f3/Editor/Data/MonoBleedingEdge/lib/mono/unityaot-linux/Facades/System.ServiceModel.Security.dll --allowed-assembly=/home/hatch/workspace/unity-setup/Unity-2022.3.62f3/Editor/Data/MonoBleedingEdge/lib/mono/unityaot-linux/Facades/System.ServiceProcess.ServiceController.dll --allowed-assembly=/home/hatch/workspace/unity-setup/Unity-2022.3.62f3/Editor/Data/MonoBleedingEdge/lib/mono/unityaot-linux/Facades/System.Text.Encoding.CodePages.dll --allowed-assembly=/home/hatch/workspace/unity-setup/Unity-2022.3.62f3/Editor/Data/MonoBleedingEdge/lib/mono/unityaot-linux/Facades/System.Text.Encoding.Extensions.dll --allowed-assembly=/home/hatch/workspace/unity-setup/Unity-2022.3.62f3/Editor/Data/MonoBleedingEdge/lib/mono/unityaot-linux/Facades/System.Text.Encoding.dll --allowed-assembly=/home/hatch/workspace/unity-setup/Unity-2022.3.62f3/Editor/Data/MonoBleedingEdge/lib/mono/unityaot-linux/Facades/System.Text.RegularExpressions.dll --allowed-assembly=/home/hatch/workspace/unity-setup/Unity-2022.3.62f3/Editor/Data/MonoBleedingEdge/lib/mono/unityaot-linux/Facades/System.Threading.AccessControl.dll --allowed-assembly=/home/hatch/workspace/unity-setup/Unity-2022.3.62f3/Editor/Data/MonoBleedingEdge/lib/mono/unityaot-linux/Facades/System.Threading.Overlapped.dll --allowed-assembly=/home/hatch/workspace/unity-setup/Unity-2022.3.62f3/Editor/Data/MonoBleedingEdge/lib/mono/unityaot-linux/Facades/System.Threading.Tasks.Extensions.dll --allowed-assembly=/home/hatch/workspace/unity-setup/Unity-2022.3.62f3/Editor/Data/MonoBleedingEdge/lib/mono/unityaot-linux/Facades/System.Threading.Tasks.Parallel.dll --allowed-assembly=/home/hatch/workspace/unity-setup/Unity-2022.3.62f3/Editor/Data/MonoBleedingEdge/lib/mono/unityaot-linux/Facades/System.Threading.Tasks.dll --allowed-assembly=/home/hatch/workspace/unity-setup/Unity-2022.3.62f3/Editor/Data/MonoBleedingEdge/lib/mono/unityaot-linux/Facades/System.Threading.Thread.dll --allowed-assembly=/home/hatch/workspace/unity-setup/Unity-2022.3.62f3/Editor/Data/MonoBleedingEdge/lib/mono/unityaot-linux/Facades/System.Threading.ThreadPool.dll --allowed-assembly=/home/hatch/workspace/unity-setup/Unity-2022.3.62f3/Editor/Data/MonoBleedingEdge/lib/mono/unityaot-linux/Facades/System.Threading.Timer.dll --allowed-assembly=/home/hatch/workspace/unity-setup/Unity-2022.3.62f3/Editor/Data/MonoBleedingEdge/lib/mono/unityaot-linux/Facades/System.Threading.dll --allowed-assembly=/home/hatch/workspace/unity-setup/Unity-2022.3.62f3/Editor/Data/MonoBleedingEdge/lib/mono/unityaot-linux/Facades/System.ValueTuple.dll --allowed-assembly=/home/hatch/workspace/unity-setup/Unity-2022.3.62f3/Editor/Data/MonoBleedingEdge/lib/mono/unityaot-linux/Facades/System.Xml.ReaderWriter.dll --allowed-assembly=/home/hatch/workspace/unity-setup/Unity-2022.3.62f3/Editor/Data/MonoBleedingEdge/lib/mono/unityaot-linux/Facades/System.Xml.XDocument.dll --allowed-assembly=/home/hatch/workspace/unity-setup/Unity-2022.3.62f3/Editor/Data/MonoBleedingEdge/lib/mono/unityaot-linux/Facades/System.Xml.XPath.XDocument.dll --allowed-assembly=/home/hatch/workspace/unity-setup/Unity-2022.3.62f3/Editor/Data/MonoBleedingEdge/lib/mono/unityaot-linux/Facades/System.Xml.XPath.XmlDocument.dll --allowed-assembly=/home/hatch/workspace/unity-setup/Unity-2022.3.62f3/Editor/Data/MonoBleedingEdge/lib/mono/unityaot-linux/Facades/System.Xml.XPath.dll --allowed-assembly=/home/hatch/workspace/unity-setup/Unity-2022.3.62f3/Editor/Data/MonoBleedingEdge/lib/mono/unityaot-linux/Facades/System.Xml.XmlDocument.dll --allowed-assembly=/home/hatch/workspace/unity-setup/Unity-2022.3.62f3/Editor/Data/MonoBleedingEdge/lib/mono/unityaot-linux/Facades/System.Xml.XmlSerializer.dll --allowed-assembly=/home/hatch/workspace/unity-setup/Unity-2022.3.62f3/Editor/Data/MonoBleedingEdge/lib/mono/unityaot-linux/Facades/System.Xml.Xsl.Primitives.dll --allowed-assembly=/home/hatch/workspace/unity-setup/Unity-2022.3.62f3/Editor/Data/MonoBleedingEdge/lib/mono/unityaot-linux/Facades/netstandard.dll --allowed-assembly=/home/hatch/workspace/unity-setup/Unity-2022.3.62f3/Editor/Data/MonoBleedingEdge/lib/mono/unityaot-linux/Microsoft.CSharp.dll --allowed-assembly=/home/hatch/workspace/unity-setup/Unity-2022.3.62f3/Editor/Data/MonoBleedingEdge/lib/mono/unityaot-linux/Mono.Data.Sqlite.dll --allowed-assembly=/home/hatch/workspace/unity-setup/Unity-2022.3.62f3/Editor/Data/MonoBleedingEdge/lib/mono/unityaot-linux/Mono.Data.Tds.dll --allowed-assembly=/home/hatch/workspace/unity-setup/Unity-2022.3.62f3/Editor/Data/MonoBleedingEdge/lib/mono/unityaot-linux/Mono.Security.dll --allowed-assembly=/home/hatch/workspace/unity-setup/Unity-2022.3.62f3/Editor/Data/MonoBleedingEdge/lib/mono/unityaot-linux/System.ComponentModel.Composition.dll --allowed-assembly=/home/hatch/workspace/unity-setup/Unity-2022.3.62f3/Editor/Data/MonoBleedingEdge/lib/mono/unityaot-linux/System.ComponentModel.DataAnnotations.dll --allowed-assembly=/home/hatch/workspace/unity-setup/Unity-2022.3.62f3/Editor/Data/MonoBleedingEdge/lib/mono/unityaot-linux/System.Configuration.Install.dll --allowed-assembly=/home/hatch/workspace/unity-setup/Unity-2022.3.62f3/Editor/Data/MonoBleedingEdge/lib/mono/unityaot-linux/System.Configuration.dll --allowed-assembly=/home/hatch/workspace/unity-setup/Unity-2022.3.62f3/Editor/Data/MonoBleedingEdge/lib/mono/unityaot-linux/System.Core.dll --allowed-assembly=/home/hatch/workspace/unity-setup/Unity-2022.3.62f3/Editor/Data/MonoBleedingEdge/lib/mono/unityaot-linux/System.Data.DataSetExtensions.dll --allowed-assembly=/home/hatch/workspace/unity-setup/Unity-2022.3.62f3/Editor/Data/MonoBleedingEdge/lib/mono/unityaot-linux/System.Data.Entity.dll --allowed-assembly=/home/hatch/workspace/unity-setup/Unity-2022.3.62f3/Editor/Data/MonoBleedingEdge/lib/mono/unityaot-linux/System.Data.Linq.dll --allowed-assembly=/home/hatch/workspace/unity-setup/Unity-2022.3.62f3/Editor/Data/MonoBleedingEdge/lib/mono/unityaot-linux/System.Data.OracleClient.dll --allowed-assembly=/home/hatch/workspace/unity-setup/Unity-2022.3.62f3/Editor/Data/MonoBleedingEdge/lib/mono/unityaot-linux/System.Data.Services.Client.dll --allowed-assembly=/home/hatch/workspace/unity-setup/Unity-2022.3.62f3/Editor/Data/MonoBleedingEdge/lib/mono/unityaot-linux/System.Data.Services.dll --allowed-assembly=/home/hatch/workspace/unity-setup/Unity-2022.3.62f3/Editor/Data/MonoBleedingEdge/lib/mono/unityaot-linux/System.Data.dll --allowed-assembly=/home/hatch/workspace/unity-setup/Unity-2022.3.62f3/Editor/Data/MonoBleedingEdge/lib/mono/unityaot-linux/System.Design.dll --allowed-assembly=/home/hatch/workspace/unity-setup/Unity-2022.3.62f3/Editor/Data/MonoBleedingEdge/lib/mono/unityaot-linux/System.DirectoryServices.Protocols.dll --allowed-assembly=/home/hatch/workspace/unity-setup/Unity-2022.3.62f3/Editor/Data/MonoBleedingEdge/lib/mono/unityaot-linux/System.DirectoryServices.dll --allowed-assembly=/home/hatch/workspace/unity-setup/Unity-2022.3.62f3/Editor/Data/MonoBleedingEdge/lib/mono/unityaot-linux/System.Drawing.Design.dll --allowed-assembly=/home/hatch/workspace/unity-setup/Unity-2022.3.62f3/Editor/Data/MonoBleedingEdge/lib/mono/unityaot-linux/System.Drawing.dll --allowed-assembly=/home/hatch/workspace/unity-setup/Unity-2022.3.62f3/Editor/Data/MonoBleedingEdge/lib/mono/unityaot-linux/System.EnterpriseServices.dll --allowed-assembly=/home/hatch/workspace/unity-setup/Unity-2022.3.62f3/Editor/Data/MonoBleedingEdge/lib/mono/unityaot-linux/System.IO.Compression.FileSystem.dll --allowed-assembly=/home/hatch/workspace/unity-setup/Unity-2022.3.62f3/Editor/Data/MonoBleedingEdge/lib/mono/unityaot-linux/System.IO.Compression.dll --allowed-assembly=/home/hatch/workspace/unity-setup/Unity-2022.3.62f3/Editor/Data/MonoBleedingEdge/lib/mono/unityaot-linux/System.IdentityModel.Selectors.dll --allowed-assembly=/home/hatch/workspace/unity-setup/Unity-2022.3.62f3/Editor/Data/MonoBleedingEdge/lib/mono/unityaot-linux/System.IdentityModel.dll --allowed-assembly=/home/hatch/workspace/unity-setup/Unity-2022.3.62f3/Editor/Data/MonoBleedingEdge/lib/mono/unityaot-linux/System.Json.dll --allowed-assembly=/home/hatch/workspace/unity-setup/Unity-2022.3.62f3/Editor/Data/MonoBleedingEdge/lib/mono/unityaot-linux/System.Management.dll --allowed-assembly=/home/hatch/workspace/unity-setup/Unity-2022.3.62f3/Editor/Data/MonoBleedingEdge/lib/mono/unityaot-linux/System.Messaging.dll --allowed-assembly=/home/hatch/workspace/unity-setup/Unity-2022.3.62f3/Editor/Data/MonoBleedingEdge/lib/mono/unityaot-linux/System.Net.Http.WebRequest.dll --allowed-assembly=/home/hatch/workspace/unity-setup/Unity-2022.3.62f3/Editor/Data/MonoBleedingEdge/lib/mono/unityaot-linux/System.Net.Http.dll --allowed-assembly=/home/hatch/workspace/unity-setup/Unity-2022.3.62f3/Editor/Data/MonoBleedingEdge/lib/mono/unityaot-linux/System.Net.dll --allowed-assembly=/home/hatch/workspace/unity-setup/Unity-2022.3.62f3/Editor/Data/MonoBleedingEdge/lib/mono/unityaot-linux/System.Numerics.Vectors.dll --allowed-assembly=/home/hatch/workspace/unity-setup/Unity-2022.3.62f3/Editor/Data/MonoBleedingEdge/lib/mono/unityaot-linux/System.Numerics.dll --allowed-assembly=/home/hatch/workspace/unity-setup/Unity-2022.3.62f3/Editor/Data/MonoBleedingEdge/lib/mono/unityaot-linux/System.Reflection.Context.dll --allowed-assembly=/home/hatch/workspace/unity-setup/Unity-2022.3.62f3/Editor/Data/MonoBleedingEdge/lib/mono/unityaot-linux/System.Runtime.Caching.dll --allowed-assembly=/home/hatch/workspace/unity-setup/Unity-2022.3.62f3/Editor/Data/MonoBleedingEdge/lib/mono/unityaot-linux/System.Runtime.DurableInstancing.dll --allowed-assembly=/home/hatch/workspace/unity-setup/Unity-2022.3.62f3/Editor/Data/MonoBleedingEdge/lib/mono/unityaot-linux/System.Runtime.Remoting.dll --allowed-assembly=/home/hatch/workspace/unity-setup/Unity-2022.3.62f3/Editor/Data/MonoBleedingEdge/lib/mono/unityaot-linux/System.Runtime.Serialization.Formatters.Soap.dll --allowed-assembly=/home/hatch/workspace/unity-setup/Unity-2022.3.62f3/Editor/Data/MonoBleedingEdge/lib/mono/unityaot-linux/System.Runtime.Serialization.dll --allowed-assembly=/home/hatch/workspace/unity-setup/Unity-2022.3.62f3/Editor/Data/MonoBleedingEdge/lib/mono/unityaot-linux/System.Security.dll --allowed-assembly=/home/hatch/workspace/unity-setup/Unity-2022.3.62f3/Editor/Data/MonoBleedingEdge/lib/mono/unityaot-linux/System.ServiceModel.Activation.dll --allowed-assembly=/home/hatch/workspace/unity-setup/Unity-2022.3.62f3/Editor/Data/MonoBleedingEdge/lib/mono/unityaot-linux/System.ServiceModel.Discovery.dll --allowed-assembly=/home/hatch/workspace/unity-setup/Unity-2022.3.62f3/Editor/Data/MonoBleedingEdge/lib/mono/unityaot-linux/System.ServiceModel.Internals.dll --allowed-assembly=/home/hatch/workspace/unity-setup/Unity-2022.3.62f3/Editor/Data/MonoBleedingEdge/lib/mono/unityaot-linux/System.ServiceModel.Routing.dll --allowed-assembly=/home/hatch/workspace/unity-setup/Unity-2022.3.62f3/Editor/Data/MonoBleedingEdge/lib/mono/unityaot-linux/System.ServiceModel.Web.dll --allowed-assembly=/home/hatch/workspace/unity-setup/Unity-2022.3.62f3/Editor/Data/MonoBleedingEdge/lib/mono/unityaot-linux/System.ServiceModel.dll --allowed-assembly=/home/hatch/workspace/unity-setup/Unity-2022.3.62f3/Editor/Data/MonoBleedingEdge/lib/mono/unityaot-linux/System.ServiceProcess.dll --allowed-assembly=/home/hatch/workspace/unity-setup/Unity-2022.3.62f3/Editor/Data/MonoBleedingEdge/lib/mono/unityaot-linux/System.Transactions.dll --allowed-assembly=/home/hatch/workspace/unity-setup/Unity-2022.3.62f3/Editor/Data/MonoBleedingEdge/lib/mono/unityaot-linux/System.Web.ApplicationServices.dll --allowed-assembly=/home/hatch/workspace/unity-setup/Unity-2022.3.62f3/Editor/Data/MonoBleedingEdge/lib/mono/unityaot-linux/System.Web.DynamicData.dll --allowed-assembly=/home/hatch/workspace/unity-setup/Unity-2022.3.62f3/Editor/Data/MonoBleedingEdge/lib/mono/unityaot-linux/System.Web.Extensions.Design.dll --allowed-assembly=/home/hatch/workspace/unity-setup/Unity-2022.3.62f3/Editor/Data/MonoBleedingEdge/lib/mono/unityaot-linux/System.Web.Extensions.dll --allowed-assembly=/home/hatch/workspace/unity-setup/Unity-2022.3.62f3/Editor/Data/MonoBleedingEdge/lib/mono/unityaot-linux/System.Web.RegularExpressions.dll --allowed-assembly=/home/hatch/workspace/unity-setup/Unity-2022.3.62f3/Editor/Data/MonoBleedingEdge/lib/mono/unityaot-linux/System.Web.Services.dll --allowed-assembly=/home/hatch/workspace/unity-setup/Unity-2022.3.62f3/Editor/Data/MonoBleedingEdge/lib/mono/unityaot-linux/System.Web.dll --allowed-assembly=/home/hatch/workspace/unity-setup/Unity-2022.3.62f3/Editor/Data/MonoBleedingEdge/lib/mono/unityaot-linux/System.Windows.Forms.DataVisualization.dll --allowed-assembly=/home/hatch/workspace/unity-setup/Unity-2022.3.62f3/Editor/Data/MonoBleedingEdge/lib/mono/unityaot-linux/System.Windows.Forms.dll --allowed-assembly=/home/hatch/workspace/unity-setup/Unity-2022.3.62f3/Editor/Data/MonoBleedingEdge/lib/mono/unityaot-linux/System.Windows.dll --allowed-assembly=/home/hatch/workspace/unity-setup/Unity-2022.3.62f3/Editor/Data/MonoBleedingEdge/lib/mono/unityaot-linux/System.Xaml.dll --allowed-assembly=/home/hatch/workspace/unity-setup/Unity-2022.3.62f3/Editor/Data/MonoBleedingEdge/lib/mono/unityaot-linux/System.Xml.Linq.dll --allowed-assembly=/home/hatch/workspace/unity-setup/Unity-2022.3.62f3/Editor/Data/MonoBleedingEdge/lib/mono/unityaot-linux/System.Xml.Serialization.dll --allowed-assembly=/home/hatch/workspace/unity-setup/Unity-2022.3.62f3/Editor/Data/MonoBleedingEdge/lib/mono/unityaot-linux/System.Xml.dll --allowed-assembly=/home/hatch/workspace/unity-setup/Unity-2022.3.62f3/Editor/Data/MonoBleedingEdge/lib/mono/unityaot-linux/System.dll --allowed-assembly=/home/hatch/workspace/unity-setup/Unity-2022.3.62f3/Editor/Data/MonoBleedingEdge/lib/mono/unityaot-linux/mscorlib.dll --out=Library/Bee/artifacts/WebGL/ManagedStripped --include-link-xml=/home/hatch/workspace/cod-mobile/Temp/StagingArea/Data/Managed/MethodsToPreserve.xml --include-link-xml=/home/hatch/workspace/cod-mobile/Temp/StagingArea/Data/Managed/TypesInScenes.xml --include-link-xml=/home/hatch/workspace/cod-mobile/Temp/StagingArea/Data/Managed/SerializedTypes.xml --include-link-xml=/home/hatch/workspace/cod-mobile/Assets/../Library/InputSystem/WebGLLink.xml --include-link-xml=/home/hatch/workspace/cod-mobile/Library/com.unity.services.core/link.xml --include-directory=/home/hatch/workspace/cod-mobile/Library/Bee/PlayerScriptAssemblies --include-directory=/home/hatch/workspace/unity-setup/Unity-2022.3.62f3/Editor/Data/PlaybackEngines/WebGLSupport/Managed --include-directory=/home/hatch/workspace/cod-mobile/Library/PackageCache/com.unity.burst@1.8.21 --include-directory=/home/hatch/workspace/cod-mobile/Library/PackageCache/com.unity.nuget.newtonsoft-json@3.2.1/Runtime/AOT --include-directory=/home/hatch/workspace/unity-setup/Unity-2022.3.62f3/Editor/Data/MonoBleedingEdge/lib/mono/unityaot-linux --include-directory=/home/hatch/workspace/unity-setup/Unity-2022.3.62f3/Editor/Data/MonoBleedingEdge/lib/mono/unityaot-linux/Facades --profiler-report --profiler-output-file=/home/hatch/workspace/cod-mobile/Library/Bee/artifacts/unitylinker_ber2.traceevents --dotnetprofile=unityaot-linux --dotnetruntime=Il2Cpp --architecture=EmscriptenJavaScript --platform=WebGL --use-editor-options --enable-engine-module-stripping --engine-stripping-flag=EnableUnityConnect --engine-modules-asset-file=/home/hatch/workspace/unity-setup/Unity-2022.3.62f3/Editor/Data/PlaybackEngines/WebGLSupport/modules.asset --editor-data-file=/home/hatch/workspace/cod-mobile/Temp/StagingArea/Data/Managed/EditorToUnityLinkerData.json --include-unity-root-assembly=/home/hatch/workspace/cod-mobile/Library/Bee/PlayerScriptAssemblies/Assembly-CSharp.dll --include-unity-root-assembly=/home/hatch/workspace/cod-mobile/Library/Bee/PlayerScriptAssemblies/Unity.RenderPipelines.Core.Runtime.dll --include-unity-root-assembly=/home/hatch/workspace/cod-mobile/Library/Bee/PlayerScriptAssemblies/Unity.RenderPipelines.Universal.Runtime.dll --include-unity-root-assembly=/home/hatch/workspace/cod-mobile/Library/Bee/PlayerScriptAssemblies/UnityEngine.UI.dll --include-unity-root-assembly=/home/hatch/workspace/cod-mobile/Library/Bee/PlayerScriptAssemblies/Unity.InputSystem.dll --print-command-line --enable-analytics
[216/627    0s] ICallRegistrationGenerator /home/hatch/workspace/cod-mobile/Library/Bee/artifacts/WebGL/il2cppOutput/UnityICallRegistration.cpp
[217/627    2s] C_WebGL_wasm Library/Bee/artifacts/WebGL/GameAssembly/release_WebGL_wasm/9zlrwy123o8w.o
[219/627    0s] CopyFiles Temp/EditorBuildOutput/UnityLinkerToEditorData.json
[BUSY       8s] IL2CPP_CodeGen /home/hatch/workspace/cod-mobile/Library/Bee/artifacts/il2cpp_conv_yfs4.traceevents
[BUSY      18s] IL2CPP_CodeGen /home/hatch/workspace/cod-mobile/Library/Bee/artifacts/il2cpp_conv_yfs4.traceevents
[BUSY      28s] IL2CPP_CodeGen /home/hatch/workspace/cod-mobile/Library/Bee/artifacts/il2cpp_conv_yfs4.traceevents
[220/627   34s] IL2CPP_CodeGen /home/hatch/workspace/cod-mobile/Library/Bee/artifacts/il2cpp_conv_yfs4.traceevents
/home/hatch/workspace/unity-setup/Unity-2022.3.62f3/Editor/Data/il2cpp/build/deploy/il2cpp --convert-to-cpp --assembly=Library/Bee/artifacts/WebGL/ManagedStripped/Assembly-CSharp.dll --assembly=Library/Bee/artifacts/WebGL/ManagedStripped/Mono.Security.dll --assembly=Library/Bee/artifacts/WebGL/ManagedStripped/Newtonsoft.Json.dll --assembly=Library/Bee/artifacts/WebGL/ManagedStripped/System.Configuration.dll --assembly=Library/Bee/artifacts/WebGL/ManagedStripped/System.Core.dll --assembly=Library/Bee/artifacts/WebGL/ManagedStripped/System.Data.dll --assembly=Library/Bee/artifacts/WebGL/ManagedStripped/System.Drawing.dll --assembly=Library/Bee/artifacts/WebGL/ManagedStripped/System.Numerics.dll --assembly=Library/Bee/artifacts/WebGL/ManagedStripped/System.Runtime.Serialization.dll --assembly=Library/Bee/artifacts/WebGL/ManagedStripped/System.Xml.Linq.dll --assembly=Library/Bee/artifacts/WebGL/ManagedStripped/System.Xml.dll --assembly=Library/Bee/artifacts/WebGL/ManagedStripped/System.dll --assembly=Library/Bee/artifacts/WebGL/ManagedStripped/Unity.Burst.Unsafe.dll --assembly=Library/Bee/artifacts/WebGL/ManagedStripped/Unity.Burst.dll --assembly=Library/Bee/artifacts/WebGL/ManagedStripped/Unity.InputSystem.ForUI.dll --assembly=Library/Bee/artifacts/WebGL/ManagedStripped/Unity.InputSystem.dll --assembly=Library/Bee/artifacts/WebGL/ManagedStripped/Unity.Mathematics.dll --assembly=Library/Bee/artifacts/WebGL/ManagedStripped/Unity.RenderPipeline.Universal.ShaderLibrary.dll --assembly=Library/Bee/artifacts/WebGL/ManagedStripped/Unity.RenderPipelines.Core.Runtime.dll --assembly=Library/Bee/artifacts/WebGL/ManagedStripped/Unity.RenderPipelines.Universal.Runtime.dll --assembly=Library/Bee/artifacts/WebGL/ManagedStripped/Unity.Services.Analytics.dll --assembly=Library/Bee/artifacts/WebGL/ManagedStripped/Unity.Services.Core.Configuration.dll --assembly=Library/Bee/artifacts/WebGL/ManagedStripped/Unity.Services.Core.Device.dll --assembly=Library/Bee/artifacts/WebGL/ManagedStripped/Unity.Services.Core.Environments.Internal.dll --assembly=Library/Bee/artifacts/WebGL/ManagedStripped/Unity.Services.Core.Internal.dll --assembly=Library/Bee/artifacts/WebGL/ManagedStripped/Unity.Services.Core.Registration.dll --assembly=Library/Bee/artifacts/WebGL/ManagedStripped/Unity.Services.Core.Scheduler.dll --assembly=Library/Bee/artifacts/WebGL/ManagedStripped/Unity.Services.Core.Telemetry.dll --assembly=Library/Bee/artifacts/WebGL/ManagedStripped/Unity.Services.Core.Threading.dll --assembly=Library/Bee/artifacts/WebGL/ManagedStripped/Unity.Services.Core.dll --assembly=Library/Bee/artifacts/WebGL/ManagedStripped/UnityEngine.AnimationModule.dll --assembly=Library/Bee/artifacts/WebGL/ManagedStripped/UnityEngine.AudioModule.dll --assembly=Library/Bee/artifacts/WebGL/ManagedStripped/UnityEngine.CoreModule.dll --assembly=Library/Bee/artifacts/WebGL/ManagedStripped/UnityEngine.GridModule.dll --assembly=Library/Bee/artifacts/WebGL/ManagedStripped/UnityEngine.IMGUIModule.dll --assembly=Library/Bee/artifacts/WebGL/ManagedStripped/UnityEngine.InputLegacyModule.dll --assembly=Library/Bee/artifacts/WebGL/ManagedStripped/UnityEngine.InputModule.dll --assembly=Library/Bee/artifacts/WebGL/ManagedStripped/UnityEngine.JSONSerializeModule.dll --assembly=Library/Bee/artifacts/WebGL/ManagedStripped/UnityEngine.Physics2DModule.dll --assembly=Library/Bee/artifacts/WebGL/ManagedStripped/UnityEngine.PhysicsModule.dll --assembly=Library/Bee/artifacts/WebGL/ManagedStripped/UnityEngine.PropertiesModule.dll --assembly=Library/Bee/artifacts/WebGL/ManagedStripped/UnityEngine.SharedInternalsModule.dll --assembly=Library/Bee/artifacts/WebGL/ManagedStripped/UnityEngine.SpriteMaskModule.dll --assembly=Library/Bee/artifacts/WebGL/ManagedStripped/UnityEngine.SpriteShapeModule.dll --assembly=Library/Bee/artifacts/WebGL/ManagedStripped/UnityEngine.SubsystemsModule.dll --assembly=Library/Bee/artifacts/WebGL/ManagedStripped/UnityEngine.TextCoreFontEngineModule.dll --assembly=Library/Bee/artifacts/WebGL/ManagedStripped/UnityEngine.TextCoreTextEngineModule.dll --assembly=Library/Bee/artifacts/WebGL/ManagedStripped/UnityEngine.TextRenderingModule.dll --assembly=Library/Bee/artifacts/WebGL/ManagedStripped/UnityEngine.TilemapModule.dll --assembly=Library/Bee/artifacts/WebGL/ManagedStripped/UnityEngine.UI.dll --assembly=Library/Bee/artifacts/WebGL/ManagedStripped/UnityEngine.UIElementsModule.dll --assembly=Library/Bee/artifacts/WebGL/ManagedStripped/UnityEngine.UIModule.dll --assembly=Library/Bee/artifacts/WebGL/ManagedStripped/UnityEngine.UnityAnalyticsCommonModule.dll --assembly=Library/Bee/artifacts/WebGL/ManagedStripped/UnityEngine.UnityAnalyticsModule.dll --assembly=Library/Bee/artifacts/WebGL/ManagedStripped/UnityEngine.UnityWebRequestModule.dll --assembly=Library/Bee/artifacts/WebGL/ManagedStripped/UnityEngine.VFXModule.dll --assembly=Library/Bee/artifacts/WebGL/ManagedStripped/UnityEngine.VRModule.dll --assembly=Library/Bee/artifacts/WebGL/ManagedStripped/UnityEngine.XRModule.dll --assembly=Library/Bee/artifacts/WebGL/ManagedStripped/UnityEngine.dll --assembly=Library/Bee/artifacts/WebGL/ManagedStripped/mscorlib.dll --generatedcppdir=/home/hatch/workspace/cod-mobile/Library/Bee/artifacts/WebGL/il2cppOutput/cpp --symbols-folder=/home/hatch/workspace/cod-mobile/Library/Bee/artifacts/WebGL/il2cppOutput/cpp/Symbols --enable-analytics --emit-method-map --dotnetprofile=unityaot-linux --profiler-report --profiler-output-file=/home/hatch/workspace/cod-mobile/Library/Bee/artifacts/il2cpp_conv_yfs4.traceevents --print-command-line --data-folder=/home/hatch/workspace/cod-mobile/Library/Bee/artifacts/WebGL/il2cppOutput/data
[225/627    0s] C_WebGL_wasm Library/Bee/artifacts/WebGL/GameAssembly/release_WebGL_wasm/gl19j5zg1u0n.o
[226/627    0s] C_WebGL_wasm Library/Bee/artifacts/WebGL/GameAssembly/release_WebGL_wasm/i4d5mywk3er2.o
[227/627    0s] C_WebGL_wasm Library/Bee/artifacts/WebGL/GameAssembly/release_WebGL_wasm/jemx6p00yyi3.o
[229/627    6s] C_WebGL_wasm Library/Bee/artifacts/WebGL/GameAssembly/release_WebGL_wasm/5u6n692bpasu.o
[230/627    6s] C_WebGL_wasm Library/Bee/artifacts/WebGL/GameAssembly/release_WebGL_wasm/rius6yx7v0kt.o
[232/627    1s] C_WebGL_wasm Library/Bee/artifacts/WebGL/GameAssembly/release_WebGL_wasm/zxx55h7tofa5.o
[233/627    4s] C_WebGL_wasm Library/Bee/artifacts/WebGL/GameAssembly/release_WebGL_wasm/qao2knctctss.o
[235/627    5s] C_WebGL_wasm Library/Bee/artifacts/WebGL/GameAssembly/release_WebGL_wasm/rb98u9qdfah5.o
[238/627    0s] C_WebGL_wasm Library/Bee/artifacts/WebGL/GameAssembly/release_WebGL_wasm/thadk21gl7iq.o
[239/627    0s] C_WebGL_wasm Library/Bee/artifacts/WebGL/GameAssembly/release_WebGL_wasm/ylbi1zi1tc4z.o
[246/627    0s] C_WebGL_wasm Library/Bee/artifacts/WebGL/GameAssembly/release_WebGL_wasm/bxxczig1fm8o.o
[253/627    0s] C_WebGL_wasm Library/Bee/artifacts/WebGL/GameAssembly/release_WebGL_wasm/7qbxmkidm59i.o
[257/627    0s] C_WebGL_wasm Library/Bee/artifacts/WebGL/GameAssembly/release_WebGL_wasm/alei5kg7x2b7.o
[265/627    7s] C_WebGL_wasm Library/Bee/artifacts/WebGL/GameAssembly/release_WebGL_wasm/crcxaj5aiyso.o
[268/627    0s] C_WebGL_wasm Library/Bee/artifacts/WebGL/GameAssembly/release_WebGL_wasm/8h9cjc6ys1yi.o
[269/627    0s] C_WebGL_wasm Library/Bee/artifacts/WebGL/GameAssembly/release_WebGL_wasm/1nahwr28ol5y.o
[276/627    7s] C_WebGL_wasm Library/Bee/artifacts/WebGL/GameAssembly/release_WebGL_wasm/d5qnzc9qvh84.o
[279/627    3s] C_WebGL_wasm Library/Bee/artifacts/WebGL/GameAssembly/release_WebGL_wasm/b242mf1apfj5.o
[286/627    0s] C_WebGL_wasm Library/Bee/artifacts/WebGL/GameAssembly/release_WebGL_wasm/xroycyjrqbm1.o
[288/627    0s] C_WebGL_wasm Library/Bee/artifacts/WebGL/GameAssembly/release_WebGL_wasm/wpo17bhhwdop.o
[290/627    6s] C_WebGL_wasm Library/Bee/artifacts/WebGL/GameAssembly/release_WebGL_wasm/je7lu49ea59p.o
[295/627    0s] C_WebGL_wasm Library/Bee/artifacts/WebGL/GameAssembly/release_WebGL_wasm/gxmkm6601lsy.o
[300/627    8s] C_WebGL_wasm Library/Bee/artifacts/WebGL/GameAssembly/release_WebGL_wasm/wiz09zykzc0b.o
[301/627    0s] C_WebGL_wasm Library/Bee/artifacts/WebGL/GameAssembly/release_WebGL_wasm/co1tsrihy77p.o
[317/627    6s] C_WebGL_wasm Library/Bee/artifacts/WebGL/GameAssembly/release_WebGL_wasm/qb1ltu0lz780.o
[318/627    0s] C_WebGL_wasm Library/Bee/artifacts/WebGL/GameAssembly/release_WebGL_wasm/u4z0gddi86gz.o
[319/627    0s] C_WebGL_wasm Library/Bee/artifacts/WebGL/GameAssembly/release_WebGL_wasm/qzia9jjgnec7.o
[326/627    0s] C_WebGL_wasm Library/Bee/artifacts/WebGL/GameAssembly/release_WebGL_wasm/rm3g4vfjw5rk.o
[328/627    5s] C_WebGL_wasm Library/Bee/artifacts/WebGL/GameAssembly/release_WebGL_wasm/br4983ej2vkk.o
[BUSY       6s] C_WebGL_wasm Library/Bee/artifacts/WebGL/GameAssembly/release_WebGL_wasm/ymcvt8pddouy.o
[333/627    6s] C_WebGL_wasm Library/Bee/artifacts/WebGL/GameAssembly/release_WebGL_wasm/ymcvt8pddouy.o
[337/627    6s] C_WebGL_wasm Library/Bee/artifacts/WebGL/GameAssembly/release_WebGL_wasm/ylllmx605epb.o
[338/627    5s] C_WebGL_wasm Library/Bee/artifacts/WebGL/GameAssembly/release_WebGL_wasm/wbpokks5rmew.o
[341/627    1s] C_WebGL_wasm Library/Bee/artifacts/WebGL/GameAssembly/release_WebGL_wasm/hmby26q5nhlf.o
[342/627    1s] C_WebGL_wasm Library/Bee/artifacts/WebGL/GameAssembly/release_WebGL_wasm/dymsx6p2da0f.o
[343/627    8s] C_WebGL_wasm Library/Bee/artifacts/WebGL/GameAssembly/release_WebGL_wasm/c0f00ueud76m.o
[344/627    0s] C_WebGL_wasm Library/Bee/artifacts/WebGL/GameAssembly/release_WebGL_wasm/4130h5qztaoe.o
[346/627    5s] C_WebGL_wasm Library/Bee/artifacts/WebGL/GameAssembly/release_WebGL_wasm/izctk9m1yc7u.o
[352/627    0s] C_WebGL_wasm Library/Bee/artifacts/WebGL/GameAssembly/release_WebGL_wasm/55ml8prgrnhz.o
[354/627    0s] C_WebGL_wasm Library/Bee/artifacts/WebGL/GameAssembly/release_WebGL_wasm/95z4jxg7dho6.o
[355/627    0s] C_WebGL_wasm Library/Bee/artifacts/WebGL/GameAssembly/release_WebGL_wasm/jgtkbjqzwps6.o
[356/627    0s] C_WebGL_wasm Library/Bee/artifacts/WebGL/GameAssembly/release_WebGL_wasm/t4ts2a0r6nh8.o
[358/627    0s] C_WebGL_wasm Library/Bee/artifacts/WebGL/GameAssembly/release_WebGL_wasm/d4h8y072jltb.o
[359/627    9s] C_WebGL_wasm Library/Bee/artifacts/WebGL/GameAssembly/release_WebGL_wasm/k8hgfbik5vcn.o
[366/627    1s] C_WebGL_wasm Library/Bee/artifacts/WebGL/GameAssembly/release_WebGL_wasm/4f5hzk7xoj27.o
[367/627    0s] C_WebGL_wasm Library/Bee/artifacts/WebGL/GameAssembly/release_WebGL_wasm/tiyeurllwn63.o
[369/627    0s] C_WebGL_wasm Library/Bee/artifacts/WebGL/GameAssembly/release_WebGL_wasm/uaoz3l3cgb0u.o
[375/627    0s] C_WebGL_wasm Library/Bee/artifacts/WebGL/GameAssembly/release_WebGL_wasm/p5hkrj257o06.o
[377/627    1s] C_WebGL_wasm Library/Bee/artifacts/WebGL/GameAssembly/release_WebGL_wasm/aedezcha7ugk.o
[379/627    1s] C_WebGL_wasm Library/Bee/artifacts/WebGL/GameAssembly/release_WebGL_wasm/6yd299slmeko.o
[381/627    6s] C_WebGL_wasm Library/Bee/artifacts/WebGL/GameAssembly/release_WebGL_wasm/jascsiuh4bft.o
[382/627    1s] C_WebGL_wasm Library/Bee/artifacts/WebGL/GameAssembly/release_WebGL_wasm/gpz3vhxtwioi.o
[384/627    5s] C_WebGL_wasm Library/Bee/artifacts/WebGL/GameAssembly/release_WebGL_wasm/i6m59otg62sa.o
[387/627    0s] C_WebGL_wasm Library/Bee/artifacts/WebGL/GameAssembly/release_WebGL_wasm/lduaae53kxaz.o
[397/627    0s] C_WebGL_wasm Library/Bee/artifacts/WebGL/GameAssembly/release_WebGL_wasm/79tqqip2espv.o
[398/627    1s] C_WebGL_wasm Library/Bee/artifacts/WebGL/GameAssembly/release_WebGL_wasm/vxm0ggnua96k.o
[BUSY       7s] C_WebGL_wasm Library/Bee/artifacts/WebGL/GameAssembly/release_WebGL_wasm/ov92jo232wjz.o
[399/627    7s] C_WebGL_wasm Library/Bee/artifacts/WebGL/GameAssembly/release_WebGL_wasm/ov92jo232wjz.o
[401/627    0s] C_WebGL_wasm Library/Bee/artifacts/WebGL/GameAssembly/release_WebGL_wasm/zhl1qb4fqpkz.o
[405/627    7s] C_WebGL_wasm Library/Bee/artifacts/WebGL/GameAssembly/release_WebGL_wasm/5oce2vfufttt.o
[407/627    0s] C_WebGL_wasm Library/Bee/artifacts/WebGL/GameAssembly/release_WebGL_wasm/xb57scoenpgc.o
[409/627    5s] C_WebGL_wasm Library/Bee/artifacts/WebGL/GameAssembly/release_WebGL_wasm/q3osauafb8zp.o
[411/627    4s] C_WebGL_wasm Library/Bee/artifacts/WebGL/GameAssembly/release_WebGL_wasm/6je6l9oocy9u.o
[412/627    1s] C_WebGL_wasm Library/Bee/artifacts/WebGL/GameAssembly/release_WebGL_wasm/1j87bikzq9aa.o
[416/627    1s] C_WebGL_wasm Library/Bee/artifacts/WebGL/GameAssembly/release_WebGL_wasm/5zj7xepxj7fl.o
[419/627    7s] C_WebGL_wasm Library/Bee/artifacts/WebGL/GameAssembly/release_WebGL_wasm/gv9pc0igpkd5.o
[420/627    7s] C_WebGL_wasm Library/Bee/artifacts/WebGL/GameAssembly/release_WebGL_wasm/4szro23wq5og.o
[424/627    1s] C_WebGL_wasm Library/Bee/artifacts/WebGL/GameAssembly/release_WebGL_wasm/oqagaz71ayzp.o
[425/627    0s] C_WebGL_wasm Library/Bee/artifacts/WebGL/GameAssembly/release_WebGL_wasm/4xzjvasc1rgr.o
[433/627    7s] C_WebGL_wasm Library/Bee/artifacts/WebGL/GameAssembly/release_WebGL_wasm/xese9s9e9ldj.o
[BUSY       8s] C_WebGL_wasm Library/Bee/artifacts/WebGL/GameAssembly/release_WebGL_wasm/ykubfmnoy5jo.o
[441/627    8s] C_WebGL_wasm Library/Bee/artifacts/WebGL/GameAssembly/release_WebGL_wasm/ykubfmnoy5jo.o
[443/627    0s] C_WebGL_wasm Library/Bee/artifacts/WebGL/GameAssembly/release_WebGL_wasm/3dp39rek35to.o
[450/627    0s] C_WebGL_wasm Library/Bee/artifacts/WebGL/GameAssembly/release_WebGL_wasm/abgo57ie9fd1.o
[453/627    0s] C_WebGL_wasm Library/Bee/artifacts/WebGL/GameAssembly/release_WebGL_wasm/fb3fg72cj0ui.o
[BUSY      12s] C_WebGL_wasm Library/Bee/artifacts/WebGL/GameAssembly/release_WebGL_wasm/1tj4yhtog5u1.o
[455/627    5s] C_WebGL_wasm Library/Bee/artifacts/WebGL/GameAssembly/release_WebGL_wasm/xj944z83vovb.o
[456/627    0s] C_WebGL_wasm Library/Bee/artifacts/WebGL/GameAssembly/release_WebGL_wasm/1814p5u1vewo.o
[457/627    0s] C_WebGL_wasm Library/Bee/artifacts/WebGL/GameAssembly/release_WebGL_wasm/jwcecyk4bnv5.o
[464/627    0s] C_WebGL_wasm Library/Bee/artifacts/WebGL/GameAssembly/release_WebGL_wasm/d44kvqqqr6fy.o
[BUSY      19s] C_WebGL_wasm Library/Bee/artifacts/WebGL/GameAssembly/release_WebGL_wasm/1tj4yhtog5u1.o
[465/627    6s] C_WebGL_wasm Library/Bee/artifacts/WebGL/GameAssembly/release_WebGL_wasm/i27v72dj09xd.o
[BUSY      25s] C_WebGL_wasm Library/Bee/artifacts/WebGL/GameAssembly/release_WebGL_wasm/1tj4yhtog5u1.o
[466/627    6s] C_WebGL_wasm Library/Bee/artifacts/WebGL/GameAssembly/release_WebGL_wasm/4ndht55pshg2.o
[467/627    0s] C_WebGL_wasm Library/Bee/artifacts/WebGL/GameAssembly/release_WebGL_wasm/4sg6phbhiihk.o
[468/627    0s] C_WebGL_wasm Library/Bee/artifacts/WebGL/GameAssembly/release_WebGL_wasm/57xfmewzjv03.o
[470/627    4s] C_WebGL_wasm Library/Bee/artifacts/WebGL/GameAssembly/release_WebGL_wasm/p23l07vu8qbd.o
[472/627   36s] C_WebGL_wasm Library/Bee/artifacts/WebGL/GameAssembly/release_WebGL_wasm/1tj4yhtog5u1.o
[473/627    2s] C_WebGL_wasm Library/Bee/artifacts/WebGL/GameAssembly/release_WebGL_wasm/2b1sgeaie1kb.o
[474/627   10s] C_WebGL_wasm Library/Bee/artifacts/WebGL/GameAssembly/release_WebGL_wasm/xm47rtzlxlmu.o
[475/627    0s] C_WebGL_wasm Library/Bee/artifacts/WebGL/GameAssembly/release_WebGL_wasm/oby4oi3k69nm.o
[478/627    0s] C_WebGL_wasm Library/Bee/artifacts/WebGL/GameAssembly/release_WebGL_wasm/tjs46yhy59na.o
[482/627    1s] C_WebGL_wasm Library/Bee/artifacts/WebGL/GameAssembly/release_WebGL_wasm/qqlih4izderi.o
[483/627    0s] C_WebGL_wasm Library/Bee/artifacts/WebGL/GameAssembly/release_WebGL_wasm/a7rll3umhsg7.o
[487/627    0s] CopyFiles /home/hatch/workspace/cod-mobile/Library/Bee/artifacts/WebGL/il2cppOutput/build/Data/Resources/mscorlib.dll-resources.dat
[488/627    0s] CopyFiles /home/hatch/workspace/cod-mobile/Library/Bee/artifacts/WebGL/il2cppOutput/build/Data/Resources/System.Data.dll-resources.dat
[489/627    0s] CopyFiles /home/hatch/workspace/cod-mobile/Library/Bee/artifacts/WebGL/il2cppOutput/build/Data/Resources/System.Drawing.dll-resources.dat
[490/627    0s] CopyFiles /home/hatch/workspace/cod-mobile/Library/Bee/artifacts/WebGL/il2cppOutput/build/Data/Resources/Newtonsoft.Json.dll-resources.dat
[493/627    6s] C_WebGL_wasm Library/Bee/artifacts/WebGL/GameAssembly/release_WebGL_wasm/xd141hq21c8v.o
[BUSY       6s] C_WebGL_wasm Library/Bee/artifacts/WebGL/GameAssembly/release_WebGL_wasm/cx66exssrfrp.o
[495/627    6s] C_WebGL_wasm Library/Bee/artifacts/WebGL/GameAssembly/release_WebGL_wasm/cx66exssrfrp.o
[499/627    6s] C_WebGL_wasm Library/Bee/artifacts/WebGL/GameAssembly/release_WebGL_wasm/p9dypn29fhxs.o
[502/627    0s] C_WebGL_wasm Library/Bee/artifacts/WebGL/GameAssembly/release_WebGL_wasm/2m5o8gtezc3e.o
[506/627    0s] C_WebGL_wasm Library/Bee/artifacts/WebGL/GameAssembly/release_WebGL_wasm/m2zy0gvyzk9v.o
[509/627    3s] C_WebGL_wasm Library/Bee/artifacts/WebGL/GameAssembly/release_WebGL_wasm/qnsoeh6pt0c9.o
[510/627    7s] C_WebGL_wasm Library/Bee/artifacts/WebGL/GameAssembly/release_WebGL_wasm/j0xzuv1l1tv7.o
[513/627    4s] C_WebGL_wasm Library/Bee/artifacts/WebGL/GameAssembly/release_WebGL_wasm/4m0xkyhx52zt.o
[514/627    4s] C_WebGL_wasm Library/Bee/artifacts/WebGL/GameAssembly/release_WebGL_wasm/b3vcuqknwoos.o
[BUSY      19s] C_WebGL_wasm Library/Bee/artifacts/WebGL/GameAssembly/release_WebGL_wasm/exkk4cu0o1jk.o
[515/627    5s] C_WebGL_wasm Library/Bee/artifacts/WebGL/GameAssembly/release_WebGL_wasm/bwl04ae8oy2c.o
[516/627    0s] C_WebGL_wasm Library/Bee/artifacts/WebGL/GameAssembly/release_WebGL_wasm/80qkl16e6716.o
[BUSY      26s] C_WebGL_wasm Library/Bee/artifacts/WebGL/GameAssembly/release_WebGL_wasm/exkk4cu0o1jk.o
[522/627    6s] C_WebGL_wasm Library/Bee/artifacts/WebGL/GameAssembly/release_WebGL_wasm/4pv07r8e7zqc.o
[523/627    0s] C_WebGL_wasm Library/Bee/artifacts/WebGL/GameAssembly/release_WebGL_wasm/o4n1kdkyh4ck.o
[527/627    1s] C_WebGL_wasm Library/Bee/artifacts/WebGL/GameAssembly/release_WebGL_wasm/bw5ai68tyecl.o
[530/627   29s] C_WebGL_wasm Library/Bee/artifacts/WebGL/GameAssembly/release_WebGL_wasm/exkk4cu0o1jk.o
[532/627    0s] C_WebGL_wasm Library/Bee/artifacts/WebGL/GameAssembly/release_WebGL_wasm/fmqh4st1tvr5.o
[547/627    6s] C_WebGL_wasm Library/Bee/artifacts/WebGL/GameAssembly/release_WebGL_wasm/4taaaeocdtl9.o
[551/627    1s] C_WebGL_wasm Library/Bee/artifacts/WebGL/GameAssembly/release_WebGL_wasm/paf9pj6rc99y.o
[553/627    7s] C_WebGL_wasm Library/Bee/artifacts/WebGL/GameAssembly/release_WebGL_wasm/3egh0i1y10ie.o
[BUSY       6s] C_WebGL_wasm Library/Bee/artifacts/WebGL/GameAssembly/release_WebGL_wasm/q4f2h5trih5c.o
[554/627    6s] C_WebGL_wasm Library/Bee/artifacts/WebGL/GameAssembly/release_WebGL_wasm/q4f2h5trih5c.o
[555/627    0s] C_WebGL_wasm Library/Bee/artifacts/WebGL/GameAssembly/release_WebGL_wasm/9i3sf5q50v7s.o
[563/627    7s] C_WebGL_wasm Library/Bee/artifacts/WebGL/GameAssembly/release_WebGL_wasm/czoqtjvh6x1z.o
[566/627    4s] C_WebGL_wasm Library/Bee/artifacts/WebGL/GameAssembly/release_WebGL_wasm/4z4jesbumaka.o
[569/627    0s] C_WebGL_wasm Library/Bee/artifacts/WebGL/GameAssembly/release_WebGL_wasm/l61gbbdmmqr0.o
[570/627    0s] C_WebGL_wasm Library/Bee/artifacts/WebGL/GameAssembly/release_WebGL_wasm/eltts35s8nyl.o
[573/627    6s] C_WebGL_wasm Library/Bee/artifacts/WebGL/GameAssembly/release_WebGL_wasm/5vxxdlmowjxh.o
[574/627    4s] C_WebGL_wasm Library/Bee/artifacts/WebGL/GameAssembly/release_WebGL_wasm/pf87t1prpyvt.o
[577/627    8s] C_WebGL_wasm Library/Bee/artifacts/WebGL/GameAssembly/release_WebGL_wasm/xqjhuffj3ehr.o
[581/627    0s] C_WebGL_wasm Library/Bee/artifacts/WebGL/GameAssembly/release_WebGL_wasm/kjwxw3oql0zg.o
[584/627    0s] C_WebGL_wasm Library/Bee/artifacts/WebGL/GameAssembly/release_WebGL_wasm/tazsclbx4ufo.o
[585/627    1s] C_WebGL_wasm Library/Bee/artifacts/WebGL/GameAssembly/release_WebGL_wasm/s5qxk331qv0m.o
[586/627    0s] C_WebGL_wasm Library/Bee/artifacts/WebGL/GameAssembly/release_WebGL_wasm/tnacykb0gxcu.o
[587/627    0s] C_WebGL_wasm Library/Bee/artifacts/WebGL/GameAssembly/release_WebGL_wasm/i1pr9ghqvjdr.o
[588/627    0s] C_WebGL_wasm Library/Bee/artifacts/WebGL/GameAssembly/release_WebGL_wasm/mpn2qhgr8n2l.o
[590/627    7s] C_WebGL_wasm Library/Bee/artifacts/WebGL/GameAssembly/release_WebGL_wasm/4gsxhgzvbrce.o
[592/627    4s] C_WebGL_wasm Library/Bee/artifacts/WebGL/GameAssembly/release_WebGL_wasm/5nl4ukwh8jo6.o
[593/627    6s] C_WebGL_wasm Library/Bee/artifacts/WebGL/GameAssembly/release_WebGL_wasm/j2fj9h4agc6h.o
[600/627    1s] C_WebGL_wasm Library/Bee/artifacts/WebGL/GameAssembly/release_WebGL_wasm/05hmqxnsshrk.o
[602/627    0s] C_WebGL_wasm Library/Bee/artifacts/WebGL/GameAssembly/release_WebGL_wasm/lz494k24a7ns.o
[603/627    0s] C_WebGL_wasm Library/Bee/artifacts/WebGL/GameAssembly/release_WebGL_wasm/3wl0vq25o7xy.o
[606/627    6s] C_WebGL_wasm Library/Bee/artifacts/WebGL/GameAssembly/release_WebGL_wasm/qaacmjh9ry3d.o
[608/627    1s] C_WebGL_wasm Library/Bee/artifacts/WebGL/GameAssembly/release_WebGL_wasm/6f27nxk6wqux.o
[615/627    6s] C_WebGL_wasm Library/Bee/artifacts/WebGL/GameAssembly/release_WebGL_wasm/j1o916ky820u.o
[616/627    0s] CopyFiles /home/hatch/workspace/cod-mobile/Library/Bee/artifacts/WebGL/il2cppOutput/build/Data/Metadata/global-metadata.dat
[617/627    0s] Assemble WebGL Data Library/Bee/artifacts/WebGL/webgl.data
[618/627    0s] CopyFiles /home/hatch/workspace/cod-mobile-webgl/Build/cod-mobile-webgl.data
[619/627    0s] CopyFiles Temp/EditorBuildOutput/MethodMap.tsv
[620/627    5s] C_WebGL_wasm Library/Bee/artifacts/WebGL/GameAssembly/release_WebGL_wasm/cyxgm8b5yowc.o
[621/627    1s] Lib_WebGL_wasm Library/Bee/artifacts/WebGL/GameAssembly/release_WebGL_wasm/GameAssembly.a
[622/627    0s] CopyFiles /home/hatch/workspace/cod-mobile/Library/Bee/artifacts/WebGL/il2cppOutput/build/GameAssembly.a
[BUSY       6s] Link_WebGL_wasm Library/Bee/artifacts/WebGL/build/debug_WebGL_wasm/build.js (+wasm)
[BUSY      16s] Link_WebGL_wasm Library/Bee/artifacts/WebGL/build/debug_WebGL_wasm/build.js (+wasm)
[BUSY      26s] Link_WebGL_wasm Library/Bee/artifacts/WebGL/build/debug_WebGL_wasm/build.js (+wasm)
[BUSY      36s] Link_WebGL_wasm Library/Bee/artifacts/WebGL/build/debug_WebGL_wasm/build.js (+wasm)
[BUSY      46s] Link_WebGL_wasm Library/Bee/artifacts/WebGL/build/debug_WebGL_wasm/build.js (+wasm)
[BUSY      56s] Link_WebGL_wasm Library/Bee/artifacts/WebGL/build/debug_WebGL_wasm/build.js (+wasm)
[BUSY      66s] Link_WebGL_wasm Library/Bee/artifacts/WebGL/build/debug_WebGL_wasm/build.js (+wasm)
[BUSY      76s] Link_WebGL_wasm Library/Bee/artifacts/WebGL/build/debug_WebGL_wasm/build.js (+wasm)
[BUSY      86s] Link_WebGL_wasm Library/Bee/artifacts/WebGL/build/debug_WebGL_wasm/build.js (+wasm)
[BUSY      96s] Link_WebGL_wasm Library/Bee/artifacts/WebGL/build/debug_WebGL_wasm/build.js (+wasm)
[BUSY     106s] Link_WebGL_wasm Library/Bee/artifacts/WebGL/build/debug_WebGL_wasm/build.js (+wasm)
[BUSY     116s] Link_WebGL_wasm Library/Bee/artifacts/WebGL/build/debug_WebGL_wasm/build.js (+wasm)
[BUSY     126s] Link_WebGL_wasm Library/Bee/artifacts/WebGL/build/debug_WebGL_wasm/build.js (+wasm)
[BUSY     136s] Link_WebGL_wasm Library/Bee/artifacts/WebGL/build/debug_WebGL_wasm/build.js (+wasm)
[BUSY     146s] Link_WebGL_wasm Library/Bee/artifacts/WebGL/build/debug_WebGL_wasm/build.js (+wasm)
[BUSY     156s] Link_WebGL_wasm Library/Bee/artifacts/WebGL/build/debug_WebGL_wasm/build.js (+wasm)
[BUSY     166s] Link_WebGL_wasm Library/Bee/artifacts/WebGL/build/debug_WebGL_wasm/build.js (+wasm)
[BUSY     176s] Link_WebGL_wasm Library/Bee/artifacts/WebGL/build/debug_WebGL_wasm/build.js (+wasm)
[BUSY     186s] Link_WebGL_wasm Library/Bee/artifacts/WebGL/build/debug_WebGL_wasm/build.js (+wasm)
[BUSY     196s] Link_WebGL_wasm Library/Bee/artifacts/WebGL/build/debug_WebGL_wasm/build.js (+wasm)
[BUSY     206s] Link_WebGL_wasm Library/Bee/artifacts/WebGL/build/debug_WebGL_wasm/build.js (+wasm)
[BUSY     216s] Link_WebGL_wasm Library/Bee/artifacts/WebGL/build/debug_WebGL_wasm/build.js (+wasm)
[BUSY     226s] Link_WebGL_wasm Library/Bee/artifacts/WebGL/build/debug_WebGL_wasm/build.js (+wasm)
[BUSY     236s] Link_WebGL_wasm Library/Bee/artifacts/WebGL/build/debug_WebGL_wasm/build.js (+wasm)
[BUSY     246s] Link_WebGL_wasm Library/Bee/artifacts/WebGL/build/debug_WebGL_wasm/build.js (+wasm)
[BUSY     256s] Link_WebGL_wasm Library/Bee/artifacts/WebGL/build/debug_WebGL_wasm/build.js (+wasm)
[BUSY     266s] Link_WebGL_wasm Library/Bee/artifacts/WebGL/build/debug_WebGL_wasm/build.js (+wasm)
[BUSY     276s] Link_WebGL_wasm Library/Bee/artifacts/WebGL/build/debug_WebGL_wasm/build.js (+wasm)
[BUSY     286s] Link_WebGL_wasm Library/Bee/artifacts/WebGL/build/debug_WebGL_wasm/build.js (+wasm)
[BUSY     296s] Link_WebGL_wasm Library/Bee/artifacts/WebGL/build/debug_WebGL_wasm/build.js (+wasm)
[623/627   298s] Link_WebGL_wasm Library/Bee/artifacts/WebGL/build/debug_WebGL_wasm/build.js (+wasm)
[624/627    0s] CopyFiles /home/hatch/workspace/cod-mobile-webgl/Build/cod-mobile-webgl.wasm
[625/627    0s] FrameworkAssembler Library/Bee/artifacts/WebGL/build/debug_WebGL_wasm/build.framework.js
[626/627    0s] CopyFiles /home/hatch/workspace/cod-mobile-webgl/Build/cod-mobile-webgl.framework.js
*** Tundra build success (588.61 seconds - 0:09:48), 152 items updated, 627 evaluated
ExitCode: 0 Duration: 9m:48s
[websockify wrapper] Start node and websockify.js
Total cache size 84474764
Total cache size after purge 84474764
[websockify wrapper] Proxying from :54998 to localhost:34999
Refreshing native plugins compatible for Editor in 8.09 ms, found 0 plugins.
Preloading 0 native plugins for Editor in 0.00 ms.

-------------------------------------------------------------------------------
Build Report
Uncompressed usage by category (Percentages based on user generated assets only):
Textures               2.7 mb	 78.1% 
Meshes                 0.0 kb	 0.0% 
Animations             0.0 kb	 0.0% 
Sounds                 0.0 kb	 0.0% 
Shaders                267.4 kb	 7.6% 
Other Assets           223.8 kb	 6.4% 
Levels                 0.0 kb	 0.0% 
Scripts                198.7 kb	 5.7% 
Included DLLs          0.0 kb	 0.0% 
File headers           80.3 kb	 2.3% 
Total User Assets      3.4 mb	 100.0% 
Complete build size    83.2 mb
Used Assets and files from the Resources folder, sorted by uncompressed size:
 2.7 mb	 3.2% Built-in Texture2D: Splash Screen Unity Logo
 79.7 kb	 0.1% Packages/com.unity.render-pipelines.core/Runtime/Debugging/Prefabs/Fonts/PerfectDOSVGA437.ttf
 64.7 kb	 0.1% Packages/com.unity.render-pipelines.universal/Shaders/Utils/CoreBlit.shader
 59.1 kb	 0.1% Packages/com.unity.render-pipelines.core/Runtime/Debugging/Prefabs/Widgets/DebugUIBitField.prefab
 30.8 kb	 0.0% Packages/com.unity.render-pipelines.universal/Shaders/Lit.shader
 20.7 kb	 0.0% Packages/com.unity.render-pipelines.universal/Shaders/Utils/StencilDeferred.shader
 20.4 kb	 0.0% Packages/com.unity.render-pipelines.universal/Shaders/PostProcessing/LensFlareDataDriven.shader
 20.1 kb	 0.0% Packages/com.unity.render-pipelines.universal/Shaders/Terrain/WavingGrass.shader
 18.6 kb	 0.0% Packages/com.unity.render-pipelines.universal/Shaders/Terrain/TerrainDetailLit.shader
 17.3 kb	 0.0% Packages/com.unity.render-pipelines.universal/Shaders/Terrain/WavingGrassBillboard.shader
 13.6 kb	 0.0% Resources/unity_builtin_extra
 11.3 kb	 0.0% Packages/com.unity.render-pipelines.universal/Shaders/Debug/HDRDebugView.shader
 9.3 kb	 0.0% Packages/com.unity.render-pipelines.core/Runtime/Debugging/Prefabs/Widgets/DebugUIPanel.prefab
 6.7 kb	 0.0% Packages/com.unity.render-pipelines.universal/Shaders/XR/XRMirrorView.shader
 6.5 kb	 0.0% Packages/com.unity.render-pipelines.core/Runtime/Debugging/Prefabs/Widgets/DebugUIColor.prefab
 6.2 kb	 0.0% Packages/com.unity.render-pipelines.universal/Shaders/Utils/CoreBlitColorAndDepth.shader
 6.1 kb	 0.0% Packages/com.unity.render-pipelines.core/Runtime/Debugging/Prefabs/Widgets/DebugUIVector4.prefab
 5.2 kb	 0.0% Packages/com.unity.render-pipelines.core/Runtime/Debugging/Prefabs/Widgets/DebugUIVector3.prefab
 4.5 kb	 0.0% Packages/com.unity.render-pipelines.universal/Shaders/ObjectMotionVectors.shader
 4.4 kb	 0.0% Packages/com.unity.render-pipelines.universal/Shaders/Utils/CopyDepth.shader
 4.4 kb	 0.0% Packages/com.unity.render-pipelines.core/Runtime/Debugging/Prefabs/Widgets/DebugUIUIntField.prefab
 4.4 kb	 0.0% Packages/com.unity.render-pipelines.core/Runtime/Debugging/Prefabs/Widgets/DebugUIIntField.prefab
 4.3 kb	 0.0% Packages/com.unity.render-pipelines.universal/Shaders/Debug/DebugReplacement.shader
 4.3 kb	 0.0% Packages/com.unity.render-pipelines.core/Runtime/Debugging/Prefabs/Widgets/DebugUIVector2.prefab
 4.2 kb	 0.0% Packages/com.unity.render-pipelines.core/Runtime/Debugging/Prefabs/Resources/DebugUICanvas.prefab
 4.1 kb	 0.0% Packages/com.unity.render-pipelines.core/Runtime/Debugging/Prefabs/Widgets/DebugUIFloatField.prefab
 4.1 kb	 0.0% Packages/com.unity.render-pipelines.universal/Shaders/CameraMotionVectors.shader
 4.0 kb	 0.0% Packages/com.unity.render-pipelines.universal/Shaders/Utils/FallbackError.shader
 3.9 kb	 0.0% Packages/com.unity.render-pipelines.universal/Shaders/Utils/Blit.shader
 3.9 kb	 0.0% Packages/com.unity.render-pipelines.universal/Shaders/Utils/FallbackLoading.shader
 3.8 kb	 0.0% Packages/com.unity.render-pipelines.universal/Shaders/Utils/Sampling.shader
 3.7 kb	 0.0% Packages/com.unity.render-pipelines.universal/Shaders/Utils/MaterialError.shader
 3.5 kb	 0.0% Assets/_Project/Data/PlayerInputActions.inputactions
 3.3 kb	 0.0% Packages/com.unity.render-pipelines.core/Runtime/RenderPipelineResources/FallbackShader.shader
 2.9 kb	 0.0% Packages/com.unity.render-pipelines.universal/Shaders/XR/XROcclusionMesh.shader
 2.8 kb	 0.0% Packages/com.unity.render-pipelines.core/Runtime/Debugging/Prefabs/Widgets/DebugUIObjectPopupField.prefab
 2.6 kb	 0.0% Packages/com.unity.render-pipelines.core/Runtime/Debugging/Prefabs/Widgets/DebugUIObjectList.prefab
 2.6 kb	 0.0% Packages/com.unity.render-pipelines.core/Runtime/Debugging/Prefabs/Widgets/DebugUIEnumField.prefab
 2.4 kb	 0.0% Packages/com.unity.render-pipelines.core/Runtime/Debugging/Prefabs/Widgets/DebugUIFoldout.prefab
 2.4 kb	 0.0% Packages/com.unity.render-pipelines.core/Runtime/Debugging/Prefabs/Widgets/DebugUIRow.prefab
 1.7 kb	 0.0% Packages/com.unity.render-pipelines.core/Runtime/Debugging/Prefabs/Widgets/DebugUIToggleHistory.prefab
 1.7 kb	 0.0% Packages/com.unity.render-pipelines.core/Runtime/Debugging/Prefabs/Widgets/DebugUIToggle.prefab
 1.4 kb	 0.0% Packages/com.unity.render-pipelines.core/Runtime/Debugging/Prefabs/Widgets/DebugUIProgressBar.prefab
 1.4 kb	 0.0% Packages/com.unity.render-pipelines.core/Runtime/Debugging/Prefabs/Widgets/DebugUIGroup.prefab
 1.2 kb	 0.0% Packages/com.unity.render-pipelines.core/Runtime/Debugging/Prefabs/Widgets/DebugUIButton.prefab
 1.1 kb	 0.0% Packages/com.unity.render-pipelines.core/Runtime/Debugging/Prefabs/Textures/UIFoldoutOpened.png
 1.1 kb	 0.0% Packages/com.unity.render-pipelines.core/Runtime/Debugging/Prefabs/Textures/UIFoldoutClosed.png
 1.1 kb	 0.0% Packages/com.unity.render-pipelines.core/Runtime/Debugging/Prefabs/Textures/UICheckMark.png
 0.9 kb	 0.0% Packages/com.unity.render-pipelines.core/Runtime/Debugging/Prefabs/Widgets/DebugUIEnumHistory.prefab
 0.9 kb	 0.0% Packages/com.unity.render-pipelines.core/Runtime/Debugging/Prefabs/Widgets/DebugUIValuePersistent.prefab
 0.9 kb	 0.0% Packages/com.unity.render-pipelines.core/Runtime/Debugging/Prefabs/Widgets/DebugUIValueTuple.prefab
 0.9 kb	 0.0% Packages/com.unity.render-pipelines.core/Runtime/Debugging/Prefabs/Resources/DebugUIPersistentCanvas.prefab
 0.9 kb	 0.0% Packages/com.unity.render-pipelines.core/Runtime/Debugging/Prefabs/Widgets/DebugUIObject.prefab
 0.9 kb	 0.0% Packages/com.unity.render-pipelines.core/Runtime/Debugging/Prefabs/Widgets/DebugUIValue.prefab
 0.9 kb	 0.0% Packages/com.unity.render-pipelines.core/Runtime/Debugging/Prefabs/Widgets/DebugUIMessageBox.prefab
 0.8 kb	 0.0% Packages/com.unity.render-pipelines.core/Runtime/Debugging/Prefabs/Textures/UIElement8px.png
 0.5 kb	 0.0% Packages/com.unity.render-pipelines.core/Runtime/Debugging/Prefabs/Textures/White1px.png
 0.5 kb	 0.0% Packages/com.unity.render-pipelines.universal/Shaders/Utils/BlitHDROverlay.shader
 0.4 kb	 0.0% Packages/com.unity.render-pipelines.core/Runtime/Debugging/Prefabs/Widgets/DebugUIVBox.prefab
 0.4 kb	 0.0% Packages/com.unity.render-pipelines.core/Runtime/Debugging/Prefabs/Widgets/DebugUIHBox.prefab
 0.4 kb	 0.0% Built-in Sprite: 
 0.4 kb	 0.0% Assets/_Project/Settings/URPRenderer.asset
 0.4 kb	 0.0% Assets/_Project/Settings/URP.asset
 0.2 kb	 0.0% Packages/com.unity.render-pipelines.universal/Runtime/Debug/UniversalRenderPipelineVolumeDebugSettings.cs
 0.2 kb	 0.0% Packages/com.unity.render-pipelines.universal/Runtime/Debug/UniversalRenderPipelineDebugDisplaySettings.cs
 0.2 kb	 0.0% Packages/com.unity.render-pipelines.universal/Runtime/UniversalRenderPipelineGlobalSettings.cs
 0.2 kb	 0.0% Packages/com.unity.render-pipelines.universal/Runtime/Data/UniversalRenderPipelineEditorResources.cs
 0.2 kb	 0.0% Packages/com.unity.test-framework/UnityEngine.TestRunner/NUnitExtensions/Runner/RestoreTestContextAfterDomainReload.cs
 0.2 kb	 0.0% Packages/com.unity.services.core/Runtime/Configuration/StreamingAssetsConfigurationLoader.cs
 0.2 kb	 0.0% Packages/com.unity.render-pipelines.universal/Runtime/Passes/AdditionalLightsShadowCasterPass.cs
 0.2 kb	 0.0% Packages/com.unity.render-pipelines.core/Runtime/RenderGraph/RenderGraphResourceRegistry.cs
 0.2 kb	 0.0% Packages/com.unity.render-pipelines.core/Runtime/RenderGraph/RenderGraphDefaultResources.cs
 0.2 kb	 0.0% Packages/com.unity.ads/Runtime/Advertisement/Dispatchers/UnityAdsInitializationListenerMainDispatch.cs
 0.2 kb	 0.0% Packages/com.unity.render-pipelines.core/Runtime/RenderGraph/RenderGraphResourceRendererList.cs
 0.2 kb	 0.0% Packages/com.unity.render-pipelines.core/Runtime/RenderGraph/RenderGraphResourceComputeBuffer.cs
 0.2 kb	 0.0% Packages/com.unity.render-pipelines.core/Runtime/Common/IVirtualTexturingEnabledRenderPipeline.cs
 0.2 kb	 0.0% Packages/com.unity.mathematics/Unity.Mathematics/Il2CppEagerStaticClassConstructionAttribute.cs
 0.2 kb	 0.0% Packages/com.unity.test-framework/UnityEngine.TestRunner/NUnitExtensions/Runner/UnityLogCheckDelegatingCommand.cs
 0.2 kb	 0.0% Packages/com.unity.test-framework/UnityEngine.TestRunner/Assertions/OutOfOrderExpectedLogMessageException.cs
 0.2 kb	 0.0% Packages/com.unity.services.core/Runtime/Configuration/SerializableProjectConfiguration.cs
 0.2 kb	 0.0% Packages/com.unity.services.core/Runtime/Configuration/ConfigurationCollectionHelper.cs
 0.2 kb	 0.0% Packages/com.unity.render-pipelines.universal/Runtime/UniversalAdditionalCameraData.cs
 0.2 kb	 0.0% Packages/com.unity.render-pipelines.universal/Runtime/RendererFeatures/DisallowMultipleRendererFeature.cs
 0.2 kb	 0.0% Packages/com.unity.render-pipelines.universal/Runtime/Passes/MainLightShadowCasterPass.cs
 0.2 kb	 0.0% Packages/com.unity.render-pipelines.universal/Runtime/Passes/InvokeOnRenderObjectCallbackPass.cs
 0.2 kb	 0.0% Packages/com.unity.render-pipelines.universal/Runtime/Decal/Entities/DecalUpdateCullingGroupSystem.cs
 0.2 kb	 0.0% Packages/com.unity.render-pipelines.universal/Runtime/Debug/DebugDisplaySettingsRendering.cs
 0.2 kb	 0.0% Packages/com.unity.render-pipelines.universal/Runtime/2D/CinemachineUniversalPixelPerfect.cs
 0.2 kb	 0.0% Packages/com.unity.render-pipelines.core/Runtime/RenderGraph/RenderGraphResourcePool.cs
 0.2 kb	 0.0% Packages/com.unity.render-pipelines.core/Runtime/RenderGraph/RenderGraphObjectPool.cs
 0.2 kb	 0.0% Packages/com.unity.render-pipelines.core/Runtime/Lighting/ProbeVolume/ProbeReferenceVolume.ReflProbeNormalization.cs
 0.2 kb	 0.0% Packages/com.unity.purchasing/Runtime/Stores/AppleAppStore/AppleJsonProductDescriptionsDeserializer.cs
 0.2 kb	 0.0% Packages/com.unity.purchasing/Runtime/Stores/Android/GooglePlay/Services/GooglePlayStoreRetrieveProductsService.cs
 0.2 kb	 0.0% Packages/com.unity.purchasing/Runtime/Stores/Android/GooglePlay/Services/GooglePlayStoreFinishTransactionService.cs
 0.2 kb	 0.0% Packages/com.unity.purchasing/Runtime/Stores/Android/GooglePlay/Interfaces/Services/IGooglePlayStoreRetrieveProductsService.cs
 0.2 kb	 0.0% Packages/com.unity.purchasing/Runtime/Stores/Android/GooglePlay/Interfaces/Services/IGooglePlayStoreFinishTransactionService.cs
 0.2 kb	 0.0% Packages/com.unity.purchasing/Runtime/Stores/Android/GooglePlay/AAR/Listeners/GooglePriceChangeConfirmationListener.cs
 0.2 kb	 0.0% Packages/com.unity.services.core/Runtime/Core.Internal/Components/Telemetry/IDiagnosticsComponentProvider.cs
 0.2 kb	 0.0% Packages/com.unity.services.core/Runtime/Core.Internal/Components/Analytics/IAnalyticsStandardEventComponent.cs
 0.2 kb	 0.0% Packages/com.unity.render-pipelines.universal/Runtime/UniversalRenderPipelineRenderGraph.cs
 0.2 kb	 0.0% Packages/com.unity.render-pipelines.core/Runtime/RenderGraph/RenderGraphResourceTexture.cs
 0.2 kb	 0.0% Packages/com.unity.purchasing/Runtime/Stores/Android/GooglePlay/AAR/Interfaces/ISkuDetailsResponseConsolidator.cs
 0.2 kb	 0.0% Packages/com.unity.purchasing/Runtime/Stores/Android/GooglePlay/AAR/Interfaces/IGooglePurchaseUpdatedListener.cs
 0.2 kb	 0.0% Packages/com.unity.purchasing/Runtime/Stores/Android/GooglePlay/AAR/Interfaces/IGooglePurchaseStateEnumProvider.cs
 0.2 kb	 0.0% Packages/com.unity.purchasing/Runtime/Stores/Android/GooglePlay/AAR/Interfaces/IGoogleLastKnownProductService.cs
 0.2 kb	 0.0% Packages/com.unity.purchasing/Runtime/Stores/Android/GooglePlay/AAR/Interfaces/IGoogleFinishTransactionService.cs
 0.2 kb	 0.0% Assets/_Project/Data/Weapons/Rifle.asset
 0.2 kb	 0.0% Packages/com.unity.test-framework/UnityEngine.TestRunner/NUnitExtensions/Runner/UnityTestExecutionContext.cs
 0.2 kb	 0.0% Packages/com.unity.test-framework/UnityEngine.TestRunner/NUnitExtensions/Runner/IEnumerableTestMethodCommand.cs
 0.2 kb	 0.0% Packages/com.unity.test-framework/UnityEngine.TestRunner/NUnitExtensions/Commands/EnumerableApplyChangesToContextCommand.cs
 0.2 kb	 0.0% Packages/com.unity.services.core/Runtime/Telemetry/Diagnotstics/DisabledDiagnosticsFactory.cs
 0.2 kb	 0.0% Packages/com.unity.services.core/Runtime/Scheduler/ScheduledInvocationComparer.cs
 0.2 kb	 0.0% Packages/com.unity.services.core/Runtime/Environments/EnvironmentsOptionsExtensions.cs
 0.2 kb	 0.0% Packages/com.unity.services.core/Runtime/Core.Internal/Registry/DependencyTreeInitializeOrderSorter.cs
 0.2 kb	 0.0% Packages/com.unity.services.core/Runtime/Configuration/MemoryConfigurationLoader.cs
 0.2 kb	 0.0% Packages/com.unity.render-pipelines.universal/Runtime/UniversalAdditionalLightData.cs
 0.2 kb	 0.0% Packages/com.unity.render-pipelines.universal/Runtime/Tiling/ReflectionProbeMinMaxZJob.cs
 0.2 kb	 0.0% Packages/com.unity.render-pipelines.universal/Runtime/ScriptableRendererFeature.cs
 0.2 kb	 0.0% Packages/com.unity.render-pipelines.universal/Runtime/RendererFeatures/ScreenSpaceAmbientOcclusion.cs
 0.2 kb	 0.0% Packages/com.unity.render-pipelines.universal/Runtime/RenderTargetBufferSystem.cs
 0.2 kb	 0.0% Packages/com.unity.render-pipelines.universal/Runtime/Overrides/ShadowsMidtonesHighlights.cs
 0.2 kb	 0.0% Packages/com.unity.render-pipelines.universal/Runtime/Decal/ScreenSpace/DecalScreenSpaceRenderPass.cs
 0.2 kb	 0.0% Packages/com.unity.render-pipelines.universal/Runtime/Decal/Entities/DecalCreateDrawCallSystem.cs
 0.2 kb	 0.0% Packages/com.unity.render-pipelines.universal/Runtime/Debug/DebugDisplaySettingsMaterial.cs
 0.2 kb	 0.0% Packages/com.unity.render-pipelines.universal/Runtime/Debug/DebugDisplaySettingsLighting.cs
 0.2 kb	 0.0% Packages/com.unity.render-pipelines.universal/Runtime/Debug/DebugDisplaySettingsCommon.cs
 0.2 kb	 0.0% Packages/com.unity.render-pipelines.universal/Runtime/Data/UniversalRenderPipelineAsset.cs
 0.2 kb	 0.0% Packages/com.unity.render-pipelines.universal/Runtime/2D/Shadows/ShadowCasterGroup2DManager.cs
 0.2 kb	 0.0% Packages/com.unity.render-pipelines.universal/Runtime/2D/PixelPerfectCameraInternal.cs
 0.2 kb	 0.0% Packages/com.unity.render-pipelines.universal/Runtime/2D/Passes/PixelPerfectBackgroundPass.cs
 0.2 kb	 0.0% Packages/com.unity.render-pipelines.core/Runtime/RenderGraph/RenderGraphLogger.cs
 0.2 kb	 0.0% Packages/com.unity.render-pipelines.core/Runtime/RenderGraph/RenderGraphBuilder.cs
 0.2 kb	 0.0% Packages/com.unity.purchasing/Runtime/Stores/Android/GooglePlay/MetricizedGooglePlayStoreExtensions.cs
 0.2 kb	 0.0% Packages/com.unity.purchasing/Runtime/Stores/Android/GooglePlay/Interfaces/IGooglePlayStoreExtensionsInternal.cs
 0.2 kb	 0.0% Packages/com.unity.purchasing/Runtime/Stores/Android/GooglePlay/GetGoogleProductMetadataExtension.cs
 0.2 kb	 0.0% Packages/com.unity.purchasing/Runtime/Stores/Android/GooglePlay/AAR/Models/GooglePurchaseStateEnumProvider.cs
 0.2 kb	 0.0% Packages/com.unity.purchasing/Runtime/Stores/Android/GooglePlay/AAR/Listeners/GoogleAcknowledgePurchaseListener.cs
 0.2 kb	 0.0% Packages/com.unity.purchasing/Runtime/Stores/Android/GooglePlay/AAR/Interfaces/IGoogleCachedQuerySkuDetailsService.cs
 0.2 kb	 0.0% Packages/com.unity.purchasing/Runtime/Stores/Android/GooglePlay/AAR/GoogleCachedQuerySkuDetailsService.cs
 0.2 kb	 0.0% Packages/com.unity.purchasing/Runtime/Purchasing/Telemetry/Diagnostics/TelemetryDiagnosticsInstanceWrapper.cs
 0.2 kb	 0.0% Packages/com.unity.purchasing/Runtime/Purchasing/Telemetry/Diagnostics/Interfaces/ITelemetryDiagnosticsInstanceWrapper.cs
 0.2 kb	 0.0% Packages/com.unity.test-framework/UnityEngine.TestRunner/Utils/Vector4ComparerWithEqualsOperator.cs
 0.2 kb	 0.0% Packages/com.unity.test-framework/UnityEngine.TestRunner/Utils/Vector3ComparerWithEqualsOperator.cs
 0.2 kb	 0.0% Packages/com.unity.test-framework/UnityEngine.TestRunner/Utils/Vector2ComparerWithEqualsOperator.cs
 0.2 kb	 0.0% Packages/com.unity.test-framework/UnityEngine.TestRunner/TestRunner/RemoteHelpers/RemoteTestResultDataWithTestData.cs
 0.2 kb	 0.0% Packages/com.unity.test-framework/UnityEngine.TestRunner/TestRunner/Callbacks/TestResultRendererCallback.cs
 0.2 kb	 0.0% Packages/com.unity.services.analytics/Runtime/StandardEventServiceComponent.cs
 0.2 kb	 0.0% Packages/com.unity.services.analytics/Runtime/AnalyticsUserIdServiceComponent.cs
 0.2 kb	 0.0% Packages/com.unity.render-pipelines.universal/Runtime/UniversalRenderPipelineCore.cs
 0.2 kb	 0.0% Packages/com.unity.render-pipelines.universal/Runtime/Passes/RenderObjectsPass.cs
 0.2 kb	 0.0% Packages/com.unity.render-pipelines.universal/Runtime/2D/PixelPerfectCamera.cs
 0.2 kb	 0.0% Packages/com.unity.render-pipelines.core/Runtime/Utilities/CoreRenderPipelinePreferences.cs
 0.2 kb	 0.0% Packages/com.unity.render-pipelines.core/Runtime/RenderGraph/RenderGraphResources.cs
 0.2 kb	 0.0% Packages/com.unity.render-pipelines.core/Runtime/Lighting/ProbeVolume/ProbeVolumeBakingProcessSettings.cs
 0.2 kb	 0.0% Packages/com.unity.render-pipelines.core/Runtime/Debugging/Prefabs/Scripts/DebugUIHandlerPersistentCanvas.cs
 0.2 kb	 0.0% Packages/com.unity.render-pipelines.core/Runtime/Debugging/Prefabs/Scripts/DebugUIHandlerObjectPopupField.cs
 0.2 kb	 0.0% Packages/com.unity.render-pipelines.core/Runtime/Debugging/Prefabs/Scripts/DebugUIHandlerIndirectFloatField.cs
 0.2 kb	 0.0% Packages/com.unity.render-pipelines.core/Runtime/Common/GlobalDynamicResolutionSettings.cs
 0.2 kb	 0.0% Packages/com.unity.purchasing/Runtime/Stores/ServicesCore/IapCoreInitializeCallback.cs
 0.2 kb	 0.0% Packages/com.unity.purchasing/Runtime/Stores/Android/GooglePlay/AAR/Interfaces/IGoogleQueryPurchasesService.cs
 0.2 kb	 0.0% Packages/com.unity.purchasing/Runtime/Stores/Android/GooglePlay/AAR/Interfaces/IBillingClientStateListener.cs
 0.2 kb	 0.0% Packages/com.unity.inputsystem/InputSystem/Editor/UITKAssetEditor/Views/CompositePartBindingPropertiesView.cs
 0.2 kb	 0.0% Packages/com.unity.inputsystem/InputSystem/Editor/UITKAssetEditor/Views/CollectionViewSelectionChangeFilter.cs
 0.2 kb	 0.0% Packages/com.unity.inputsystem/InputSystem/Editor/UITKAssetEditor/InputActionsEditorSettingsProvider.cs
 0.2 kb	 0.0% Packages/com.unity.inputsystem/InputSystem/Editor/PropertyDrawers/InputActionReferenceSearchProviders.cs
 0.2 kb	 0.0% Packages/com.unity.inputsystem/InputSystem/Editor/PropertyDrawers/InputActionReferencePropertyDrawer.cs
 0.2 kb	 0.0% Packages/com.unity.inputsystem/InputSystem/Editor/Analytics/InputActionsEditorSessionAnalytic.cs
 0.2 kb	 0.0% Packages/com.unity.inputsystem/InputSystem/Devices/Commands/QueryEditorWindowCoordinatesCommand.cs
 0.2 kb	 0.0% Packages/com.unity.inputsystem/InputSystem/Devices/Commands/InitiateUserAccountPairingCommand.cs
 0.2 kb	 0.0% Assets/UniversalRenderPipelineGlobalSettings.asset
 0.2 kb	 0.0% Packages/com.unity.test-framework/UnityEngine.TestRunner/TestRunner/PlaymodeTestsControllerSettings.cs
 0.2 kb	 0.0% Packages/com.unity.test-framework/UnityEngine.TestRunner/NUnitExtensions/Runner/UnityWorkItemDataHolder.cs
 0.2 kb	 0.0% Packages/com.unity.test-framework/UnityEngine.TestRunner/NUnitExtensions/Runner/UnityTestAssemblyRunner.cs
 0.2 kb	 0.0% Packages/com.unity.test-framework/UnityEngine.TestRunner/NUnitExtensions/Runner/PlaymodeWorkItemFactory.cs
 0.2 kb	 0.0% Packages/com.unity.test-framework/UnityEngine.TestRunner/NUnitExtensions/Runner/CoroutineTestWorkItem.cs
 0.2 kb	 0.0% Packages/com.unity.test-framework/UnityEngine.TestRunner/NUnitExtensions/IAsyncTestAssemblyBuilder.cs
 0.2 kb	 0.0% Packages/com.unity.test-framework/UnityEngine.TestRunner/NUnitExtensions/Filters/CategoryFilterExtended.cs
 0.2 kb	 0.0% Packages/com.unity.test-framework/UnityEngine.TestRunner/Assertions/UnexpectedLogMessageException.cs
 0.2 kb	 0.0% Packages/com.unity.services.core/Runtime/Threading/UnityThreadUtilsInternal.cs
 0.2 kb	 0.0% Packages/com.unity.services.core/Runtime/Telemetry/Metrics/DisabledMetricsFactory.cs
 0.2 kb	 0.0% Packages/com.unity.services.core/Runtime/Core.Internal/Components/Configuration/IProjectConfiguration.cs
 0.2 kb	 0.0% Packages/com.unity.services.core/Runtime/Components/ServicesInitializationEvents.cs
 0.2 kb	 0.0% Packages/com.unity.services.core/Runtime/Analytics/AnalyticsOptionsExtensions.cs
 0.2 kb	 0.0% Packages/com.unity.render-pipelines.universal/Runtime/UniversalRendererRenderGraph.cs
 0.2 kb	 0.0% Packages/com.unity.render-pipelines.universal/Runtime/UniversalRendererData.cs
 0.2 kb	 0.0% Packages/com.unity.render-pipelines.universal/Runtime/UniversalRenderPipeline.cs
 0.2 kb	 0.0% Packages/com.unity.render-pipelines.universal/Runtime/Tiling/TileRangeExpansionJob.cs
 0.2 kb	 0.0% Packages/com.unity.render-pipelines.universal/Runtime/ScriptableRendererData.cs
 0.2 kb	 0.0% Packages/com.unity.render-pipelines.universal/Runtime/ReflectionProbeManager.cs
 0.2 kb	 0.0% Packages/com.unity.render-pipelines.universal/Runtime/Passes/TransparentSettingsPass.cs
 0.2 kb	 0.0% Packages/com.unity.render-pipelines.universal/Runtime/Passes/MotionVectorRenderPass.cs
 0.2 kb	 0.0% Packages/com.unity.render-pipelines.universal/Runtime/Passes/DrawScreenSpaceUIPass.cs
 0.2 kb	 0.0% Packages/com.unity.render-pipelines.universal/Runtime/Passes/DepthNormalOnlyPass.cs
 0.2 kb	 0.0% Packages/com.unity.render-pipelines.universal/Runtime/Passes/ColorGradingLutPass.cs
 0.2 kb	 0.0% Packages/com.unity.render-pipelines.universal/Runtime/NormalReconstruction.cs
 0.2 kb	 0.0% Packages/com.unity.render-pipelines.universal/Runtime/Decal/ScreenSpace/DecalGBufferRenderPass.cs
 0.2 kb	 0.0% Packages/com.unity.render-pipelines.universal/Runtime/Decal/Entities/DecalUpdateCulledSystem.cs
 0.2 kb	 0.0% Packages/com.unity.render-pipelines.universal/Runtime/Decal/Entities/DecalUpdateCachedSystem.cs
 0.2 kb	 0.0% Packages/com.unity.render-pipelines.universal/Runtime/Decal/Entities/DecalSkipCulledSystem.cs
 0.2 kb	 0.0% Packages/com.unity.render-pipelines.universal/Runtime/Decal/DBuffer/DecalForwardEmissivePass.cs
 0.2 kb	 0.0% Packages/com.unity.render-pipelines.universal/Runtime/2D/Shadows/CompositeShadowCaster2D.cs
 0.2 kb	 0.0% Packages/com.unity.render-pipelines.core/Runtime/XR/XRBuiltinShaderConstants.cs
 0.2 kb	 0.0% Packages/com.unity.render-pipelines.core/Runtime/RenderGraph/RenderGraphPass.cs
 0.2 kb	 0.0% Packages/com.unity.purchasing/Runtime/Stores/TransactionHistory/ITransactionHistoryExtensions.cs
 0.2 kb	 0.0% Packages/com.unity.purchasing/Runtime/Stores/TransactionHistory/FakeTransactionHistoryExtensions.cs
 0.2 kb	 0.0% Packages/com.unity.purchasing/Runtime/Stores/AppleAppStore/GetAppleProductMetadataExtension.cs
 0.2 kb	 0.0% Packages/com.unity.purchasing/Runtime/Stores/Android/GooglePlay/StoreCallbackExtensionMethods.cs
 0.2 kb	 0.0% Packages/com.unity.purchasing/Runtime/Stores/Android/GooglePlay/Services/GooglePlayStorePurchaseService.cs
 0.2 kb	 0.0% Packages/com.unity.purchasing/Runtime/Stores/Android/GooglePlay/Interfaces/Services/IGooglePlayStorePurchaseService.cs
 0.2 kb	 0.0% Packages/com.unity.purchasing/Runtime/Stores/Android/GooglePlay/Interfaces/IGooglePlayConfigurationInternal.cs
 0.2 kb	 0.0% Packages/com.unity.purchasing/Runtime/Stores/Android/GooglePlay/FakeGooglePlayStoreExtensions.cs
 0.2 kb	 0.0% Packages/com.unity.purchasing/Runtime/Stores/Android/GooglePlay/FakeGooglePlayStoreConfiguration.cs
 0.2 kb	 0.0% Packages/com.unity.purchasing/Runtime/Stores/Android/GooglePlay/AAR/SkuDetailsResponseConsolidator.cs
 0.2 kb	 0.0% Packages/com.unity.purchasing/Runtime/Stores/Android/GooglePlay/AAR/MetricizedGooglePlayStoreService.cs
 0.2 kb	 0.0% Packages/com.unity.purchasing/Runtime/Stores/Android/GooglePlay/AAR/Listeners/GooglePurchasesResponseListener.cs
 0.2 kb	 0.0% Packages/com.unity.purchasing/Runtime/Stores/Android/GooglePlay/AAR/Listeners/GooglePurchaseUpdatedListener.cs
 0.2 kb	 0.0% Packages/com.unity.purchasing/Runtime/Stores/Android/GooglePlay/AAR/Listeners/GoogleConsumeResponseListener.cs
 0.2 kb	 0.0% Packages/com.unity.purchasing/Runtime/Stores/Android/GooglePlay/AAR/GoogleLastKnownProductService.cs
 0.2 kb	 0.0% Packages/com.unity.purchasing/Runtime/Stores/Android/GooglePlay/AAR/GoogleFinishTransactionService.cs
 0.2 kb	 0.0% Packages/com.unity.purchasing/Runtime/Stores/Android/Common/AAR/AndroidJavaObjectExtensions.cs
 0.2 kb	 0.0% Packages/com.unity.purchasing/Runtime/Stores/Android/AmazonAppStore/AmazonAppStoreStoreExtensions.cs
 0.2 kb	 0.0% Packages/com.unity.purchasing/Runtime/Purchasing/Telemetry/Metrics/TelemetryMetricsInstanceWrapper.cs
 0.2 kb	 0.0% Packages/com.unity.purchasing/Runtime/Purchasing/Telemetry/Metrics/Interfaces/ITelemetryMetricsInstanceWrapper.cs
 0.2 kb	 0.0% Packages/com.unity.purchasing/Runtime/Purchasing/CoreServices/UnityServicesInitializationChecker.cs
 0.2 kb	 0.0% Packages/com.unity.purchasing/Runtime/Purchasing/CoreServices/Interfaces/IUnityServicesInitializationChecker.cs
 0.2 kb	 0.0% Packages/com.unity.inputsystem/InputSystem/Plugins/UI/StandaloneInputModuleEditor.cs
 0.2 kb	 0.0% Packages/com.unity.inputsystem/InputSystem/Plugins/UI/InputSystemUIInputModuleEditor.cs
 0.2 kb	 0.0% Packages/com.unity.ads/Runtime/Advertisement/Platform/Android/AndroidInitializationListener.cs
 0.2 kb	 0.0% Packages/com.unity.ads/Runtime/Advertisement/Listeners/IUnityAdsInitializationListener.cs
 0.2 kb	 0.0% Packages/com.unity.ads/Runtime/Advertisement/Dispatchers/UnityAdsShowListenerMainDispatch.cs
 0.2 kb	 0.0% Packages/com.unity.ads/Runtime/Advertisement/Dispatchers/UnityAdsLoadListenerMainDispatch.cs
 0.1 kb	 0.0% Packages/com.unity.test-framework/UnityEngine.TestRunner/TestRunner/RemoteHelpers/RemoteTestResultDataFactory.cs
 0.1 kb	 0.0% Packages/com.unity.test-framework/UnityEngine.TestRunner/TestRunner/RemoteHelpers/PlayerConnectionMessageIds.cs
 0.1 kb	 0.0% Packages/com.unity.test-framework/UnityEngine.TestRunner/TestRunner/RemoteHelpers/IRemoteTestResultDataFactory.cs
 0.1 kb	 0.0% Packages/com.unity.test-framework/UnityEngine.TestRunner/TestRunner/Callbacks/RemoteTestResultSender.cs
 0.1 kb	 0.0% Packages/com.unity.test-framework/UnityEngine.TestRunner/TestRunner/Callbacks/PlayModeRunnerCallback.cs
 0.1 kb	 0.0% Packages/com.unity.test-framework/UnityEngine.TestRunner/Assertions/AllocatingGCMemoryConstraint.cs
 0.1 kb	 0.0% Packages/com.unity.services.core/Runtime/Core.Internal/Registry/DependencyTreeExceptions.cs
 0.1 kb	 0.0% Packages/com.unity.services.core/Runtime/Core.Internal/Components/Vivox/IVivoxTokenProviderInternal.cs
 0.1 kb	 0.0% Packages/com.unity.services.core/Runtime/Core.Internal/Components/Networking/HttpRequestExtensions.cs
 0.1 kb	 0.0% Packages/com.unity.services.core/Runtime/Core.Internal/Components/Authentication/IServerEnvironmentId.cs
 0.1 kb	 0.0% Packages/com.unity.services.core/Runtime/Core.Internal/Components/Authentication/IServerAccessToken.cs
 0.1 kb	 0.0% Packages/com.unity.render-pipelines.universal/Runtime/RendererFeatures/RenderObjects.cs
 0.1 kb	 0.0% Packages/com.unity.render-pipelines.universal/Runtime/MotionVectors.cs
 0.1 kb	 0.0% Packages/com.unity.render-pipelines.universal/Runtime/Decal/DecalDrawErrorRenderPass.cs
 0.1 kb	 0.0% Packages/com.unity.render-pipelines.universal/Runtime/2D/InternalBridge/InternalEngineBridge.cs
 0.1 kb	 0.0% Packages/com.unity.render-pipelines.core/Runtime/Utilities/BatchRendererGroupGlobals.cs
 0.1 kb	 0.0% Packages/com.unity.render-pipelines.core/Runtime/Lighting/ProbeVolume/ShaderVariablesProbeVolumes.cs
 0.1 kb	 0.0% Packages/com.unity.render-pipelines.core/Runtime/Lighting/ProbeVolume/ProbeReferenceVolumeProfile.cs
 0.1 kb	 0.0% Packages/com.unity.render-pipelines.core/Runtime/Debugging/Prefabs/Scripts/DebugUIHandlerToggleHistory.cs
 0.1 kb	 0.0% Packages/com.unity.render-pipelines.core/Runtime/Debugging/Prefabs/Scripts/DebugUIHandlerProgressBar.cs
 0.1 kb	 0.0% Packages/com.unity.render-pipelines.core/Runtime/Debugging/Prefabs/Scripts/DebugUIHandlerIndirectToggle.cs
 0.1 kb	 0.0% Packages/com.unity.render-pipelines.core/Runtime/Debugging/Prefabs/Scripts/DebugUIHandlerEnumHistory.cs
 0.1 kb	 0.0% Packages/com.unity.render-pipelines.core/Runtime/Debugging/IDebugDisplaySettingsQuery.cs
 0.1 kb	 0.0% Packages/com.unity.render-pipelines.core/Runtime/Debugging/IDebugDisplaySettingsPanel.cs
 0.1 kb	 0.0% Packages/com.unity.render-pipelines.core/Runtime/Debugging/IDebugDisplaySettingsData.cs
 0.1 kb	 0.0% Packages/com.unity.render-pipelines.core/Runtime/Debugging/DebugDisplaySettingsVolumes.cs
 0.1 kb	 0.0% Packages/com.unity.render-pipelines.core/Runtime/Debugging/DebugDisplaySettingsPanel.cs
 0.1 kb	 0.0% Packages/com.unity.purchasing/Runtime/Stores/Util/JsonProductDescriptionsDeserializer.cs
 0.1 kb	 0.0% Packages/com.unity.purchasing/Runtime/Stores/Android/GooglePlay/AAR/Interfaces/ISkuDetailsQueryResponse.cs
 0.1 kb	 0.0% Packages/com.unity.purchasing/Runtime/Stores/Android/GooglePlay/AAR/Interfaces/IQuerySkuDetailsService.cs
 0.1 kb	 0.0% Packages/com.unity.purchasing/Runtime/Stores/Android/GooglePlay/AAR/Interfaces/IGooglePurchaseService.cs
 0.1 kb	 0.0% Packages/com.unity.purchasing/Runtime/Stores/Android/GooglePlay/AAR/Interfaces/IGooglePurchaseCallback.cs
 0.1 kb	 0.0% Packages/com.unity.purchasing/Runtime/Stores/Android/GooglePlay/AAR/Interfaces/IGooglePurchaseBuilder.cs
 0.1 kb	 0.0% Packages/com.unity.purchasing/Runtime/Stores/Android/GooglePlay/AAR/Interfaces/IGoogleProductCallback.cs
 0.1 kb	 0.0% Packages/com.unity.purchasing/Runtime/Stores/Android/GooglePlay/AAR/Interfaces/IGooglePlayStoreService.cs
 0.1 kb	 0.0% Packages/com.unity.purchasing/Runtime/SecurityStub/CrossPlatformValidator.cs
 0.1 kb	 0.0% Packages/com.unity.inputsystem/InputSystem/Editor/UITKAssetEditor/Views/CompositeBindingPropertiesView.cs
 0.1 kb	 0.0% Packages/com.unity.inputsystem/InputSystem/Editor/UITKAssetEditor/InputActionsEditorWindowUtils.cs
 0.1 kb	 0.0% Packages/com.unity.inputsystem/InputSystem/Editor/PropertyDrawers/InputActionAssetSearchProvider.cs
 0.1 kb	 0.0% Packages/com.unity.inputsystem/InputSystem/Editor/ProjectWideActions/ProjectWideActionsBuildProvider.cs
 0.1 kb	 0.0% Packages/com.unity.inputsystem/InputSystem/Editor/Internal/SerializedPropertyLinqExtensions.cs
 0.1 kb	 0.0% Packages/com.unity.inputsystem/InputSystem/Editor/Internal/InputActionSerializationHelpers.cs
 0.1 kb	 0.0% Packages/com.unity.inputsystem/InputSystem/Editor/EditorInputControlLayoutCache.cs
 0.1 kb	 0.0% Packages/com.unity.inputsystem/InputSystem/Editor/ControlPicker/Layouts/TouchscreenControlPickerLayout.cs
 0.1 kb	 0.0% Packages/com.unity.inputsystem/InputSystem/Editor/ControlPicker/Layouts/DefaultInputControlPickerLayout.cs
 0.1 kb	 0.0% Packages/com.unity.inputsystem/InputSystem/Editor/Analytics/VirtualMouseInputEditorAnalytic.cs
 0.1 kb	 0.0% Packages/com.unity.inputsystem/InputSystem/Editor/Analytics/PlayerInputManagerEditorAnalytic.cs
 0.1 kb	 0.0% Packages/com.unity.inputsystem/InputSystem/Devices/Commands/QuerySamplingFrequencyCommand.cs
 0.1 kb	 0.0% Packages/com.unity.inputsystem/InputSystem/Devices/Commands/QueryPairedUserAccountCommand.cs
 0.1 kb	 0.0% Packages/com.unity.ads/Runtime/Advertisement/Platform/Unsupported/UnsupportedPlatform.cs
 0.1 kb	 0.0% Packages/com.unity.ads/Runtime/Advertisement/Platform/Unsupported/UnsupportedBanner.cs
 0.1 kb	 0.0% Packages/com.unity.xr.legacyinputhelpers/Runtime/ArmModels/TransitionArmModel.cs
 0.1 kb	 0.0% Packages/com.unity.test-framework/UnityEngine.TestRunner/TestRunner/Messages/IEditModeTestYieldInstruction.cs
 0.1 kb	 0.0% Packages/com.unity.test-framework/UnityEngine.TestRunner/NUnitExtensions/UnityTestAssemblyBuilder.cs
 0.1 kb	 0.0% Packages/com.unity.test-framework/UnityEngine.TestRunner/NUnitExtensions/Runner/TestCommandBuilder.cs
 0.1 kb	 0.0% Packages/com.unity.test-framework/UnityEngine.TestRunner/NUnitExtensions/Runner/DefaultTestWorkItem.cs
 0.1 kb	 0.0% Packages/com.unity.test-framework/UnityEngine.TestRunner/NUnitExtensions/Runner/CompositeWorkItem.cs
 0.1 kb	 0.0% Packages/com.unity.test-framework/UnityEngine.TestRunner/NUnitExtensions/OrderedTestSuiteModifier.cs
 0.1 kb	 0.0% Packages/com.unity.test-framework/UnityEngine.TestRunner/NUnitExtensions/Filters/AssemblyNameFilter.cs
 0.1 kb	 0.0% Packages/com.unity.test-framework/UnityEngine.TestRunner/NUnitExtensions/Commands/EnumerableSetUpTearDownCommand.cs
 0.1 kb	 0.0% Packages/com.unity.test-framework/UnityEngine.TestRunner/NUnitExtensions/Commands/EnumerableRepeatedTestCommand.cs
 0.1 kb	 0.0% Packages/com.unity.test-framework/UnityEngine.TestRunner/NUnitExtensions/Attributes/TestMustExpectAllLogsAttribute.cs
 0.1 kb	 0.0% Packages/com.unity.test-framework/UnityEngine.TestRunner/Assertions/UnityTestTimeoutException.cs
 0.1 kb	 0.0% Packages/com.unity.test-framework/UnityEngine.TestRunner/Assertions/UnhandledLogMessageException.cs
 0.1 kb	 0.0% Packages/com.unity.test-framework/UnityEngine.TestRunner/Assertions/InvalidSignatureException.cs
 0.1 kb	 0.0% Packages/com.unity.services.core/Runtime/Telemetry/Diagnotstics/DisabledDiagnostics.cs
 0.1 kb	 0.0% Packages/com.unity.services.core/Runtime/Telemetry/Diagnotstics/DiagnosticsFactory.cs
 0.1 kb	 0.0% Packages/com.unity.services.core/Runtime/Scheduler/ScheduledInvocation.cs
 0.1 kb	 0.0% Packages/com.unity.services.core/Runtime/Scheduler/MinimumBinaryHeap.cs
 0.1 kb	 0.0% Packages/com.unity.services.core/Runtime/Registration/CorePackageInitializer.cs
 0.1 kb	 0.0% Packages/com.unity.services.core/Runtime/Networking/UnityWebRequestClient.cs
 0.1 kb	 0.0% Packages/com.unity.services.core/Runtime/Environments/Internal/Environments.cs
 0.1 kb	 0.0% Packages/com.unity.services.core/Runtime/Core.Internal/Serialization/NewtonsoftSerializer.cs
 0.1 kb	 0.0% Packages/com.unity.services.core/Runtime/Core.Internal/Registry/PackageInitializationInfo.cs
 0.1 kb	 0.0% Packages/com.unity.services.core/Runtime/Core.Internal/Registry/CircularDependencyException.cs
 0.1 kb	 0.0% Packages/com.unity.services.core/Runtime/Configuration/Utils/StreamingAssetsUtils.cs
 0.1 kb	 0.0% Packages/com.unity.services.core/Runtime/Configuration/ProjectConfiguration.cs
 0.1 kb	 0.0% Packages/com.unity.services.core/Runtime/Configuration/IConfigurationLoader.cs
 0.1 kb	 0.0% Packages/com.unity.services.core/Runtime/Configuration/ConfigurationUtils.cs
 0.1 kb	 0.0% Packages/com.unity.services.core/Runtime/Configuration/ConfigurationEntry.cs
 0.1 kb	 0.0% Packages/com.unity.services.core/Runtime/Components/ServicesInitialization.cs
 0.1 kb	 0.0% Packages/com.unity.render-pipelines.universal/Runtime/XR/XRSystemUniversal.cs
 0.1 kb	 0.0% Packages/com.unity.render-pipelines.universal/Runtime/UniversalRenderer.cs
 0.1 kb	 0.0% Packages/com.unity.render-pipelines.universal/Runtime/SpaceFillingCurves.cs
 0.1 kb	 0.0% Packages/com.unity.render-pipelines.universal/Runtime/ScriptableRenderer.cs
 0.1 kb	 0.0% Packages/com.unity.render-pipelines.universal/Runtime/SceneViewDrawMode.cs
 0.1 kb	 0.0% Packages/com.unity.render-pipelines.universal/Runtime/RenderingLayerUtils.cs
 0.1 kb	 0.0% Packages/com.unity.render-pipelines.universal/Runtime/RendererFeatures/ScreenSpaceShadows.cs
 0.1 kb	 0.0% Packages/com.unity.render-pipelines.universal/Runtime/RendererFeatures/DecalRendererFeature.cs
 0.1 kb	 0.0% Packages/com.unity.render-pipelines.universal/Runtime/RenderTargetHandle.cs
 0.1 kb	 0.0% Packages/com.unity.render-pipelines.universal/Runtime/PostProcessPasses.cs
 0.1 kb	 0.0% Packages/com.unity.render-pipelines.universal/Runtime/Passes/XROcclusionMeshPass.cs
 0.1 kb	 0.0% Packages/com.unity.render-pipelines.universal/Runtime/Passes/ScriptableRenderPass.cs
 0.1 kb	 0.0% Packages/com.unity.render-pipelines.universal/Runtime/Passes/FinalBlitPass.cs
 0.1 kb	 0.0% Packages/com.unity.render-pipelines.universal/Runtime/Passes/DrawObjectsPass.cs
 0.1 kb	 0.0% Packages/com.unity.render-pipelines.universal/Runtime/Passes/DepthOnlyPass.cs
 0.1 kb	 0.0% Packages/com.unity.render-pipelines.universal/Runtime/Passes/CopyDepthPass.cs
 0.1 kb	 0.0% Packages/com.unity.render-pipelines.universal/Runtime/Passes/CopyColorPass.cs
 0.1 kb	 0.0% Packages/com.unity.render-pipelines.universal/Runtime/Overrides/ChromaticAberration.cs
 0.1 kb	 0.0% Packages/com.unity.render-pipelines.universal/Runtime/LightCookieManager.cs
 0.1 kb	 0.0% Packages/com.unity.render-pipelines.universal/Runtime/ForwardRendererData.cs
 0.1 kb	 0.0% Packages/com.unity.render-pipelines.universal/Runtime/ForwardLights.cs
 0.1 kb	 0.0% Packages/com.unity.render-pipelines.universal/Runtime/External/LibTessDotNet/MeshUtils.cs
 0.1 kb	 0.0% Packages/com.unity.render-pipelines.universal/Runtime/DeferredLights.cs
 0.1 kb	 0.0% Packages/com.unity.render-pipelines.universal/Runtime/Decal/Entities/DecalEntityManager.cs
 0.1 kb	 0.0% Packages/com.unity.render-pipelines.universal/Runtime/Decal/DecalShaderPassNames.cs
 0.1 kb	 0.0% Packages/com.unity.render-pipelines.universal/Runtime/Decal/DBuffer/DBufferRenderPass.cs
 0.1 kb	 0.0% Packages/com.unity.render-pipelines.universal/Runtime/Debug/DebugDisplayStats.cs
 0.1 kb	 0.0% Packages/com.unity.render-pipelines.universal/Runtime/2D/Shadows/ShadowCasterGroup2D.cs
 0.1 kb	 0.0% Packages/com.unity.render-pipelines.universal/Runtime/2D/Passes/Utility/Light2DLookupTexture.cs
 0.1 kb	 0.0% Packages/com.unity.render-pipelines.universal/Runtime/2D/Passes/Render2DLightingPass.cs
 0.1 kb	 0.0% Packages/com.unity.render-pipelines.universal/Runtime/2D/Light2DCullResult.cs
 0.1 kb	 0.0% Packages/com.unity.render-pipelines.universal/Runtime/2D/Light2DBlendStyle.cs
 0.1 kb	 0.0% Packages/com.unity.render-pipelines.core/Runtime/RenderGraph/RenderGraph.cs
 0.1 kb	 0.0% Packages/com.unity.render-pipelines.core/Runtime/Lighting/ProbeVolume/ProbeReferenceVolume.Streaming.cs
 0.1 kb	 0.0% Packages/com.unity.purchasing/Runtime/WinRTCore/WinProductDescription.cs
 0.1 kb	 0.0% Packages/com.unity.purchasing/Runtime/Stores/Util/ProductDefinitionExtensions.cs
 0.1 kb	 0.0% Packages/com.unity.purchasing/Runtime/Stores/Util/GoogleConnectionRetryPolicy.cs
 0.1 kb	 0.0% Packages/com.unity.purchasing/Runtime/Stores/Android/GooglePlay/Interfaces/IGooglePlayStoreExtensions.cs
 0.1 kb	 0.0% Packages/com.unity.purchasing/Runtime/Stores/Android/GooglePlay/GooglePlayStoreExtensions.cs
 0.1 kb	 0.0% Packages/com.unity.purchasing/Runtime/Stores/Android/GooglePlay/GooglePlayPurchaseCallback.cs
 0.1 kb	 0.0% Packages/com.unity.purchasing/Runtime/Stores/Android/GooglePlay/GooglePlayProductCallback.cs
 0.1 kb	 0.0% Packages/com.unity.purchasing/Runtime/Stores/Android/GooglePlay/AAR/Models/ProductDescriptionQuery.cs
 0.1 kb	 0.0% Packages/com.unity.purchasing/Runtime/Stores/Android/GooglePlay/AAR/Models/GooglePurchaseStateEnum.cs
 0.1 kb	 0.0% Packages/com.unity.purchasing/Runtime/Stores/Android/GooglePlay/AAR/Listeners/SkuDetailsResponseListener.cs
 0.1 kb	 0.0% Packages/com.unity.purchasing/Runtime/Stores/Android/GooglePlay/AAR/Listeners/BillingClientStateListener.cs
 0.1 kb	 0.0% Packages/com.unity.purchasing/Runtime/Stores/Android/GooglePlay/AAR/Interfaces/IGooglePriceChangeService.cs
 0.1 kb	 0.0% Packages/com.unity.purchasing/Runtime/Stores/Android/GooglePlay/AAR/GoogleQueryPurchasesService.cs
 0.1 kb	 0.0% Packages/com.unity.purchasing/Runtime/Purchasing/Telemetry/Metrics/TelemetryMetricDefinitions.cs
 0.1 kb	 0.0% Packages/com.unity.purchasing/Runtime/Purchasing/Telemetry/Metrics/TelemetryMetricDefinition.cs
 0.1 kb	 0.0% Packages/com.unity.purchasing/Runtime/Purchasing/Telemetry/Diagnostics/TelemetryDiagnosticParams.cs
 0.1 kb	 0.0% Packages/com.unity.purchasing/Runtime/Purchasing/PurchaseFailureDescription.cs
 0.1 kb	 0.0% Packages/com.unity.purchasing/Runtime/Purchasing/CoreServices/Interfaces/Environment/ICoreServicesEnvironmentObserver.cs
 0.1 kb	 0.0% Packages/com.unity.purchasing/Runtime/Purchasing/CoreServices/Environment/CoreServicesEnvironmentSubject.cs
 0.1 kb	 0.0% Packages/com.unity.inputsystem/InputSystem/Utilities/DisplayStringFormatAttribute.cs
 0.1 kb	 0.0% Packages/com.unity.inputsystem/InputSystem/Plugins/XR/Haptics/SendBufferedHapticsCommand.cs
 0.1 kb	 0.0% Packages/com.unity.inputsystem/InputSystem/Plugins/XR/Haptics/GetHapticCapabilitiesCommand.cs
 0.1 kb	 0.0% Packages/com.unity.inputsystem/InputSystem/Plugins/XR/Haptics/GetCurrentHapticStateCommand.cs
 0.1 kb	 0.0% Packages/com.unity.inputsystem/InputSystem/Plugins/UI/ExtendedSubmitCancelEventData.cs
 0.1 kb	 0.0% Packages/com.unity.inputsystem/InputSystem/Plugins/Android/AndroidGameController.cs
 0.1 kb	 0.0% Packages/com.unity.inputsystem/InputSystem/Controls/Processors/NormalizeVector3Processor.cs
 0.1 kb	 0.0% Packages/com.unity.inputsystem/InputSystem/Controls/Processors/NormalizeVector2Processor.cs
 0.1 kb	 0.0% Packages/com.unity.inputsystem/InputSystem/Controls/Processors/EditorWindowSpaceProcessor.cs
 0.1 kb	 0.0% Packages/com.unity.inputsystem/InputSystem/Controls/Processors/CompensateRotationProcessor.cs
 0.1 kb	 0.0% Packages/com.unity.inputsystem/InputSystem/Controls/Processors/CompensateDirectionProcessor.cs
 0.1 kb	 0.0% Packages/com.unity.ads/Runtime/Advertisement/Utilities/UnityLifecycleManager.cs
 0.1 kb	 0.0% Packages/com.unity.ads/Runtime/Advertisement/Utilities/IUnityLifecycleManager.cs
 0.1 kb	 0.0% Packages/com.unity.ads/Runtime/Advertisement/Utilities/AssemblyInfoUtilities.cs
 0.1 kb	 0.0% Packages/com.unity.ads/Runtime/Advertisement/Platform/Editor/BannerPlaceholder.cs
 0.1 kb	 0.0% Packages/com.unity.test-framework/UnityEngine.TestRunner/Utils/QuaternionEqualityComparer.cs
 0.1 kb	 0.0% Packages/com.unity.test-framework/UnityEngine.TestRunner/Utils/AssemblyProvider/PlayerTestAssemblyProvider.cs
 0.1 kb	 0.0% Packages/com.unity.test-framework/UnityEngine.TestRunner/TestRunner/RuntimeTestRunnerFilter.cs
 0.1 kb	 0.0% Packages/com.unity.test-framework/UnityEngine.TestRunner/TestRunner/Callbacks/TestResultRenderer.cs
 0.1 kb	 0.0% Packages/com.unity.test-framework/UnityEngine.TestRunner/TestRunner/Callbacks/PlayerQuitHandler.cs
 0.1 kb	 0.0% Packages/com.unity.services.core/Runtime/Core/DynamicDependency/PreserveDependencyAttribute.cs
 0.1 kb	 0.0% Packages/com.unity.services.core/Runtime/Core.Internal/Components/Threading/IUnityThreadUtils.cs
 0.1 kb	 0.0% Packages/com.unity.services.core/Runtime/Core.Internal/Components/Telemetry/IDiagnosticsFactory.cs
 0.1 kb	 0.0% Packages/com.unity.services.core/Runtime/Core.Internal/Components/Networking/ReadOnlyHttpResponse.cs
 0.1 kb	 0.0% Packages/com.unity.services.core/Runtime/Core.Internal/Components/Networking/ReadOnlyHttpRequest.cs
 0.1 kb	 0.0% Packages/com.unity.services.core/Runtime/Core.Internal/Components/Authentication/IAccessTokenObserver.cs
 0.1 kb	 0.0% Packages/com.unity.render-pipelines.universal/Runtime/RTHandleUtils.cs
 0.1 kb	 0.0% Packages/com.unity.render-pipelines.universal/Runtime/NativeRenderPass.cs
 0.1 kb	 0.0% Packages/com.unity.render-pipelines.universal/Runtime/External/LibTessDotNet/PriorityHeap.cs
 0.1 kb	 0.0% Packages/com.unity.render-pipelines.universal-config/Runtime/ShaderConfig.cs
 0.1 kb	 0.0% Packages/com.unity.render-pipelines.core/Runtime/XR/XRGraphicsAutomatedTests.cs
 0.1 kb	 0.0% Packages/com.unity.render-pipelines.core/Runtime/Textures/Texture2DAtlasDynamic.cs
 0.1 kb	 0.0% Packages/com.unity.render-pipelines.core/Runtime/Textures/PowerOfTwoTextureAtlas.cs
 0.1 kb	 0.0% Packages/com.unity.render-pipelines.core/Runtime/Textures/BufferedRTHandleSystem.cs
 0.1 kb	 0.0% Packages/com.unity.render-pipelines.core/Runtime/RenderPipeline/RenderPipelineResources.cs
 0.1 kb	 0.0% Packages/com.unity.render-pipelines.core/Runtime/RenderPipeline/IShaderVariantSettings.cs
 0.1 kb	 0.0% Packages/com.unity.render-pipelines.core/Runtime/PostProcessing/LensFlareComponentSRP.cs
 0.1 kb	 0.0% Packages/com.unity.render-pipelines.core/Runtime/Lighting/ProbeVolume/ProbeVolumePositioning.cs
 0.1 kb	 0.0% Packages/com.unity.render-pipelines.core/Runtime/Lighting/ProbeVolume/ProbeVolumePerSceneData.cs
 0.1 kb	 0.0% Packages/com.unity.render-pipelines.core/Runtime/Debugging/ShaderDebugPrintManager.cs
 0.1 kb	 0.0% Packages/com.unity.render-pipelines.core/Runtime/Debugging/Prefabs/Scripts/DebugUIHandlerVector4.cs
 0.1 kb	 0.0% Packages/com.unity.render-pipelines.core/Runtime/Debugging/Prefabs/Scripts/DebugUIHandlerVector3.cs
 0.1 kb	 0.0% Packages/com.unity.render-pipelines.core/Runtime/Debugging/Prefabs/Scripts/DebugUIHandlerVector2.cs
 0.1 kb	 0.0% Packages/com.unity.render-pipelines.core/Runtime/Debugging/Prefabs/Scripts/DebugUIHandlerValueTuple.cs
 0.1 kb	 0.0% Packages/com.unity.render-pipelines.core/Runtime/Debugging/Prefabs/Scripts/DebugUIHandlerUIntField.cs
 0.1 kb	 0.0% Packages/com.unity.render-pipelines.core/Runtime/Debugging/Prefabs/Scripts/DebugUIHandlerObjectList.cs
 0.1 kb	 0.0% Packages/com.unity.render-pipelines.core/Runtime/Debugging/Prefabs/Scripts/DebugUIHandlerMessageBox.cs
 0.1 kb	 0.0% Packages/com.unity.render-pipelines.core/Runtime/Debugging/Prefabs/Scripts/DebugUIHandlerIntField.cs
 0.1 kb	 0.0% Packages/com.unity.render-pipelines.core/Runtime/Debugging/Prefabs/Scripts/DebugUIHandlerFoldout.cs
 0.1 kb	 0.0% Packages/com.unity.render-pipelines.core/Runtime/Debugging/Prefabs/Scripts/DebugUIHandlerFloatField.cs
 0.1 kb	 0.0% Packages/com.unity.render-pipelines.core/Runtime/Debugging/Prefabs/Scripts/DebugUIHandlerEnumField.cs
 0.1 kb	 0.0% Packages/com.unity.render-pipelines.core/Runtime/Debugging/Prefabs/Scripts/DebugUIHandlerContainer.cs
 0.1 kb	 0.0% Packages/com.unity.render-pipelines.core/Runtime/Debugging/Prefabs/Scripts/DebugUIHandlerBitField.cs
 0.1 kb	 0.0% Packages/com.unity.render-pipelines.core/Runtime/Debugging/IDebugDisplaySettings.cs
 0.1 kb	 0.0% Packages/com.unity.render-pipelines.core/Runtime/Debugging/DebugDisplaySettingsUI.cs
 0.1 kb	 0.0% Packages/com.unity.render-pipelines.core/Runtime/Common/RemoveRange.Extensions.cs
 0.1 kb	 0.0% Packages/com.unity.render-pipelines.core/Runtime/Common/DynamicResolutionHandler.cs
 0.1 kb	 0.0% Packages/com.unity.purchasing/Runtime/Stores/Android/GooglePlay/AAR/Utils/GooglePurchaseBuilder.cs
 0.1 kb	 0.0% Packages/com.unity.purchasing/Runtime/Stores/Android/GooglePlay/AAR/Interfaces/ISkuDetailsConverter.cs
 0.1 kb	 0.0% Packages/com.unity.purchasing/Runtime/Stores/Android/GooglePlay/AAR/Interfaces/IGoogleBillingClient.cs
 0.1 kb	 0.0% Packages/com.unity.purchasing/Runtime/SecurityStub/GooglePlayReceipt.cs
 0.1 kb	 0.0% Packages/com.unity.purchasing/Runtime/SecurityCore/IAPSecurityException.cs
 0.1 kb	 0.0% Packages/com.unity.inputsystem/InputSystem/State/IInputStateCallbackReceiver.cs
 0.1 kb	 0.0% Packages/com.unity.inputsystem/InputSystem/Plugins/DualShock/DualShockGamepadHID.cs
 0.1 kb	 0.0% Packages/com.unity.inputsystem/InputSystem/Editor/UITKAssetEditor/Views/NameAndParametersListView.cs
 0.1 kb	 0.0% Packages/com.unity.inputsystem/InputSystem/Editor/UITKAssetEditor/Views/InputActionMapsTreeViewItem.cs
 0.1 kb	 0.0% Packages/com.unity.inputsystem/InputSystem/Editor/UITKAssetEditor/InputActionsEditorConstants.cs
 0.1 kb	 0.0% Packages/com.unity.inputsystem/InputSystem/Editor/Settings/InputSettingsBuildProvider.cs
 0.1 kb	 0.0% Packages/com.unity.inputsystem/InputSystem/Editor/Settings/EditorPlayerSettingHelpers.cs
 0.1 kb	 0.0% Packages/com.unity.inputsystem/InputSystem/Editor/PropertyDrawers/InputActionPropertyDrawer.cs
 0.1 kb	 0.0% Packages/com.unity.inputsystem/InputSystem/Editor/PropertyDrawers/GamepadButtonPropertyDrawer.cs
 0.1 kb	 0.0% Packages/com.unity.inputsystem/InputSystem/Editor/Internal/SerializedPropertyHelpers.cs
 0.1 kb	 0.0% Packages/com.unity.inputsystem/InputSystem/Editor/Internal/AdvancedDropdown/AdvancedDropdownDataSource.cs
 0.1 kb	 0.0% Packages/com.unity.inputsystem/InputSystem/Editor/InputSystemPackageControl.cs
 0.1 kb	 0.0% Packages/com.unity.inputsystem/InputSystem/Editor/Debugger/SampleFrequencyCalculator.cs
 0.1 kb	 0.0% Packages/com.unity.inputsystem/InputSystem/Editor/Debugger/InputDeviceDebuggerWindow.cs
 0.1 kb	 0.0% Packages/com.unity.inputsystem/InputSystem/Editor/Debugger/InputActionDebuggerWindow.cs
 0.1 kb	 0.0% Packages/com.unity.inputsystem/InputSystem/Editor/ControlPicker/InputControlPickerDropdown.cs
 0.1 kb	 0.0% Packages/com.unity.inputsystem/InputSystem/Editor/ControlPicker/IInputControlPickerLayout.cs
 0.1 kb	 0.0% Packages/com.unity.inputsystem/InputSystem/Editor/AssetImporter/InputActionImporterEditor.cs
 0.1 kb	 0.0% Packages/com.unity.inputsystem/InputSystem/Editor/AssetImporter/InputActionAssetIconLoader.cs
 0.1 kb	 0.0% Packages/com.unity.inputsystem/InputSystem/Editor/AssetEditor/InputBindingPropertiesView.cs
 0.1 kb	 0.0% Packages/com.unity.inputsystem/InputSystem/Editor/AssetEditor/InputActionPropertiesView.cs
 0.1 kb	 0.0% Packages/com.unity.inputsystem/InputSystem/Editor/Analytics/PlayerInputEditorAnalytic.cs
 0.1 kb	 0.0% Packages/com.unity.inputsystem/InputSystem/Editor/Analytics/OnScreenStickEditorAnalytic.cs
 0.1 kb	 0.0% Packages/com.unity.inputsystem/InputSystem/Editor/Analytics/InputExitPlayModeAnalytic.cs
 0.1 kb	 0.0% Packages/com.unity.inputsystem/InputSystem/Editor/Analytics/InputComponentEditorAnalytic.cs
 0.1 kb	 0.0% Packages/com.unity.inputsystem/InputSystem/Devices/IInputUpdateCallbackReceiver.cs
 0.1 kb	 0.0% Packages/com.unity.inputsystem/InputSystem/Devices/Commands/SetSamplingFrequencyCommand.cs
 0.1 kb	 0.0% Packages/com.unity.inputsystem/InputSystem/Devices/Commands/SetIMECursorPositionCommand.cs
 0.1 kb	 0.0% Packages/com.unity.inputsystem/InputSystem/Devices/Commands/QueryKeyboardLayoutCommand.cs
 0.1 kb	 0.0% Packages/com.unity.inputsystem/InputSystem/Devices/Commands/EnableIMECompositionCommand.cs
 0.1 kb	 0.0% Packages/com.unity.inputsystem/InputSystem/Controls/InputControlLayoutAttribute.cs
 0.1 kb	 0.0% Packages/com.unity.inputsystem/InputSystem/Actions/InputActionRebindingExtensions.cs
 0.1 kb	 0.0% Packages/com.unity.xr.legacyinputhelpers/Runtime/ArmModels/SwingArmModel.cs
 0.1 kb	 0.0% Packages/com.unity.test-framework/UnityEngine.TestRunner/Utils/PostBuildCleanupAttribute.cs
 0.1 kb	 0.0% Packages/com.unity.test-framework/UnityEngine.TestRunner/TestRunner/TestEnumeratorWrapper.cs
 0.1 kb	 0.0% Packages/com.unity.test-framework/UnityEngine.TestRunner/TestRunner/PlaymodeTestsController.cs
 0.1 kb	 0.0% Packages/com.unity.test-framework/UnityEngine.TestRunner/NUnitExtensions/TestResultExtensions.cs
 0.1 kb	 0.0% Packages/com.unity.test-framework/UnityEngine.TestRunner/NUnitExtensions/Runner/WorkItemFactory.cs
 0.1 kb	 0.0% Packages/com.unity.test-framework/UnityEngine.TestRunner/NUnitExtensions/Runner/UnityWorkItem.cs
 0.1 kb	 0.0% Packages/com.unity.test-framework/UnityEngine.TestRunner/NUnitExtensions/ITestSuiteModifier.cs
 0.1 kb	 0.0% Packages/com.unity.test-framework/UnityEngine.TestRunner/NUnitExtensions/Filters/FullNameFilter.cs
 0.1 kb	 0.0% Packages/com.unity.test-framework/UnityEngine.TestRunner/NUnitExtensions/ConstructDelegator.cs
 0.1 kb	 0.0% Packages/com.unity.test-framework/UnityEngine.TestRunner/NUnitExtensions/Commands/OuterUnityTestActionCommand.cs
 0.1 kb	 0.0% Packages/com.unity.test-framework/UnityEngine.TestRunner/NUnitExtensions/Commands/ImmediateEnumerableCommand.cs
 0.1 kb	 0.0% Packages/com.unity.test-framework/UnityEngine.TestRunner/NUnitExtensions/Commands/EnumerableTestMethodCommand.cs
 0.1 kb	 0.0% Packages/com.unity.test-framework/UnityEngine.TestRunner/NUnitExtensions/Commands/EnumerableRetryTestCommand.cs
 0.1 kb	 0.0% Packages/com.unity.test-framework/UnityEngine.TestRunner/NUnitExtensions/Commands/BeforeAfterTestCommandState.cs
 0.1 kb	 0.0% Packages/com.unity.test-framework/UnityEngine.TestRunner/NUnitExtensions/Attributes/UnityCombinatorialStrategy.cs
 0.1 kb	 0.0% Packages/com.unity.test-framework/UnityEngine.TestRunner/NUnitExtensions/Attributes/ConditionalIgnoreAttribute.cs
 0.1 kb	 0.0% Packages/com.unity.test-framework/UnityEngine.TestRunner/Assertions/ConstraintsExtensions.cs
 0.1 kb	 0.0% Packages/com.unity.services.core/Runtime/Telemetry/Metrics/MetricsFactory.cs
 0.1 kb	 0.0% Packages/com.unity.services.core/Runtime/Telemetry/Metrics/DisabledMetrics.cs
 0.1 kb	 0.0% Packages/com.unity.services.core/Runtime/Scheduler/TimeProvider/UtcTimeProvider.cs
 0.1 kb	 0.0% Packages/com.unity.services.core/Runtime/Scheduler/TimeProvider/ITimeProvider.cs
 0.1 kb	 0.0% Packages/com.unity.services.core/Runtime/Scheduler/ActionScheduler.cs
 0.1 kb	 0.0% Packages/com.unity.services.core/Runtime/Networking/HttpServiceConfig.cs
 0.1 kb	 0.0% Packages/com.unity.services.core/Runtime/Device/UserIdProviders/UnityAnalyticsIdentifier.cs
 0.1 kb	 0.0% Packages/com.unity.services.core/Runtime/Device/UserIdProviders/IUserIdentifierProvider.cs
 0.1 kb	 0.0% Packages/com.unity.services.core/Runtime/Core/Initialization/UnityProjectNotLinkedException.cs
 0.1 kb	 0.0% Packages/com.unity.services.core/Runtime/Core/Initialization/ServicesInitializationException.cs
 0.1 kb	 0.0% Packages/com.unity.services.core/Runtime/Core.Internal/UnityServicesInternal.cs
 0.1 kb	 0.0% Packages/com.unity.services.core/Runtime/Core.Internal/UnityServicesInitializer.cs
 0.1 kb	 0.0% Packages/com.unity.services.core/Runtime/Core.Internal/Serialization/IJsonSerializer.cs
 0.1 kb	 0.0% Packages/com.unity.services.core/Runtime/Core.Internal/Registry/ServiceRegistry/LockedServiceRegistry.cs
 0.1 kb	 0.0% Packages/com.unity.services.core/Runtime/Core.Internal/Registry/PackageRegistry/LockedPackageRegistry.cs
 0.1 kb	 0.0% Packages/com.unity.services.core/Runtime/Core.Internal/Registry/IInitializablePackageV2.cs
 0.1 kb	 0.0% Packages/com.unity.services.core/Runtime/Core.Internal/Registry/IInitializablePackage.cs
 0.1 kb	 0.0% Packages/com.unity.services.core/Runtime/Core.Internal/Registry/DependencyTreeExtensions.cs
 0.1 kb	 0.0% Packages/com.unity.services.core/Runtime/Core.Internal/Registry/CoreRegistryInitializer.cs
 0.1 kb	 0.0% Packages/com.unity.services.core/Runtime/Core.Internal/Registry/ComponentRegistry/LockedComponentRegistry.cs
 0.1 kb	 0.0% Packages/com.unity.services.core/Runtime/Core.Internal/Components/Wire/IChannelTokenProvider.cs
 0.1 kb	 0.0% Packages/com.unity.services.core/Runtime/Core.Internal/Components/Environments/IEnvironments.cs
 0.1 kb	 0.0% Packages/com.unity.services.core/Runtime/Core.Internal/Components/Configuration/IExternalUserId.cs
 0.1 kb	 0.0% Packages/com.unity.services.core/Runtime/Core.Internal/Components/Configuration/ICloudProjectId.cs
 0.1 kb	 0.0% Packages/com.unity.services.core/Runtime/Core.Internal/AsyncOperation/IAsyncOperationAwaiter.cs
 0.1 kb	 0.0% Packages/com.unity.services.core/Runtime/Core.Internal/AsyncOperation/AsyncOperationExtensions.cs
 0.1 kb	 0.0% Packages/com.unity.services.core/Runtime/Core.Internal/AsyncOperation/AsyncOperationAwaiter.cs
 0.1 kb	 0.0% Packages/com.unity.services.core/Runtime/Configuration/ExternalUserId.cs
 0.1 kb	 0.0% Packages/com.unity.services.core/Runtime/Configuration/CloudProjectId.cs
 0.1 kb	 0.0% Packages/com.unity.services.core/Runtime/Components/ServicesBehaviour.cs
 0.1 kb	 0.0% Packages/com.unity.services.analytics/Runtime/Events/Transaction/TransactionCurrencyConverter.cs
 0.1 kb	 0.0% Packages/com.unity.render-pipelines.universal/Runtime/XR/XRPassUniversal.cs
 0.1 kb	 0.0% Packages/com.unity.render-pipelines.universal/Runtime/Tiling/LightMinMaxZJob.cs
 0.1 kb	 0.0% Packages/com.unity.render-pipelines.universal/Runtime/Tiling/InclusiveRange.cs
 0.1 kb	 0.0% Packages/com.unity.render-pipelines.universal/Runtime/RenderingUtils.cs
 0.1 kb	 0.0% Packages/com.unity.render-pipelines.universal/Runtime/RendererFeatures/FullScreenPassRendererFeature.cs
 0.1 kb	 0.0% Packages/com.unity.render-pipelines.universal/Runtime/PostProcessUtils.cs
 0.1 kb	 0.0% Packages/com.unity.render-pipelines.universal/Runtime/Passes/PostProcessPass.cs
 0.1 kb	 0.0% Packages/com.unity.render-pipelines.universal/Runtime/Passes/HDRDebugViewPass.cs
 0.1 kb	 0.0% Packages/com.unity.render-pipelines.universal/Runtime/Passes/GBufferPass.cs
 0.1 kb	 0.0% Packages/com.unity.render-pipelines.universal/Runtime/Passes/DrawSkyboxPass.cs
 0.1 kb	 0.0% Packages/com.unity.render-pipelines.universal/Runtime/Passes/DeferredPass.cs
 0.1 kb	 0.0% Packages/com.unity.render-pipelines.universal/Runtime/Overrides/PaniniProjection.cs
 0.1 kb	 0.0% Packages/com.unity.render-pipelines.universal/Runtime/Overrides/LiftGammaGain.cs
 0.1 kb	 0.0% Packages/com.unity.render-pipelines.universal/Runtime/Overrides/LensDistortion.cs
 0.1 kb	 0.0% Packages/com.unity.render-pipelines.universal/Runtime/Overrides/ColorAdjustments.cs
 0.1 kb	 0.0% Packages/com.unity.render-pipelines.universal/Runtime/Memory/BuddyAllocator.cs
 0.1 kb	 0.0% Packages/com.unity.render-pipelines.universal/Runtime/Documentation.cs
 0.1 kb	 0.0% Packages/com.unity.render-pipelines.universal/Runtime/Deprecated.cs
 0.1 kb	 0.0% Packages/com.unity.render-pipelines.universal/Runtime/Decal/Entities/DecalDrawSystem.cs
 0.1 kb	 0.0% Packages/com.unity.render-pipelines.universal/Runtime/Decal/DecalProjector.cs
 0.1 kb	 0.0% Packages/com.unity.render-pipelines.universal/Runtime/Decal/DecalPreviewPass.cs
 0.1 kb	 0.0% Packages/com.unity.render-pipelines.universal/Runtime/Debug/DebugRenderSetup.cs
 0.1 kb	 0.0% Packages/com.unity.render-pipelines.universal/Runtime/Data/RenderStateData.cs
 0.1 kb	 0.0% Packages/com.unity.render-pipelines.universal/Runtime/Data/PostProcessData.cs
 0.1 kb	 0.0% Packages/com.unity.render-pipelines.universal/Runtime/ComponentUtility.cs
 0.1 kb	 0.0% Packages/com.unity.render-pipelines.universal/Runtime/2D/UTess2D/Tessellator.cs
 0.1 kb	 0.0% Packages/com.unity.render-pipelines.universal/Runtime/2D/UTess2D/PlanarGraph.cs
 0.1 kb	 0.0% Packages/com.unity.render-pipelines.universal/Runtime/2D/Shadows/ShadowUtility.cs
 0.1 kb	 0.0% Packages/com.unity.render-pipelines.universal/Runtime/2D/Shadows/ShadowRendering.cs
 0.1 kb	 0.0% Packages/com.unity.render-pipelines.universal/Runtime/2D/Shadows/ShadowCaster2D.cs
 0.1 kb	 0.0% Packages/com.unity.render-pipelines.universal/Runtime/2D/Renderer2DData.cs
 0.1 kb	 0.0% Packages/com.unity.render-pipelines.universal/Runtime/2D/Passes/Utility/RendererLighting.cs
 0.1 kb	 0.0% Packages/com.unity.render-pipelines.universal/Runtime/2D/Passes/IRenderPass2D.cs
 0.1 kb	 0.0% Packages/com.unity.render-pipelines.universal/Runtime/2D/Light2DManager.cs
 0.1 kb	 0.0% Packages/com.unity.render-pipelines.core/Runtime/XR/XROcclusionMesh.cs
 0.1 kb	 0.0% Packages/com.unity.render-pipelines.core/Runtime/Lighting/ProbeVolume/ProbeReferenceVolume.Debug.cs
 0.1 kb	 0.0% Packages/com.unity.purchasing/Runtime/Stores/WindowsStore/IMicrosoftConfiguration.cs
 0.1 kb	 0.0% Packages/com.unity.purchasing/Runtime/Stores/WindowsStore/FakeMicrosoftExtensions.cs
 0.1 kb	 0.0% Packages/com.unity.purchasing/Runtime/Stores/Util/ExponentialRetryPolicy.cs
 0.1 kb	 0.0% Packages/com.unity.purchasing/Runtime/Stores/StandardPurchasingModule.cs
 0.1 kb	 0.0% Packages/com.unity.purchasing/Runtime/Stores/AppleAppStore/MetricizedAppleStoreImpl.cs
 0.1 kb	 0.0% Packages/com.unity.purchasing/Runtime/Stores/AppleAppStore/FakeAppleConfiguration.cs
 0.1 kb	 0.0% Packages/com.unity.purchasing/Runtime/Stores/Android/ScriptingUnityCallback.cs
 0.1 kb	 0.0% Packages/com.unity.purchasing/Runtime/Stores/Android/ScriptingStoreCallback.cs
 0.1 kb	 0.0% Packages/com.unity.purchasing/Runtime/Stores/Android/IAndroidStoreSelection.cs
 0.1 kb	 0.0% Packages/com.unity.purchasing/Runtime/Stores/Android/GooglePlay/Models/GoogleProductMetadata.cs
 0.1 kb	 0.0% Packages/com.unity.purchasing/Runtime/Stores/Android/GooglePlay/Interfaces/Services/IGoogleFetchPurchases.cs
 0.1 kb	 0.0% Packages/com.unity.purchasing/Runtime/Stores/Android/GooglePlay/Interfaces/IGooglePlayConfiguration.cs
 0.1 kb	 0.0% Packages/com.unity.purchasing/Runtime/Stores/Android/GooglePlay/GooglePlayConfiguration.cs
 0.1 kb	 0.0% Packages/com.unity.purchasing/Runtime/Stores/Android/GooglePlay/AAR/SkuDetailsQueryResponse.cs
 0.1 kb	 0.0% Packages/com.unity.purchasing/Runtime/Stores/Android/GooglePlay/AAR/QuerySkuDetailsService.cs
 0.1 kb	 0.0% Packages/com.unity.purchasing/Runtime/Stores/Android/GooglePlay/AAR/Models/GoogleSkuTypeEnum.cs
 0.1 kb	 0.0% Packages/com.unity.purchasing/Runtime/Stores/Android/GooglePlay/AAR/Models/GoogleBillingStrings.cs
 0.1 kb	 0.0% Packages/com.unity.purchasing/Runtime/Stores/Android/GooglePlay/AAR/Models/GoogleBillingResult.cs
 0.1 kb	 0.0% Packages/com.unity.purchasing/Runtime/Stores/Android/GooglePlay/AAR/Models/GoogleBillingClient.cs
 0.1 kb	 0.0% Packages/com.unity.purchasing/Runtime/Stores/Android/GooglePlay/AAR/Interfaces/IGoogleBillingResult.cs
 0.1 kb	 0.0% Packages/com.unity.purchasing/Runtime/Stores/Android/GooglePlay/AAR/GooglePurchaseService.cs
 0.1 kb	 0.0% Packages/com.unity.purchasing/Runtime/Stores/Android/GooglePlay/AAR/GooglePriceChangeService.cs
 0.1 kb	 0.0% Packages/com.unity.purchasing/Runtime/Stores/Android/GooglePlay/AAR/GooglePlayStoreService.cs
 0.1 kb	 0.0% Packages/com.unity.purchasing/Runtime/Purchasing/Telemetry/Metrics/TelemetryMetricsService.cs
 0.1 kb	 0.0% Packages/com.unity.purchasing/Runtime/Purchasing/Telemetry/Metrics/TelemetryMetricParams.cs
 0.1 kb	 0.0% Packages/com.unity.purchasing/Runtime/Purchasing/Telemetry/Metrics/Interfaces/ITelemetryMetricsService.cs
 0.1 kb	 0.0% Packages/com.unity.purchasing/Runtime/Purchasing/Telemetry/Metrics/Interfaces/ITelemetryMetricEvent.cs
 0.1 kb	 0.0% Packages/com.unity.purchasing/Runtime/Purchasing/Telemetry/IapTelemetryException.cs
 0.1 kb	 0.0% Packages/com.unity.purchasing/Runtime/Purchasing/Telemetry/Diagnostics/TelemetryDiagnosticNames.cs
 0.1 kb	 0.0% Packages/com.unity.purchasing/Runtime/Purchasing/Telemetry/Diagnostics/Interfaces/ITelemetryDiagnostics.cs
 0.1 kb	 0.0% Packages/com.unity.purchasing/Runtime/Purchasing/Extension/AbstractPurchasingModule.cs
 0.1 kb	 0.0% Packages/com.unity.purchasing/Runtime/Purchasing/Analytics/Models/AnalyticsTransactionReceipt.cs
 0.1 kb	 0.0% Packages/com.unity.purchasing/Runtime/Codeless/IAPConfigurationHelper.cs
 0.1 kb	 0.0% Packages/com.unity.purchasing/Runtime/Codeless/CodelessIAPStoreListener.cs
 0.1 kb	 0.0% Packages/com.unity.inputsystem/InputSystem/Utilities/Observables/ForDeviceEventObservable.cs
 0.1 kb	 0.0% Packages/com.unity.inputsystem/InputSystem/Plugins/XR/Haptics/SendHapticImpulseCommand.cs
 0.1 kb	 0.0% Packages/com.unity.inputsystem/InputSystem/Plugins/Android/AndroidSensors.cs
 0.1 kb	 0.0% Packages/com.unity.inputsystem/InputSystem/Editor/AssetEditor/NameAndParameterListView.cs
 0.1 kb	 0.0% Packages/com.unity.inputsystem/InputSystem/Controls/Processors/StickDeadzoneProcessor.cs
 0.1 kb	 0.0% Packages/com.unity.inputsystem/InputSystem/Controls/Processors/ScaleVector3Processor.cs
 0.1 kb	 0.0% Packages/com.unity.inputsystem/InputSystem/Controls/Processors/ScaleVector2Processor.cs
 0.1 kb	 0.0% Packages/com.unity.inputsystem/InputSystem/Controls/Processors/InvertVector3Processor.cs
 0.1 kb	 0.0% Packages/com.unity.inputsystem/InputSystem/Controls/Processors/InvertVector2Processor.cs
 0.1 kb	 0.0% Packages/com.unity.inputsystem/InputSystem/Controls/Processors/AxisDeadzoneProcessor.cs
 0.1 kb	 0.0% Packages/com.unity.inputsystem/InputSystem/Actions/Composites/TwoModifiersComposite.cs
 0.1 kb	 0.0% Packages/com.unity.inputsystem/InputSystem/Actions/Composites/ButtonWithTwoModifiers.cs
 0.1 kb	 0.0% Packages/com.unity.inputsystem/InputSystem/Actions/Composites/ButtonWithOneModifier.cs
 0.1 kb	 0.0% Packages/com.unity.ads/Runtime/Advertisement/Utilities/CoroutineExecutor.cs
 0.1 kb	 0.0% Packages/com.unity.ads/Runtime/Advertisement/Platform/Editor/EditorPlatform.cs
 0.1 kb	 0.0% Packages/com.unity.ads/Runtime/Advertisement/Listeners/IUnityAdsShowListener.cs
 0.1 kb	 0.0% Packages/com.unity.ads/Runtime/Advertisement/Listeners/IUnityAdsLoadListener.cs
 0.1 kb	 0.0% Packages/com.unity.xr.legacyinputhelpers/Runtime/TrackedPoseDriver/BasePoseProvider.cs
 0.1 kb	 0.0% Packages/com.unity.timeline/Runtime/Animation/AnimationPreviewUpdateCallback.cs
 0.1 kb	 0.0% Packages/com.unity.timeline/Runtime/Animation/AnimationOutputWeightProcessor.cs
 0.1 kb	 0.0% Packages/com.unity.textmeshpro/Scripts/Runtime/TMP_SpriteAssetImportFormats.cs
 0.1 kb	 0.0% Packages/com.unity.test-framework/UnityEngine.TestRunner/Utils/Vector4EqualityComparer.cs
 0.1 kb	 0.0% Packages/com.unity.test-framework/UnityEngine.TestRunner/Utils/Vector3EqualityComparer.cs
 0.1 kb	 0.0% Packages/com.unity.test-framework/UnityEngine.TestRunner/Utils/Vector2EqualityComparer.cs
 0.1 kb	 0.0% Packages/com.unity.test-framework/UnityEngine.TestRunner/Utils/TestRunCallbackListener.cs
 0.1 kb	 0.0% Packages/com.unity.test-framework/UnityEngine.TestRunner/Utils/PrebuildSceneSetupAttribute.cs
 0.1 kb	 0.0% Packages/com.unity.test-framework/UnityEngine.TestRunner/Utils/FloatEqualityComparer.cs
 0.1 kb	 0.0% Packages/com.unity.test-framework/UnityEngine.TestRunner/Utils/ColorEqualityComparer.cs
 0.1 kb	 0.0% Packages/com.unity.test-framework/UnityEngine.TestRunner/Utils/AssemblyProvider/ScriptingRuntimeProxy.cs
 0.1 kb	 0.0% Packages/com.unity.test-framework/UnityEngine.TestRunner/Utils/AssemblyProvider/IScriptingRuntimeProxy.cs
 0.1 kb	 0.0% Packages/com.unity.test-framework/UnityEngine.TestRunner/TestRunner/SynchronousFilter.cs
 0.1 kb	 0.0% Packages/com.unity.test-framework/UnityEngine.TestRunner/TestRunner/RemoteHelpers/RemoteTestResultData.cs
 0.1 kb	 0.0% Packages/com.unity.shadergraph/ShaderGraphLibrary/DummyShaderGraphLibrary.cs
 0.1 kb	 0.0% Packages/com.unity.services.core/Runtime/Core.Internal/Components/Telemetry/IMetricsFactory.cs
 0.1 kb	 0.0% Packages/com.unity.services.core/Runtime/Core.Internal/Components/Scheduler/IActionScheduler.cs
 0.1 kb	 0.0% Packages/com.unity.services.core/Runtime/Core.Internal/Components/Authentication/IEnvironmentId.cs
 0.1 kb	 0.0% Packages/com.unity.services.core/Runtime/Core.Internal/Components/Analytics/IAnalyticsUserId.cs
 0.1 kb	 0.0% Packages/com.unity.services.analytics/Runtime/Runtime/AnalyticsForgetter.cs
 0.1 kb	 0.0% Packages/com.unity.render-pipelines.universal/ShaderLibrary/ShaderTypes.cs
 0.1 kb	 0.0% Packages/com.unity.render-pipelines.universal/ShaderLibrary/Deprecated.cs
 0.1 kb	 0.0% Packages/com.unity.render-pipelines.universal/Runtime/Tiling/TileSize.cs
 0.1 kb	 0.0% Packages/com.unity.render-pipelines.universal/Runtime/External/LibTessDotNet/Sweep.cs
 0.1 kb	 0.0% Packages/com.unity.render-pipelines.core/Runtime/Utilities/SceneRenderPipeline.cs
 0.1 kb	 0.0% Packages/com.unity.render-pipelines.core/Runtime/Utilities/MaterialQuality.cs
 0.1 kb	 0.0% Packages/com.unity.render-pipelines.core/Runtime/Utilities/CameraCaptureBridge.cs
 0.1 kb	 0.0% Packages/com.unity.render-pipelines.core/Runtime/ShaderGenerator/ShaderGeneratorAttributes.cs
 0.1 kb	 0.0% Packages/com.unity.render-pipelines.core/Runtime/PostProcessing/LensFlareCommonSRP.cs
 0.1 kb	 0.0% Packages/com.unity.render-pipelines.core/Runtime/LookDev/IDataProvider.cs
 0.1 kb	 0.0% Packages/com.unity.render-pipelines.core/Runtime/Lighting/SphericalHarmonics.cs
 0.1 kb	 0.0% Packages/com.unity.render-pipelines.core/Runtime/Lighting/ProbeVolume/ProbeVolumeSceneData.cs
 0.1 kb	 0.0% Packages/com.unity.render-pipelines.core/Runtime/Lighting/ProbeVolume/ProbeVolumeGIContributor.cs
 0.1 kb	 0.0% Packages/com.unity.render-pipelines.core/Runtime/Lighting/ProbeVolume/ProbeTouchupVolume.cs
 0.1 kb	 0.0% Packages/com.unity.render-pipelines.core/Runtime/Lighting/ProbeVolume/ProbeReferenceVolume.cs
 0.1 kb	 0.0% Packages/com.unity.render-pipelines.core/Runtime/Documentation.cs
 0.1 kb	 0.0% Packages/com.unity.render-pipelines.core/Runtime/Debugging/Prefabs/Scripts/DebugUIHandlerWidget.cs
 0.1 kb	 0.0% Packages/com.unity.render-pipelines.core/Runtime/Debugging/Prefabs/Scripts/DebugUIHandlerValue.cs
 0.1 kb	 0.0% Packages/com.unity.render-pipelines.core/Runtime/Debugging/Prefabs/Scripts/DebugUIHandlerVBox.cs
 0.1 kb	 0.0% Packages/com.unity.render-pipelines.core/Runtime/Debugging/Prefabs/Scripts/DebugUIHandlerToggle.cs
 0.1 kb	 0.0% Packages/com.unity.render-pipelines.core/Runtime/Debugging/Prefabs/Scripts/DebugUIHandlerRow.cs
 0.1 kb	 0.0% Packages/com.unity.render-pipelines.core/Runtime/Debugging/Prefabs/Scripts/DebugUIHandlerPanel.cs
 0.1 kb	 0.0% Packages/com.unity.render-pipelines.core/Runtime/Debugging/Prefabs/Scripts/DebugUIHandlerObject.cs
 0.1 kb	 0.0% Packages/com.unity.render-pipelines.core/Runtime/Debugging/Prefabs/Scripts/DebugUIHandlerHBox.cs
 0.1 kb	 0.0% Packages/com.unity.render-pipelines.core/Runtime/Debugging/Prefabs/Scripts/DebugUIHandlerGroup.cs
 0.1 kb	 0.0% Packages/com.unity.render-pipelines.core/Runtime/Debugging/Prefabs/Scripts/DebugUIHandlerColor.cs
 0.1 kb	 0.0% Packages/com.unity.render-pipelines.core/Runtime/Debugging/Prefabs/Scripts/DebugUIHandlerCanvas.cs
 0.1 kb	 0.0% Packages/com.unity.render-pipelines.core/Runtime/Debugging/Prefabs/Scripts/DebugUIHandlerButton.cs
 0.1 kb	 0.0% Packages/com.unity.render-pipelines.core/Runtime/Debugging/MousePositionDebug.cs
 0.1 kb	 0.0% Packages/com.unity.render-pipelines.core/Runtime/Debugging/IVolumeDebugSettings.cs
 0.1 kb	 0.0% Packages/com.unity.render-pipelines.core/Runtime/Debugging/FrameTiming/FrameTimeBottleneck.cs
 0.1 kb	 0.0% Packages/com.unity.render-pipelines.core/Runtime/Common/Swap.Extensions.cs
 0.1 kb	 0.0% Packages/com.unity.render-pipelines.core/Runtime/Common/CommandBufferPool.cs
 0.1 kb	 0.0% Packages/com.unity.purchasing/Runtime/Stores/Android/GooglePlay/AAR/Utils/SkuDetailsConverter.cs
 0.1 kb	 0.0% Packages/com.unity.purchasing/Runtime/Stores/Android/GooglePlay/AAR/Utils/GoogleReceiptEncoder.cs
 0.1 kb	 0.0% Packages/com.unity.purchasing/Runtime/Stores/Android/GooglePlay/AAR/Interfaces/IGooglePurchase.cs
 0.1 kb	 0.0% Packages/com.unity.purchasing/Runtime/SecurityStub/AppleValidator.cs
 0.1 kb	 0.0% Packages/com.unity.purchasing/Runtime/SecurityCore/IPurchaseReceipt.cs
 0.1 kb	 0.0% Packages/com.unity.purchasing/Runtime/Purchasing/Analytics/EmptyUnityAnalyticsAdapter.cs
 0.1 kb	 0.0% Packages/com.unity.inputsystem/InputSystem/State/IInputStateChangeMonitor.cs
 0.1 kb	 0.0% Packages/com.unity.inputsystem/InputSystem/Plugins/iOS/IOSGameController.cs
 0.1 kb	 0.0% Packages/com.unity.inputsystem/InputSystem/Plugins/Users/InputUserAccountHandle.cs
 0.1 kb	 0.0% Packages/com.unity.inputsystem/InputSystem/Plugins/Switch/SwitchProControllerHID.cs
 0.1 kb	 0.0% Packages/com.unity.inputsystem/InputSystem/Plugins/PlayerInput/PlayerInputManagerEditor.cs
 0.1 kb	 0.0% Packages/com.unity.inputsystem/InputSystem/Plugins/OSX/OSXGameController.cs
 0.1 kb	 0.0% Packages/com.unity.inputsystem/InputSystem/Plugins/EnhancedTouch/EnhancedTouchSupport.cs
 0.1 kb	 0.0% Packages/com.unity.inputsystem/InputSystem/Events/DeviceConfigurationEvent.cs
 0.1 kb	 0.0% Packages/com.unity.inputsystem/InputSystem/Editor/UITKAssetEditor/Views/VisualElementExtensions.cs
 0.1 kb	 0.0% Packages/com.unity.inputsystem/InputSystem/Editor/UITKAssetEditor/Views/InputActionsTreeViewItem.cs
 0.1 kb	 0.0% Packages/com.unity.inputsystem/InputSystem/Editor/UITKAssetEditor/Views/InputActionsEditorView.cs
 0.1 kb	 0.0% Packages/com.unity.inputsystem/InputSystem/Editor/UITKAssetEditor/Views/BindingPropertiesView.cs
 0.1 kb	 0.0% Packages/com.unity.inputsystem/InputSystem/Editor/UITKAssetEditor/SerializedInputBinding.cs
 0.1 kb	 0.0% Packages/com.unity.inputsystem/InputSystem/Editor/UITKAssetEditor/SerializedInputActionMap.cs
 0.1 kb	 0.0% Packages/com.unity.inputsystem/InputSystem/Editor/UITKAssetEditor/SerializedInputAction.cs
 0.1 kb	 0.0% Packages/com.unity.inputsystem/InputSystem/Editor/UITKAssetEditor/InputActionsEditorWindow.cs
 0.1 kb	 0.0% Packages/com.unity.inputsystem/InputSystem/Editor/UITKAssetEditor/InputActionsEditorState.cs
 0.1 kb	 0.0% Packages/com.unity.inputsystem/InputSystem/Editor/UITKAssetEditor/Commands/ControlSchemeCommands.cs
 0.1 kb	 0.0% Packages/com.unity.inputsystem/InputSystem/Editor/Settings/InputSettingsProvider.cs
 0.1 kb	 0.0% Packages/com.unity.inputsystem/InputSystem/Editor/Settings/InputEditorUserSettings.cs
 0.1 kb	 0.0% Packages/com.unity.inputsystem/InputSystem/Editor/PropertyDrawers/InputControlPathDrawer.cs
 0.1 kb	 0.0% Packages/com.unity.inputsystem/InputSystem/Editor/PropertyDrawers/InputActionDrawerBase.cs
 0.1 kb	 0.0% Packages/com.unity.inputsystem/InputSystem/Editor/PropertyDrawers/InputActionAssetDrawer.cs
 0.1 kb	 0.0% Packages/com.unity.inputsystem/InputSystem/Editor/ProjectWideActions/ProjectWideActionsAsset.cs
 0.1 kb	 0.0% Packages/com.unity.inputsystem/InputSystem/Editor/Internal/AdvancedDropdown/AdvancedDropdownWindow.cs
 0.1 kb	 0.0% Packages/com.unity.inputsystem/InputSystem/Editor/Internal/AdvancedDropdown/AdvancedDropdownState.cs
 0.1 kb	 0.0% Packages/com.unity.inputsystem/InputSystem/Editor/InputSystemPluginControl.cs
 0.1 kb	 0.0% Packages/com.unity.inputsystem/InputSystem/Editor/InputLayoutCodeGenerator.cs
 0.1 kb	 0.0% Packages/com.unity.inputsystem/InputSystem/Editor/InputAssetEditorUtils.cs
 0.1 kb	 0.0% Packages/com.unity.inputsystem/InputSystem/Editor/Debugger/InputLatencyCalculator.cs
 0.1 kb	 0.0% Packages/com.unity.inputsystem/InputSystem/Editor/ControlPicker/InputControlPickerState.cs
 0.1 kb	 0.0% Packages/com.unity.inputsystem/InputSystem/Editor/ControlPicker/InputControlPathEditor.cs
 0.1 kb	 0.0% Packages/com.unity.inputsystem/InputSystem/Editor/ControlPicker/InputControlDropdownItem.cs
 0.1 kb	 0.0% Packages/com.unity.inputsystem/InputSystem/Editor/AssetImporter/InputActionCodeGenerator.cs
 0.1 kb	 0.0% Packages/com.unity.inputsystem/InputSystem/Editor/AssetImporter/InputActionAssetEditor.cs
 0.1 kb	 0.0% Packages/com.unity.inputsystem/InputSystem/Editor/AssetImporter/IInputActionAssetEditor.cs
 0.1 kb	 0.0% Packages/com.unity.inputsystem/InputSystem/Editor/AssetEditor/InputActionEditorWindow.cs
 0.1 kb	 0.0% Packages/com.unity.inputsystem/InputSystem/Editor/AssetEditor/InputActionEditorToolbar.cs
 0.1 kb	 0.0% Packages/com.unity.inputsystem/InputSystem/Editor/AssetEditor/InputActionAssetManager.cs
 0.1 kb	 0.0% Packages/com.unity.inputsystem/InputSystem/Devices/Remote/RemoteInputPlayerConnection.cs
 0.1 kb	 0.0% Packages/com.unity.inputsystem/InputSystem/Devices/InputDeviceDescription.cs
 0.1 kb	 0.0% Packages/com.unity.inputsystem/InputSystem/Devices/Haptics/DualMotorRumbleCommand.cs
 0.1 kb	 0.0% Packages/com.unity.inputsystem/InputSystem/Devices/Commands/WarpMousePositionCommand.cs
 0.1 kb	 0.0% Packages/com.unity.inputsystem/InputSystem/Devices/Commands/QueryEnabledStateCommand.cs
 0.1 kb	 0.0% Packages/com.unity.inputsystem/InputSystem/Devices/Commands/QueryDimensionsCommand.cs
 0.1 kb	 0.0% Packages/com.unity.inputsystem/InputSystem/Devices/Commands/QueryCanRunInBackground.cs
 0.1 kb	 0.0% Packages/com.unity.inputsystem/InputSystem/Devices/Commands/IInputDeviceCommandInfo.cs
 0.1 kb	 0.0% Packages/com.unity.inputsystem/InputSystem/Controls/InputControlAttribute.cs
 0.1 kb	 0.0% Packages/com.unity.inputsystem/InputSystem/Controls/DiscreteButtonControl.cs
 0.1 kb	 0.0% Packages/com.unity.inputsystem/InputSystem/Actions/InputBindingCompositeContext.cs
 0.1 kb	 0.0% Packages/com.unity.inputsystem/InputSystem/Actions/InputActionSetupExtensions.cs
 0.1 kb	 0.0% Packages/com.unity.inputsystem/InputSystem/Actions/InputActionParameters.cs
 0.1 kb	 0.0% Packages/com.unity.xr.legacyinputhelpers/Runtime/TrackedPoseDriver/TrackedPoseDriver.cs
 0.1 kb	 0.0% Packages/com.unity.xr.legacyinputhelpers/Runtime/CameraOffset.cs
 0.1 kb	 0.0% Packages/com.unity.ugui/Runtime/UI/Core/Layout/HorizontalOrVerticalLayoutGroup.cs
 0.1 kb	 0.0% Packages/com.unity.test-framework/UnityEngine.TestRunner/Utils/TestRunCallbackAttribute.cs
 0.1 kb	 0.0% Packages/com.unity.test-framework/UnityEngine.TestRunner/Utils/IOuterUnityTestAction.cs
 0.1 kb	 0.0% Packages/com.unity.test-framework/UnityEngine.TestRunner/TestRunner/TestListenerWrapper.cs
 0.1 kb	 0.0% Packages/com.unity.test-framework/UnityEngine.TestRunner/TestRunner/ITestRunnerListener.cs
 0.1 kb	 0.0% Packages/com.unity.test-framework/UnityEngine.TestRunner/NUnitExtensions/TestExtensions.cs
 0.1 kb	 0.0% Packages/com.unity.test-framework/UnityEngine.TestRunner/NUnitExtensions/Runner/FailCommand.cs
 0.1 kb	 0.0% Packages/com.unity.test-framework/UnityEngine.TestRunner/NUnitExtensions/IStateSerializer.cs
 0.1 kb	 0.0% Packages/com.unity.test-framework/UnityEngine.TestRunner/NUnitExtensions/Commands/UnityTestMethodCommand.cs
 0.1 kb	 0.0% Packages/com.unity.test-framework/UnityEngine.TestRunner/NUnitExtensions/BaseDelegator.cs
 0.1 kb	 0.0% Packages/com.unity.test-framework/UnityEngine.TestRunner/NUnitExtensions/Attributes/UnityTearDownAttribute.cs
 0.1 kb	 0.0% Packages/com.unity.test-framework/UnityEngine.TestRunner/NUnitExtensions/Attributes/UnityPlatformAttribute.cs
 0.1 kb	 0.0% Packages/com.unity.test-framework/UnityEngine.TestRunner/NUnitExtensions/ActionDelegator.cs
 0.1 kb	 0.0% Packages/com.unity.services.core/Runtime/Telemetry/Diagnotstics/Diagnostics.cs
 0.1 kb	 0.0% Packages/com.unity.services.core/Runtime/Device/UserIdProviders/UnityAdsIdentifier.cs
 0.1 kb	 0.0% Packages/com.unity.services.core/Runtime/Core/Initialization/ServicesCreationException.cs
 0.1 kb	 0.0% Packages/com.unity.services.core/Runtime/Core.Internal/Utils/UnityWebRequestUtils.cs
 0.1 kb	 0.0% Packages/com.unity.services.core/Runtime/Core.Internal/Utils/DictionaryExtensions.cs
 0.1 kb	 0.0% Packages/com.unity.services.core/Runtime/Core.Internal/Registry/IServiceComponent.cs
 0.1 kb	 0.0% Packages/com.unity.services.core/Runtime/Core.Internal/Registry/CorePackageRegistry.cs
 0.1 kb	 0.0% Packages/com.unity.services.core/Runtime/Core.Internal/Registry/ComponentRegistry/IComponentRegistry.cs
 0.1 kb	 0.0% Packages/com.unity.services.core/Runtime/Core.Internal/Registry/ComponentRegistry/ComponentRegistry.cs
 0.1 kb	 0.0% Packages/com.unity.services.core/Runtime/Core.Internal/Components/Device/IInstallationId.cs
 0.1 kb	 0.0% Packages/com.unity.services.core/Runtime/Core.Internal/Attributes/VisibilityAttribute.cs
 0.1 kb	 0.0% Packages/com.unity.services.core/Runtime/Core.Internal/AsyncOperation/TaskAsyncOperation.cs
 0.1 kb	 0.0% Packages/com.unity.services.core/Runtime/Core.Internal/AsyncOperation/AsyncOperationBase.cs
 0.1 kb	 0.0% Packages/com.unity.services.analytics/Runtime/Events/Transaction/TransactionFailedEvent.cs
 0.1 kb	 0.0% Packages/com.unity.services.analytics/Runtime/Events/AcquisitionSourceEvent.cs
 0.1 kb	 0.0% Packages/com.unity.services.analytics/Runtime/AnalyticsServiceInstance.cs
 0.1 kb	 0.0% Packages/com.unity.render-pipelines.universal/Runtime/Tiling/ZBinningJob.cs
 0.1 kb	 0.0% Packages/com.unity.render-pipelines.universal/Runtime/Tiling/TilingJob.cs
 0.1 kb	 0.0% Packages/com.unity.render-pipelines.universal/Runtime/TemporalAA.cs
 0.1 kb	 0.0% Packages/com.unity.render-pipelines.universal/Runtime/ShadowUtils.cs
 0.1 kb	 0.0% Packages/com.unity.render-pipelines.universal/Runtime/ShaderUtils.cs
 0.1 kb	 0.0% Packages/com.unity.render-pipelines.universal/Runtime/ShaderData.cs
 0.1 kb	 0.0% Packages/com.unity.render-pipelines.universal/Runtime/Passes/CapturePass.cs
 0.1 kb	 0.0% Packages/com.unity.render-pipelines.universal/Runtime/Overrides/WhiteBalance.cs
 0.1 kb	 0.0% Packages/com.unity.render-pipelines.universal/Runtime/Overrides/Tonemapping.cs
 0.1 kb	 0.0% Packages/com.unity.render-pipelines.universal/Runtime/Overrides/SplitToning.cs
 0.1 kb	 0.0% Packages/com.unity.render-pipelines.universal/Runtime/Overrides/MotionBlur.cs
 0.1 kb	 0.0% Packages/com.unity.render-pipelines.universal/Runtime/Overrides/FilmGrain.cs
 0.1 kb	 0.0% Packages/com.unity.render-pipelines.universal/Runtime/Overrides/DepthOfField.cs
 0.1 kb	 0.0% Packages/com.unity.render-pipelines.universal/Runtime/Overrides/ColorLookup.cs
 0.1 kb	 0.0% Packages/com.unity.render-pipelines.universal/Runtime/Overrides/ColorCurves.cs
 0.1 kb	 0.0% Packages/com.unity.render-pipelines.universal/Runtime/Overrides/ChannelMixer.cs
 0.1 kb	 0.0% Packages/com.unity.render-pipelines.universal/Runtime/External/LibTessDotNet/Tess.cs
 0.1 kb	 0.0% Packages/com.unity.render-pipelines.universal/Runtime/External/LibTessDotNet/Mesh.cs
 0.1 kb	 0.0% Packages/com.unity.render-pipelines.universal/Runtime/External/LibTessDotNet/Geom.cs
 0.1 kb	 0.0% Packages/com.unity.render-pipelines.universal/Runtime/Decal/Entities/DecalChunk.cs
 0.1 kb	 0.0% Packages/com.unity.render-pipelines.universal/Runtime/Debug/DebugHandler.cs
 0.1 kb	 0.0% Packages/com.unity.render-pipelines.universal/Runtime/Data/XRSystemData.cs
 0.1 kb	 0.0% Packages/com.unity.render-pipelines.universal/Runtime/2D/UTess2D/UTess.cs
 0.1 kb	 0.0% Packages/com.unity.render-pipelines.universal/Runtime/2D/UTess2D/Smoothen.cs
 0.1 kb	 0.0% Packages/com.unity.render-pipelines.universal/Runtime/2D/UTess2D/Refinery.cs
 0.1 kb	 0.0% Packages/com.unity.render-pipelines.universal/Runtime/2D/Renderer2D.cs
 0.1 kb	 0.0% Packages/com.unity.render-pipelines.universal/Runtime/2D/Passes/Utility/LayerUtility.cs
 0.1 kb	 0.0% Packages/com.unity.render-pipelines.universal/Runtime/2D/Passes/UpscalePass.cs
 0.1 kb	 0.0% Packages/com.unity.render-pipelines.universal/Runtime/2D/LightUtility.cs
 0.1 kb	 0.0% Packages/com.unity.render-pipelines.core/Runtime/XR/XRMirrorView.cs
 0.1 kb	 0.0% Packages/com.unity.render-pipelines.core/Runtime/Lighting/ProbeVolume/ProbeIndexOfIndices.cs
 0.1 kb	 0.0% Packages/com.unity.render-pipelines.core/Runtime/Common/CoreAttributes.cs
 0.1 kb	 0.0% Packages/com.unity.purchasing/Runtime/Stores/WindowsStore/IMicrosoftExtensions.cs
 0.1 kb	 0.0% Packages/com.unity.purchasing/Runtime/Stores/Util/EnumerableExtensions.cs
 0.1 kb	 0.0% Packages/com.unity.purchasing/Runtime/Stores/SubscriptionManager.cs
 0.1 kb	 0.0% Packages/com.unity.purchasing/Runtime/Stores/StoreConfiguration.cs
 0.1 kb	 0.0% Packages/com.unity.purchasing/Runtime/Stores/FakeStore/UIFakeStoreWindow.cs
 0.1 kb	 0.0% Packages/com.unity.purchasing/Runtime/Stores/FakeStore/UIFakeStoreDropdown.cs
 0.1 kb	 0.0% Packages/com.unity.purchasing/Runtime/Stores/FakeStore/LifecycleNotifier.cs
 0.1 kb	 0.0% Packages/com.unity.purchasing/Runtime/Stores/BaseStore/NativeStoreProvider.cs
 0.1 kb	 0.0% Packages/com.unity.purchasing/Runtime/Stores/BaseStore/MetricizedJsonStore.cs
 0.1 kb	 0.0% Packages/com.unity.purchasing/Runtime/Stores/BaseStore/INativeStoreProvider.cs
 0.1 kb	 0.0% Packages/com.unity.purchasing/Runtime/Stores/AppleAppStore/IAppleConfiguration.cs
 0.1 kb	 0.0% Packages/com.unity.purchasing/Runtime/Stores/AppleAppStore/FakeAppleExtensions.cs
 0.1 kb	 0.0% Packages/com.unity.purchasing/Runtime/Stores/AppleAppStore/AppleProductMetadata.cs
 0.1 kb	 0.0% Packages/com.unity.purchasing/Runtime/Stores/Android/UDP/UDPReflectionUtil.cs
 0.1 kb	 0.0% Packages/com.unity.purchasing/Runtime/Stores/Android/UDP/UDPReflectionConsts.cs
 0.1 kb	 0.0% Packages/com.unity.purchasing/Runtime/Stores/Android/GooglePlay/Services/GoogleFetchPurchases.cs
 0.1 kb	 0.0% Packages/com.unity.purchasing/Runtime/Stores/Android/GooglePlay/AAR/Models/GooglePurchase.cs
 0.1 kb	 0.0% Packages/com.unity.purchasing/Runtime/Stores/Android/AmazonAppStore/IAmazonExtensions.cs
 0.1 kb	 0.0% Packages/com.unity.purchasing/Runtime/Stores/Android/AmazonAppStore/IAmazonConfiguration.cs
 0.1 kb	 0.0% Packages/com.unity.purchasing/Runtime/Purchasing/Utilites/UnifiedReceiptFormatter.cs
 0.1 kb	 0.0% Packages/com.unity.purchasing/Runtime/Purchasing/Utilites/ProductPurchaseUpdater.cs
 0.1 kb	 0.0% Packages/com.unity.purchasing/Runtime/Purchasing/UnifiedReceiptExtensions.cs
 0.1 kb	 0.0% Packages/com.unity.purchasing/Runtime/Purchasing/Telemetry/Metrics/TelemetryMetricEvent.cs
 0.1 kb	 0.0% Packages/com.unity.purchasing/Runtime/Purchasing/Telemetry/Diagnostics/TelemetryDiagnostics.cs
 0.1 kb	 0.0% Packages/com.unity.purchasing/Runtime/Purchasing/SimpleCatalogProvider.cs
 0.1 kb	 0.0% Packages/com.unity.purchasing/Runtime/Purchasing/PurchaseFailedEventArgs.cs
 0.1 kb	 0.0% Packages/com.unity.purchasing/Runtime/Purchasing/IInternalStoreListener.cs
 0.1 kb	 0.0% Packages/com.unity.purchasing/Runtime/Purchasing/IDetailedStoreListener.cs
 0.1 kb	 0.0% Packages/com.unity.purchasing/Runtime/Purchasing/Extension/ProductDescription.cs
 0.1 kb	 0.0% Packages/com.unity.purchasing/Runtime/Purchasing/Extension/IStoreConfiguration.cs
 0.1 kb	 0.0% Packages/com.unity.purchasing/Runtime/Purchasing/Extension/IPurchasingModule.cs
 0.1 kb	 0.0% Packages/com.unity.purchasing/Runtime/Purchasing/Extension/IPurchasingBinder.cs
 0.1 kb	 0.0% Packages/com.unity.purchasing/Runtime/Purchasing/Analytics/Legacy/LegacyAnalyticsWrapper.cs
 0.1 kb	 0.0% Packages/com.unity.purchasing/Runtime/Purchasing/Analytics/Legacy/LegacyAnalyticsAdapter.cs
 0.1 kb	 0.0% Packages/com.unity.purchasing/Runtime/Purchasing/Analytics/Interfaces/Legacy/ILegacyUnityAnalytics.cs
 0.1 kb	 0.0% Packages/com.unity.purchasing/Runtime/Codeless/CodelessIAPButton.cs
 0.1 kb	 0.0% Packages/com.unity.purchasing/Runtime/AppleMacosStub/OSXStoreBindings.cs
 0.1 kb	 0.0% Packages/com.unity.purchasing/Runtime/AppleCore/INativeAppleStore.cs
 0.1 kb	 0.0% Packages/com.unity.inputsystem/InputSystem/Utilities/NameAndParameters.cs
 0.1 kb	 0.0% Packages/com.unity.inputsystem/InputSystem/Utilities/CSharpCodeHelpers.cs
 0.1 kb	 0.0% Packages/com.unity.inputsystem/InputSystem/Plugins/UI/TrackedDeviceRaycaster.cs
 0.1 kb	 0.0% Packages/com.unity.inputsystem/InputSystem/Plugins/UI/MultiplayerEventSystem.cs
 0.1 kb	 0.0% Packages/com.unity.inputsystem/InputSystem/Plugins/UI/InputSystemUIInputModule.cs
 0.1 kb	 0.0% Packages/com.unity.inputsystem/InputSystem/Plugins/UI/ExtendedPointerEventData.cs
 0.1 kb	 0.0% Packages/com.unity.inputsystem/InputSystem/Plugins/UI/ExtendedAxisEventData.cs
 0.1 kb	 0.0% Packages/com.unity.inputsystem/InputSystem/Plugins/HID/HIDDescriptorWindow.cs
 0.1 kb	 0.0% Packages/com.unity.inputsystem/InputSystem/Plugins/DualShock/IDualShockHaptics.cs
 0.1 kb	 0.0% Packages/com.unity.inputsystem/InputSystem/Editor/AssetEditor/ParameterListView.cs
 0.1 kb	 0.0% Packages/com.unity.inputsystem/InputSystem/Editor/AssetEditor/InputActionTreeViewItems.cs
 0.1 kb	 0.0% Packages/com.unity.inputsystem/InputSystem/Controls/Processors/NormalizeProcessor.cs
 0.1 kb	 0.0% Packages/com.unity.inputsystem/InputSystem/Actions/Interactions/SlowTapInteraction.cs
 0.1 kb	 0.0% Packages/com.unity.inputsystem/InputSystem/Actions/Interactions/MultiTapInteraction.cs
 0.1 kb	 0.0% Packages/com.unity.inputsystem/InputSystem/Actions/Composites/OneModifierComposite.cs
 0.1 kb	 0.0% Packages/com.unity.ads/Runtime/Advertisement/Utilities/EnumUtilities.cs
 0.1 kb	 0.0% Packages/com.unity.ads/Runtime/Advertisement/Utilities/ApplicationQuit.cs
 0.1 kb	 0.0% Packages/com.unity.ads/Runtime/Advertisement/Platform/Editor/EditorBanner.cs
 0.1 kb	 0.0% Packages/com.unity.ads/Runtime/Advertisement/Platform/Android/BannerBundle.cs
 0.1 kb	 0.0% Packages/com.unity.ads/Runtime/Advertisement/Platform/Android/AndroidShowListener.cs
 0.1 kb	 0.0% Packages/com.unity.ads/Runtime/Advertisement/Platform/Android/AndroidLoadListener.cs
 0.1 kb	 0.0% Packages/com.unity.ads/Runtime/Advertisement/Events/StartEventArgs.cs
 0.1 kb	 0.0% Packages/com.unity.ads/Runtime/Advertisement/Events/FinishEventArgs.cs
 0.1 kb	 0.0% Packages/com.unity.ads/Runtime/Advertisement/BannerLoadOptions.cs
 0.1 kb	 0.0% Packages/com.unity.timeline/Runtime/Utilities/AnimationPreviewUtilities.cs
 0.1 kb	 0.0% Packages/com.unity.timeline/Runtime/Playables/TimeNotificationBehaviour.cs
 0.1 kb	 0.0% Packages/com.unity.timeline/Runtime/Playables/ActivationControlPlayable.cs
 0.1 kb	 0.0% Packages/com.unity.timeline/Runtime/Events/INotificationOptionProvider.cs
 0.1 kb	 0.0% Packages/com.unity.test-framework/UnityEngine.TestRunner/Utils/AssemblyProvider/IAssemblyLoadProxy.cs
 0.1 kb	 0.0% Packages/com.unity.test-framework/UnityEngine.TestRunner/Utils/AssemblyProvider/AssemblyLoadProxy.cs
 0.1 kb	 0.0% Packages/com.unity.test-framework/UnityEngine.TestRunner/TestRunner/RemoteHelpers/RemoteTestData.cs
 0.1 kb	 0.0% Packages/com.unity.shadergraph/Editor/Generation/Targets/BuiltIn/Editor/ShaderGUI/MaterialAssemblyReference/RawRenderQueue.cs
 0.1 kb	 0.0% Packages/com.unity.services.core/Runtime/Core.Internal/Components/Telemetry/IDiagnostics.cs
 0.1 kb	 0.0% Packages/com.unity.services.core/Runtime/Core.Internal/Components/Networking/IHttpClient.cs
 0.1 kb	 0.0% Packages/com.unity.services.core/Runtime/Core.Internal/Components/Networking/HttpResponse.cs
 0.1 kb	 0.0% Packages/com.unity.services.core/Runtime/Core.Internal/Components/Networking/HttpRequest.cs
 0.1 kb	 0.0% Packages/com.unity.services.core/Runtime/Core.Internal/Components/Networking/HttpOptions.cs
 0.1 kb	 0.0% Packages/com.unity.services.core/Runtime/Core.Internal/Components/Authentication/IPlayerId.cs
 0.1 kb	 0.0% Packages/com.unity.services.core/Runtime/Core.Internal/Components/Authentication/IAccessToken.cs
 0.1 kb	 0.0% Packages/com.unity.services.analytics/Runtime/SessionManager.cs
 0.1 kb	 0.0% Packages/com.unity.services.analytics/Runtime/Runtime/WebRequestHelper.cs
 0.1 kb	 0.0% Packages/com.unity.services.analytics/Runtime/Platform/DeviceVolume.cs
 0.1 kb	 0.0% Packages/com.unity.services.analytics/Runtime/IdentityManager.cs
 0.1 kb	 0.0% Packages/com.unity.render-pipelines.core/Runtime/Volume/VolumeProfile.cs
 0.1 kb	 0.0% Packages/com.unity.render-pipelines.core/Runtime/Volume/VolumeParameter.cs
 0.1 kb	 0.0% Packages/com.unity.render-pipelines.core/Runtime/Volume/VolumeManager.cs
 0.1 kb	 0.0% Packages/com.unity.render-pipelines.core/Runtime/Volume/VolumeDebugData.cs
 0.1 kb	 0.0% Packages/com.unity.render-pipelines.core/Runtime/Volume/VolumeComponent.cs
 0.1 kb	 0.0% Packages/com.unity.render-pipelines.core/Runtime/Volume/KeyframeUtility.cs
 0.1 kb	 0.0% Packages/com.unity.render-pipelines.core/Runtime/Utilities/TileLayoutUtils.cs
 0.1 kb	 0.0% Packages/com.unity.render-pipelines.core/Runtime/Utilities/ResourceReloader.cs
 0.1 kb	 0.0% Packages/com.unity.render-pipelines.core/Runtime/Utilities/HaltonSequence.cs
 0.1 kb	 0.0% Packages/com.unity.render-pipelines.core/Runtime/Utilities/HDROutputUtils.cs
 0.1 kb	 0.0% Packages/com.unity.render-pipelines.core/Runtime/Utilities/DelegateUtility.cs
 0.1 kb	 0.0% Packages/com.unity.render-pipelines.core/Runtime/Utilities/CoreMatrixUtils.cs
 0.1 kb	 0.0% Packages/com.unity.render-pipelines.core/Runtime/Utilities/ColorSpaceUtils.cs
 0.1 kb	 0.0% Packages/com.unity.render-pipelines.core/Runtime/Utilities/ArrayExtensions.cs
 0.1 kb	 0.0% Packages/com.unity.render-pipelines.core/Runtime/Textures/Texture2DAtlas.cs
 0.1 kb	 0.0% Packages/com.unity.render-pipelines.core/Runtime/Textures/RTHandleSystem.cs
 0.1 kb	 0.0% Packages/com.unity.render-pipelines.core/Runtime/RenderPipeline/IVolumetricCloud.cs
 0.1 kb	 0.0% Packages/com.unity.render-pipelines.core/Runtime/RenderPipeline/ICloudBackground.cs
 0.1 kb	 0.0% Packages/com.unity.render-pipelines.core/Runtime/PostProcessing/LensFlareDataSRP.cs
 0.1 kb	 0.0% Packages/com.unity.render-pipelines.core/Runtime/Lighting/ProbeVolume/ProbeVolumeAsset.cs
 0.1 kb	 0.0% Packages/com.unity.render-pipelines.core/Runtime/Lighting/ProbeVolume/ProbeBrickPool.cs
 0.1 kb	 0.0% Packages/com.unity.render-pipelines.core/Runtime/Lighting/ProbeVolume/ProbeBrickIndex.cs
 0.1 kb	 0.0% Packages/com.unity.render-pipelines.core/Runtime/Debugging/ProfilingScope.cs
 0.1 kb	 0.0% Packages/com.unity.render-pipelines.core/Runtime/Debugging/FrameTiming/FrameTimeSample.cs
 0.1 kb	 0.0% Packages/com.unity.render-pipelines.core/Runtime/Debugging/DebugManager.UIState.cs
 0.1 kb	 0.0% Packages/com.unity.render-pipelines.core/Runtime/Debugging/DebugManager.Actions.cs
 0.1 kb	 0.0% Packages/com.unity.render-pipelines.core/Runtime/Debugging/DebugFrameTiming.cs
 0.1 kb	 0.0% Packages/com.unity.render-pipelines.core/Runtime/Common/SerializableEnum.cs
 0.1 kb	 0.0% Packages/com.unity.render-pipelines.core/Runtime/Common/IAdditionalData.cs
 0.1 kb	 0.0% Packages/com.unity.render-pipelines.core/Runtime/Common/CoreUnsafeUtils.cs
 0.1 kb	 0.0% Packages/com.unity.render-pipelines.core/Runtime/Common/ConstantBuffer.cs
 0.1 kb	 0.0% Packages/com.unity.render-pipelines.core/Runtime/Camera/CameraSwitcher.cs
 0.1 kb	 0.0% Packages/com.unity.purchasing/Runtime/WinRTCore/IWinRT.cs
 0.1 kb	 0.0% Packages/com.unity.purchasing/Runtime/Stores/Util/IRetryPolicy.cs
 0.1 kb	 0.0% Packages/com.unity.purchasing/Runtime/SecurityStub/Obfuscator.cs
 0.1 kb	 0.0% Packages/com.unity.purchasing/Runtime/SecurityCore/AppleReceipt.cs
 0.1 kb	 0.0% Packages/com.unity.inputsystem/InputSystem/Utilities/Comparers.cs
 0.1 kb	 0.0% Packages/com.unity.inputsystem/InputSystem/State/InputStateHistory.cs
 0.1 kb	 0.0% Packages/com.unity.inputsystem/InputSystem/State/InputStateBuffers.cs
 0.1 kb	 0.0% Packages/com.unity.inputsystem/InputSystem/State/IInputStateTypeInfo.cs
 0.1 kb	 0.0% Packages/com.unity.inputsystem/InputSystem/Plugins/iOS/InputSettingsiOSProvider.cs
 0.1 kb	 0.0% Packages/com.unity.inputsystem/InputSystem/Plugins/Users/InputUserSettings.cs
 0.1 kb	 0.0% Packages/com.unity.inputsystem/InputSystem/Plugins/PlayerInput/PlayerInputEditor.cs
 0.1 kb	 0.0% Packages/com.unity.inputsystem/InputSystem/Plugins/EnhancedTouch/TouchSimulation.cs
 0.1 kb	 0.0% Packages/com.unity.inputsystem/InputSystem/NativeInputRuntime.cs
 0.1 kb	 0.0% Packages/com.unity.inputsystem/InputSystem/Events/InputEventListener.cs
 0.1 kb	 0.0% Packages/com.unity.inputsystem/InputSystem/Events/IMECompositionEvent.cs
 0.1 kb	 0.0% Packages/com.unity.inputsystem/InputSystem/Events/IInputEventTypeInfo.cs
 0.1 kb	 0.0% Packages/com.unity.inputsystem/InputSystem/Events/DeviceRemoveEvent.cs
 0.1 kb	 0.0% Packages/com.unity.inputsystem/InputSystem/Editor/UITKAssetEditor/Views/MatchingControlPaths.cs
 0.1 kb	 0.0% Packages/com.unity.inputsystem/InputSystem/Editor/UITKAssetEditor/Views/IViewStateCollection.cs
 0.1 kb	 0.0% Packages/com.unity.inputsystem/InputSystem/Editor/UITKAssetEditor/Views/ControlSchemesView.cs
 0.1 kb	 0.0% Packages/com.unity.inputsystem/InputSystem/Editor/UITKAssetEditor/Views/ActionPropertiesView.cs
 0.1 kb	 0.0% Packages/com.unity.inputsystem/InputSystem/Editor/UITKAssetEditor/EnumerableExtensions.cs
 0.1 kb	 0.0% Packages/com.unity.inputsystem/InputSystem/Editor/PropertyDrawers/InputActionMapDrawer.cs
 0.1 kb	 0.0% Packages/com.unity.inputsystem/InputSystem/Editor/PropertyDrawers/InputActionDrawer.cs
 0.1 kb	 0.0% Packages/com.unity.inputsystem/InputSystem/Editor/Internal/InputEventTreeView.cs
 0.1 kb	 0.0% Packages/com.unity.inputsystem/InputSystem/Editor/Internal/InputControlTreeView.cs
 0.1 kb	 0.0% Packages/com.unity.inputsystem/InputSystem/Editor/Internal/BuildProviderHelpers.cs
 0.1 kb	 0.0% Packages/com.unity.inputsystem/InputSystem/Editor/Internal/AdvancedDropdown/MultiLevelDataSource.cs
 0.1 kb	 0.0% Packages/com.unity.inputsystem/InputSystem/Editor/Internal/AdvancedDropdown/CallbackDataSource.cs
 0.1 kb	 0.0% Packages/com.unity.inputsystem/InputSystem/Editor/Internal/AdvancedDropdown/AdvancedDropdownItem.cs
 0.1 kb	 0.0% Packages/com.unity.inputsystem/InputSystem/Editor/Internal/AdvancedDropdown/AdvancedDropdownGUI.cs
 0.1 kb	 0.0% Packages/com.unity.inputsystem/InputSystem/Editor/InputParameterEditor.cs
 0.1 kb	 0.0% Packages/com.unity.inputsystem/InputSystem/Editor/DeviceSimulator/InputSystemPlugin.cs
 0.1 kb	 0.0% Packages/com.unity.inputsystem/InputSystem/Editor/Debugger/InputDebuggerWindow.cs
 0.1 kb	 0.0% Packages/com.unity.inputsystem/InputSystem/Editor/ControlPicker/InputControlPicker.cs
 0.1 kb	 0.0% Packages/com.unity.inputsystem/InputSystem/Editor/BuildPipeline/LinkFileGenerator.cs
 0.1 kb	 0.0% Packages/com.unity.inputsystem/InputSystem/Editor/AssetImporter/InputActionImporter.cs
 0.1 kb	 0.0% Packages/com.unity.inputsystem/InputSystem/Editor/AssetEditor/PropertiesViewBase.cs
 0.1 kb	 0.0% Packages/com.unity.inputsystem/InputSystem/Editor/AssetEditor/InputActionTreeView.cs
 0.1 kb	 0.0% Packages/com.unity.inputsystem/InputSystem/Editor/Analytics/InputEditorAnalytics.cs
 0.1 kb	 0.0% Packages/com.unity.inputsystem/InputSystem/Editor/Analytics/InputBuildAnalytic.cs
 0.1 kb	 0.0% Packages/com.unity.inputsystem/InputSystem/Devices/InputDeviceMatcher.cs
 0.1 kb	 0.0% Packages/com.unity.inputsystem/InputSystem/Devices/InputDeviceBuilder.cs
 0.1 kb	 0.0% Packages/com.unity.inputsystem/InputSystem/Devices/ITextInputReceiver.cs
 0.1 kb	 0.0% Packages/com.unity.inputsystem/InputSystem/Devices/IEventPreProcessor.cs
 0.1 kb	 0.0% Packages/com.unity.inputsystem/InputSystem/Devices/ICustomDeviceReset.cs
 0.1 kb	 0.0% Packages/com.unity.inputsystem/InputSystem/Devices/Commands/RequestSyncCommand.cs
 0.1 kb	 0.0% Packages/com.unity.inputsystem/InputSystem/Devices/Commands/RequestResetCommand.cs
 0.1 kb	 0.0% Packages/com.unity.inputsystem/InputSystem/Devices/Commands/QueryUserIdCommand.cs
 0.1 kb	 0.0% Packages/com.unity.inputsystem/InputSystem/Devices/Commands/QueryKeyNameCommand.cs
 0.1 kb	 0.0% Packages/com.unity.inputsystem/InputSystem/Devices/Commands/InputDeviceCommand.cs
 0.1 kb	 0.0% Packages/com.unity.inputsystem/InputSystem/Devices/Commands/EnableDeviceCommand.cs
 0.1 kb	 0.0% Packages/com.unity.inputsystem/InputSystem/Devices/Commands/DisableDeviceCommand.cs
 0.1 kb	 0.0% Packages/com.unity.inputsystem/InputSystem/Controls/TouchPressControl.cs
 0.1 kb	 0.0% Packages/com.unity.inputsystem/InputSystem/Controls/TouchPhaseControl.cs
 0.1 kb	 0.0% Packages/com.unity.inputsystem/InputSystem/Controls/QuaternionControl.cs
 0.1 kb	 0.0% Packages/com.unity.inputsystem/InputSystem/Controls/InputControlLayout.cs
 0.1 kb	 0.0% Packages/com.unity.inputsystem/InputSystem/Controls/InputControlExtensions.cs
 0.1 kb	 0.0% Packages/com.unity.inputsystem/InputSystem/Actions/InputInteractionContext.cs
 0.1 kb	 0.0% Packages/com.unity.inputsystem/InputSystem/Actions/InputBindingComposite.cs
 0.1 kb	 0.0% Packages/com.unity.inputsystem/InputSystem/Actions/IInputActionCollection.cs
 0.1 kb	 0.0% Packages/com.unity.analytics/DataPrivacy/DataPrivacyButton.cs
 0.1 kb	 0.0% Packages/com.unity.xr.legacyinputhelpers/Runtime/ArmModels/ArmModel.cs
 0.1 kb	 0.0% Packages/com.unity.ugui/Runtime/EventSystem/InputModules/StandaloneInputModule.cs
 0.1 kb	 0.0% Packages/com.unity.test-framework/UnityEngine.TestRunner/Utils/MonoBehaviourTest/IMonoBehaviourTest.cs
 0.1 kb	 0.0% Packages/com.unity.test-framework/UnityEngine.TestRunner/Utils/IPostBuildCleanup.cs
 0.1 kb	 0.0% Packages/com.unity.test-framework/UnityEngine.TestRunner/TestRunner/TestPlatform.cs
 0.1 kb	 0.0% Packages/com.unity.test-framework/UnityEngine.TestRunner/NUnitExtensions/Commands/TestCommandPcHelper.cs
 0.1 kb	 0.0% Packages/com.unity.test-framework/UnityEngine.TestRunner/NUnitExtensions/Commands/TestActionCommand.cs
 0.1 kb	 0.0% Packages/com.unity.test-framework/UnityEngine.TestRunner/NUnitExtensions/Commands/SetUpTearDownCommand.cs
 0.1 kb	 0.0% Packages/com.unity.test-framework/UnityEngine.TestRunner/NUnitExtensions/Commands/EnumerableTestState.cs
 0.1 kb	 0.0% Packages/com.unity.test-framework/UnityEngine.TestRunner/NUnitExtensions/Attributes/UnityTestAttribute.cs
 0.1 kb	 0.0% Packages/com.unity.test-framework/UnityEngine.TestRunner/NUnitExtensions/Attributes/UnitySetUpAttribute.cs
 0.1 kb	 0.0% Packages/com.unity.services.core/Runtime/Telemetry/Metrics/Metrics.cs
 0.1 kb	 0.0% Packages/com.unity.services.core/Runtime/Device/InstallationId.cs
 0.1 kb	 0.0% Packages/com.unity.services.core/Runtime/Core/RequestFailedException.cs
 0.1 kb	 0.0% Packages/com.unity.services.core/Runtime/Core/Initialization/InitializationOptions.cs
 0.1 kb	 0.0% Packages/com.unity.services.core/Runtime/Core/ExternalUserIdProperty.cs
 0.1 kb	 0.0% Packages/com.unity.services.core/Runtime/Core.Internal/Telemetry/CoreDiagnostics.cs
 0.1 kb	 0.0% Packages/com.unity.services.core/Runtime/Core.Internal/Registry/ServiceRegistry/ServiceRegistry.cs
 0.1 kb	 0.0% Packages/com.unity.services.core/Runtime/Core.Internal/Registry/ServiceRegistry/IServiceRegistry.cs
 0.1 kb	 0.0% Packages/com.unity.services.core/Runtime/Core.Internal/Registry/PackageRegistry/PackageRegistry.cs
 0.1 kb	 0.0% Packages/com.unity.services.core/Runtime/Core.Internal/Registry/PackageRegistry/IPackageRegistry.cs
 0.1 kb	 0.0% Packages/com.unity.services.core/Runtime/Core.Internal/Registry/MissingComponent.cs
 0.1 kb	 0.0% Packages/com.unity.services.core/Runtime/Core.Internal/Registry/HashExceptions.cs
 0.1 kb	 0.0% Packages/com.unity.services.core/Runtime/Core.Internal/Registry/DependencyTree.cs
 0.1 kb	 0.0% Packages/com.unity.services.core/Runtime/Core.Internal/Registry/CoreRegistration.cs
 0.1 kb	 0.0% Packages/com.unity.services.core/Runtime/Core.Internal/AsyncOperation/IAsyncOperation.cs
 0.1 kb	 0.0% Packages/com.unity.services.core/Runtime/Core.Internal/AsyncOperation/AsyncOperation.cs
 0.1 kb	 0.0% Packages/com.unity.services.analytics/Runtime/Runtime/IDebugTools.cs
 0.1 kb	 0.0% Packages/com.unity.services.analytics/Runtime/Runtime/AnalyticsContainer.cs
 0.1 kb	 0.0% Packages/com.unity.services.analytics/Runtime/IAnalyticsService.cs
 0.1 kb	 0.0% Packages/com.unity.services.analytics/Runtime/Events/AdImpression/AdImpressionEvent.cs
 0.1 kb	 0.0% Packages/com.unity.render-pipelines.universal/Runtime/Overrides/Vignette.cs
 0.1 kb	 0.0% Packages/com.unity.render-pipelines.universal/Runtime/Overrides/Bloom.cs
 0.1 kb	 0.0% Packages/com.unity.render-pipelines.universal/Runtime/2D/Light2D.cs
 0.1 kb	 0.0% Packages/com.unity.render-pipelines.universal/Runtime/2D/Clipper.cs
 0.1 kb	 0.0% Packages/com.unity.render-pipelines.core/Runtime/XR/XRView.cs
 0.1 kb	 0.0% Packages/com.unity.render-pipelines.core/Runtime/XR/XRSystem.cs
 0.1 kb	 0.0% Packages/com.unity.render-pipelines.core/Runtime/XR/XRPass.cs
 0.1 kb	 0.0% Packages/com.unity.render-pipelines.core/Runtime/XR/XRLayout.cs
 0.1 kb	 0.0% Packages/com.unity.render-pipelines.core/Runtime/Debugging/DebugUI.Containers.cs
 0.1 kb	 0.0% Packages/com.unity.purchasing/Runtime/Stores/Util/UnityUtil.cs
 0.1 kb	 0.0% Packages/com.unity.purchasing/Runtime/Stores/Util/FileReference.cs
 0.1 kb	 0.0% Packages/com.unity.purchasing/Runtime/Stores/ProductCatalog.cs
 0.1 kb	 0.0% Packages/com.unity.purchasing/Runtime/Stores/FakeStore/IFakeExtensions.cs
 0.1 kb	 0.0% Packages/com.unity.purchasing/Runtime/Stores/FakeStore/DialogRequest.cs
 0.1 kb	 0.0% Packages/com.unity.purchasing/Runtime/Stores/BaseStore/IStoreInternal.cs
 0.1 kb	 0.0% Packages/com.unity.purchasing/Runtime/Stores/AppleAppStore/IAppleExtensions.cs
 0.1 kb	 0.0% Packages/com.unity.purchasing/Runtime/Stores/AppleAppStore/AppleStoreImpl.cs
 0.1 kb	 0.0% Packages/com.unity.purchasing/Runtime/Stores/AppleAppStore/AppleAppStore.cs
 0.1 kb	 0.0% Packages/com.unity.purchasing/Runtime/Stores/Android/UDP/IUDPExtensions.cs
 0.1 kb	 0.0% Packages/com.unity.purchasing/Runtime/Stores/Android/UDP/INativeUDPStore.cs
 0.1 kb	 0.0% Packages/com.unity.purchasing/Runtime/Stores/Android/UDP/FakeUDPExtension.cs
 0.1 kb	 0.0% Packages/com.unity.purchasing/Runtime/Stores/Android/JSONSerializer.cs
 0.1 kb	 0.0% Packages/com.unity.purchasing/Runtime/Stores/Android/IUnityCallback.cs
 0.1 kb	 0.0% Packages/com.unity.purchasing/Runtime/Stores/Android/GooglePlay/GooglePlayStore.cs
 0.1 kb	 0.0% Packages/com.unity.purchasing/Runtime/Stores/Android/Common/AAR/UnityActivity.cs
 0.1 kb	 0.0% Packages/com.unity.purchasing/Runtime/Stores/Android/Common/AAR/ListExtension.cs
 0.1 kb	 0.0% Packages/com.unity.purchasing/Runtime/Stores/Android/AndroidJavaStore.cs
 0.1 kb	 0.0% Packages/com.unity.purchasing/Runtime/Stores/Android/AmazonAppStore/FakeAmazon.cs
 0.1 kb	 0.0% Packages/com.unity.purchasing/Runtime/Purchasing/StoreListenerProxy.cs
 0.1 kb	 0.0% Packages/com.unity.purchasing/Runtime/Purchasing/PurchasingManager.cs
 0.1 kb	 0.0% Packages/com.unity.purchasing/Runtime/Purchasing/PurchasingFactory.cs
 0.1 kb	 0.0% Packages/com.unity.purchasing/Runtime/Purchasing/PurchaseEventArgs.cs
 0.1 kb	 0.0% Packages/com.unity.purchasing/Runtime/Purchasing/ProductDefinition.cs
 0.1 kb	 0.0% Packages/com.unity.purchasing/Runtime/Purchasing/ProductCollection.cs
 0.1 kb	 0.0% Packages/com.unity.purchasing/Runtime/Purchasing/IExtensionProvider.cs
 0.1 kb	 0.0% Packages/com.unity.purchasing/Runtime/Purchasing/Extension/IStoreCallback.cs
 0.1 kb	 0.0% Packages/com.unity.purchasing/Runtime/Purchasing/Extension/ICatalogProvider.cs
 0.1 kb	 0.0% Packages/com.unity.purchasing/Runtime/Purchasing/Extension/AbstractStore.cs
 0.1 kb	 0.0% Packages/com.unity.purchasing/Runtime/Purchasing/ConfigurationBuilder.cs
 0.1 kb	 0.0% Packages/com.unity.purchasing/Runtime/Purchasing/Analytics/Legacy/LegacyUnityAnalytics.cs
 0.1 kb	 0.0% Packages/com.unity.purchasing/Runtime/Purchasing/Analytics/Interfaces/IAnalyticsAdapter.cs
 0.1 kb	 0.0% Packages/com.unity.purchasing/Runtime/Purchasing/Analytics/CoreAnalyticsAdapter.cs
 0.1 kb	 0.0% Packages/com.unity.purchasing/Runtime/Codeless/BaseIAPButton.cs
 0.1 kb	 0.0% Packages/com.unity.purchasing/Runtime/AppleStub/iOSStoreBindings.cs
 0.1 kb	 0.0% Packages/com.unity.inputsystem/InputSystem/Utilities/StringHelpers.cs
 0.1 kb	 0.0% Packages/com.unity.inputsystem/InputSystem/Utilities/SpriteUtilities.cs
 0.1 kb	 0.0% Packages/com.unity.inputsystem/InputSystem/Utilities/PrimitiveValue.cs
 0.1 kb	 0.0% Packages/com.unity.inputsystem/InputSystem/Utilities/PredictiveParser.cs
 0.1 kb	 0.0% Packages/com.unity.inputsystem/InputSystem/Utilities/NumberHelpers.cs
 0.1 kb	 0.0% Packages/com.unity.inputsystem/InputSystem/Utilities/MemoryHelpers.cs
 0.1 kb	 0.0% Packages/com.unity.inputsystem/InputSystem/Utilities/InternedString.cs
 0.1 kb	 0.0% Packages/com.unity.inputsystem/InputSystem/Utilities/ExceptionHelpers.cs
 0.1 kb	 0.0% Packages/com.unity.inputsystem/InputSystem/Utilities/DelegateHelpers.cs
 0.1 kb	 0.0% Packages/com.unity.inputsystem/InputSystem/Plugins/iOS/iOSStepCounter.cs
 0.1 kb	 0.0% Packages/com.unity.inputsystem/InputSystem/Plugins/XR/TrackedPoseDriver.cs
 0.1 kb	 0.0% Packages/com.unity.inputsystem/InputSystem/Plugins/XR/Haptics/BufferedRumble.cs
 0.1 kb	 0.0% Packages/com.unity.inputsystem/InputSystem/Plugins/UI/VirtualMouseInput.cs
 0.1 kb	 0.0% Packages/com.unity.inputsystem/InputSystem/Plugins/UI/INavigationEventData.cs
 0.1 kb	 0.0% Packages/com.unity.inputsystem/InputSystem/Plugins/UI/BaseInputOverride.cs
 0.1 kb	 0.0% Packages/com.unity.inputsystem/InputSystem/Plugins/DualShock/DualShockSupport.cs
 0.1 kb	 0.0% Packages/com.unity.inputsystem/InputSystem/Plugins/DualShock/DualShockGamepad.cs
 0.1 kb	 0.0% Packages/com.unity.inputsystem/InputSystem/Controls/Processors/ScaleProcessor.cs
 0.1 kb	 0.0% Packages/com.unity.inputsystem/InputSystem/Controls/Processors/InvertProcessor.cs
 0.1 kb	 0.0% Packages/com.unity.inputsystem/InputSystem/Controls/Processors/ClampProcessor.cs
 0.1 kb	 0.0% Packages/com.unity.inputsystem/InputSystem/Actions/Interactions/TapInteraction.cs
 0.1 kb	 0.0% Packages/com.unity.inputsystem/InputSystem/Actions/Interactions/PressInteraction.cs
 0.1 kb	 0.0% Packages/com.unity.inputsystem/InputSystem/Actions/Interactions/HoldInteraction.cs
 0.1 kb	 0.0% Packages/com.unity.inputsystem/InputSystem/Actions/InputActionTrace.cs
 0.1 kb	 0.0% Packages/com.unity.inputsystem/InputSystem/Actions/Composites/Vector3Composite.cs
 0.1 kb	 0.0% Packages/com.unity.inputsystem/InputSystem/Actions/Composites/Vector2Composite.cs
 0.1 kb	 0.0% Packages/com.unity.inputsystem/InputSystem/Actions/Composites/AxisComposite.cs
 0.1 kb	 0.0% Packages/com.unity.burst/Runtime/CompilerServices/SkipLocalsInitAttribute.cs
 0.1 kb	 0.0% Packages/com.unity.burst/Runtime/CompilerServices/IgnoreWarningAttribute.cs
 0.1 kb	 0.0% Packages/com.unity.ai.navigation/Runtime/NavMeshModifierVolume.cs
 0.1 kb	 0.0% Packages/com.unity.ads/Runtime/Advertisement/Platform/IPlatform.cs
 0.1 kb	 0.0% Packages/com.unity.ads/Runtime/Advertisement/Platform/INativePlatform.cs
 0.1 kb	 0.0% Packages/com.unity.ads/Runtime/Advertisement/INativeBanner.cs
 0.1 kb	 0.0% Packages/com.unity.ads/Runtime/Advertisement/Configuration.cs
 0.1 kb	 0.0% Packages/com.unity.ads/Runtime/Advertisement/BannerOptions.cs
 0.1 kb	 0.0% Packages/com.unity.ads/Runtime/Advertisement/Advertisement.cs
 0.1 kb	 0.0% Packages/com.unity.timeline/Runtime/Utilities/TimelineCreateUtilities.cs
 0.1 kb	 0.0% Packages/com.unity.timeline/Runtime/Utilities/TimelineClipExtensions.cs
 0.1 kb	 0.0% Packages/com.unity.timeline/Runtime/Utilities/NotificationUtilities.cs
 0.1 kb	 0.0% Packages/com.unity.timeline/Runtime/Playables/PrefabControlPlayable.cs
 0.1 kb	 0.0% Packages/com.unity.timeline/Runtime/Playables/ParticleControlPlayable.cs
 0.1 kb	 0.0% Packages/com.unity.timeline/Runtime/Playables/DirectorControlPlayable.cs
 0.1 kb	 0.0% Packages/com.unity.timeline/Runtime/Events/Signals/CustomSignalEventDrawer.cs
 0.1 kb	 0.0% Packages/com.unity.timeline/Runtime/Attributes/TimelineHelpURLAttribute.cs
 0.1 kb	 0.0% Packages/com.unity.timeline/Runtime/Animation/AnimationPlayableAsset.cs
 0.1 kb	 0.0% Packages/com.unity.timeline/Runtime/Activation/ActivationPlayableAsset.cs
 0.1 kb	 0.0% Packages/com.unity.timeline/Runtime/Activation/ActivationMixerPlayable.cs
 0.1 kb	 0.0% Packages/com.unity.textmeshpro/Scripts/Runtime/TMP_ScrollbarEventHandler.cs
 0.1 kb	 0.0% Packages/com.unity.textmeshpro/Scripts/Runtime/TMP_PackageResourceImporter.cs
 0.1 kb	 0.0% Packages/com.unity.textmeshpro/Scripts/Runtime/TMP_EditorResourceManager.cs
 0.1 kb	 0.0% Packages/com.unity.test-framework/UnityEngine.TestRunner/Utils/StacktraceFilter.cs
 0.1 kb	 0.0% Packages/com.unity.test-framework/UnityEngine.TestRunner/Utils/IPrebuildSceneSetup.cs
 0.1 kb	 0.0% Packages/com.unity.test-framework/UnityEngine.TestRunner/Utils/CoroutineRunner.cs
 0.1 kb	 0.0% Packages/com.unity.test-framework/UnityEngine.TestRunner/Utils/AssemblyProvider/IAssemblyWrapper.cs
 0.1 kb	 0.0% Packages/com.unity.test-framework/UnityEngine.TestRunner/Utils/AssemblyProvider/AssemblyWrapper.cs
 0.1 kb	 0.0% Packages/com.unity.services.core/Runtime/Core.Internal/Components/Telemetry/IMetrics.cs
 0.1 kb	 0.0% Packages/com.unity.services.analytics/Runtime/Runtime/Persistence.cs
 0.1 kb	 0.0% Packages/com.unity.services.analytics/Runtime/Runtime/Dispatcher.cs
 0.1 kb	 0.0% Packages/com.unity.services.analytics/Runtime/Runtime/DiskCache.cs
 0.1 kb	 0.0% Packages/com.unity.render-pipelines.core/Runtime/Volume/VolumeStack.cs
 0.1 kb	 0.0% Packages/com.unity.render-pipelines.core/Runtime/Utilities/TextureCurve.cs
 0.1 kb	 0.0% Packages/com.unity.render-pipelines.core/Runtime/Utilities/MeshGizmo.cs
 0.1 kb	 0.0% Packages/com.unity.render-pipelines.core/Runtime/Utilities/HashFNV1A32.cs
 0.1 kb	 0.0% Packages/com.unity.render-pipelines.core/Runtime/Utilities/HableCurve.cs
 0.1 kb	 0.0% Packages/com.unity.render-pipelines.core/Runtime/Utilities/CoreUtils.cs
 0.1 kb	 0.0% Packages/com.unity.render-pipelines.core/Runtime/Utilities/ColorUtils.cs
 0.1 kb	 0.0% Packages/com.unity.render-pipelines.core/Runtime/Textures/TextureXR.cs
 0.1 kb	 0.0% Packages/com.unity.render-pipelines.core/Runtime/Textures/RTHandles.cs
 0.1 kb	 0.0% Packages/com.unity.render-pipelines.core/Runtime/ShaderLibrary/Sampling/Hammersley.cs
 0.1 kb	 0.0% Packages/com.unity.render-pipelines.core/Runtime/Lighting/ProbeVolume/ProbeVolume.cs
 0.1 kb	 0.0% Packages/com.unity.render-pipelines.core/Runtime/Debugging/Prefabs/Scripts/UIFoldout.cs
 0.1 kb	 0.0% Packages/com.unity.render-pipelines.core/Runtime/Debugging/DebugUpdater.cs
 0.1 kb	 0.0% Packages/com.unity.render-pipelines.core/Runtime/Debugging/DebugUI.Panel.cs
 0.1 kb	 0.0% Packages/com.unity.render-pipelines.core/Runtime/Debugging/DebugUI.Fields.cs
 0.1 kb	 0.0% Packages/com.unity.render-pipelines.core/Runtime/Debugging/DebugShapes.cs
 0.1 kb	 0.0% Packages/com.unity.render-pipelines.core/Runtime/Debugging/DebugManager.cs
 0.1 kb	 0.0% Packages/com.unity.render-pipelines.core/Runtime/Common/XRGraphics.cs
 0.1 kb	 0.0% Packages/com.unity.render-pipelines.core/Runtime/Camera/FreeCamera.cs
 0.1 kb	 0.0% Packages/com.unity.purchasing/Runtime/Purchasing/Utilites/ILoggerExtensions.cs
 0.1 kb	 0.0% Packages/com.unity.mathematics/Unity.Mathematics/PropertyAttributes.cs
 0.1 kb	 0.0% Packages/com.unity.inputsystem/InputSystem/State/InputStateBlock.cs
 0.1 kb	 0.0% Packages/com.unity.inputsystem/InputSystem/Plugins/iOS/iOSPostProcessBuild.cs
 0.1 kb	 0.0% Packages/com.unity.inputsystem/InputSystem/Plugins/XInput/XInputSupport.cs
 0.1 kb	 0.0% Packages/com.unity.inputsystem/InputSystem/Plugins/XInput/XInputController.cs
 0.1 kb	 0.0% Packages/com.unity.inputsystem/InputSystem/Plugins/XInput/IXboxOneRumble.cs
 0.1 kb	 0.0% Packages/com.unity.inputsystem/InputSystem/Plugins/WebGL/WebGLJoystick.cs
 0.1 kb	 0.0% Packages/com.unity.inputsystem/InputSystem/Plugins/UnityRemote/UnityRemoteSupport.cs
 0.1 kb	 0.0% Packages/com.unity.inputsystem/InputSystem/Plugins/Switch/SwitchSupportHID.cs
 0.1 kb	 0.0% Packages/com.unity.inputsystem/InputSystem/Plugins/PlayerInput/PlayerInputManager.cs
 0.1 kb	 0.0% Packages/com.unity.inputsystem/InputSystem/Plugins/PlayerInput/DefaultInputActions.cs
 0.1 kb	 0.0% Packages/com.unity.inputsystem/InputSystem/Plugins/OnScreen/OnScreenSupport.cs
 0.1 kb	 0.0% Packages/com.unity.inputsystem/InputSystem/Plugins/OnScreen/OnScreenStick.cs
 0.1 kb	 0.0% Packages/com.unity.inputsystem/InputSystem/Plugins/OnScreen/OnScreenControl.cs
 0.1 kb	 0.0% Packages/com.unity.inputsystem/InputSystem/Plugins/OnScreen/OnScreenButton.cs
 0.1 kb	 0.0% Packages/com.unity.inputsystem/InputSystem/Plugins/Linux/SDLDeviceBuilder.cs
 0.1 kb	 0.0% Packages/com.unity.inputsystem/InputSystem/Plugins/EnhancedTouch/TouchHistory.cs
 0.1 kb	 0.0% Packages/com.unity.inputsystem/InputSystem/Plugins/Android/AndroidSupport.cs
 0.1 kb	 0.0% Packages/com.unity.inputsystem/InputSystem/InputSystemObject.cs
 0.1 kb	 0.0% Packages/com.unity.inputsystem/InputSystem/InputManagerStateMonitors.cs
 0.1 kb	 0.0% Packages/com.unity.inputsystem/InputSystem/InputFeatureNames.cs
 0.1 kb	 0.0% Packages/com.unity.inputsystem/InputSystem/IInputRuntime.cs
 0.1 kb	 0.0% Packages/com.unity.inputsystem/InputSystem/IInputDiagnostics.cs
 0.1 kb	 0.0% Packages/com.unity.inputsystem/InputSystem/Events/InputEventTrace.cs
 0.1 kb	 0.0% Packages/com.unity.inputsystem/InputSystem/Events/InputEventStream.cs
 0.1 kb	 0.0% Packages/com.unity.inputsystem/InputSystem/Events/InputEventPtr.cs
 0.1 kb	 0.0% Packages/com.unity.inputsystem/InputSystem/Events/InputEventBuffer.cs
 0.1 kb	 0.0% Packages/com.unity.inputsystem/InputSystem/Events/DeviceResetEvent.cs
 0.1 kb	 0.0% Packages/com.unity.inputsystem/InputSystem/Events/DeltaStateEvent.cs
 0.1 kb	 0.0% Packages/com.unity.inputsystem/InputSystem/Editor/UITKAssetEditor/Views/PropertiesView.cs
 0.1 kb	 0.0% Packages/com.unity.inputsystem/InputSystem/Editor/UITKAssetEditor/Views/DropManipulator.cs
 0.1 kb	 0.0% Packages/com.unity.inputsystem/InputSystem/Editor/UITKAssetEditor/Views/CopyPasteHelper.cs
 0.1 kb	 0.0% Packages/com.unity.inputsystem/InputSystem/Editor/UITKAssetEditor/Views/ActionsTreeView.cs
 0.1 kb	 0.0% Packages/com.unity.inputsystem/InputSystem/Editor/UITKAssetEditor/Views/ActionMapsView.cs
 0.1 kb	 0.0% Packages/com.unity.inputsystem/InputSystem/Editor/UITKAssetEditor/StateContainer.cs
 0.1 kb	 0.0% Packages/com.unity.inputsystem/InputSystem/Editor/UITKAssetEditor/ExpressionUtils.cs
 0.1 kb	 0.0% Packages/com.unity.inputsystem/InputSystem/Editor/Internal/TreeViewHelpers.cs
 0.1 kb	 0.0% Packages/com.unity.inputsystem/InputSystem/Editor/Internal/InputStateWindow.cs
 0.1 kb	 0.0% Packages/com.unity.inputsystem/InputSystem/Editor/Internal/EditorHelpers.cs
 0.1 kb	 0.0% Packages/com.unity.inputsystem/InputSystem/Editor/Internal/AdvancedDropdown/AdvancedDropdown.cs
 0.1 kb	 0.0% Packages/com.unity.inputsystem/InputSystem/Editor/InputDiagnostics.cs
 0.1 kb	 0.0% Packages/com.unity.inputsystem/InputSystem/Devices/Haptics/IDualMotorRumble.cs
 0.1 kb	 0.0% Packages/com.unity.inputsystem/InputSystem/Devices/Haptics/DualMotorRumble.cs
 0.1 kb	 0.0% Packages/com.unity.inputsystem/InputSystem/Controls/Vector3Control.cs
 0.1 kb	 0.0% Packages/com.unity.inputsystem/InputSystem/Controls/Vector2Control.cs
 0.1 kb	 0.0% Packages/com.unity.inputsystem/InputSystem/Controls/IntegerControl.cs
 0.1 kb	 0.0% Packages/com.unity.inputsystem/InputSystem/Controls/DoubleControl.cs
 0.1 kb	 0.0% Packages/com.unity.inputsystem/InputSystem/Controls/ButtonControl.cs
 0.1 kb	 0.0% Packages/com.unity.inputsystem/InputSystem/Controls/AnyKeyControl.cs
 0.1 kb	 0.0% Packages/com.unity.inputsystem/InputSystem/Actions/InputControlScheme.cs
 0.1 kb	 0.0% Packages/com.unity.inputsystem/InputSystem/Actions/InputBindingResolver.cs
 0.1 kb	 0.0% Packages/com.unity.inputsystem/InputSystem/Actions/InputActionReference.cs
 0.1 kb	 0.0% Packages/com.unity.inputsystem/InputSystem/Actions/InputActionProperty.cs
 0.1 kb	 0.0% Packages/com.unity.inputsystem/InputSystem/Actions/IInputInteraction.cs
 0.1 kb	 0.0% Packages/com.unity.ugui/Runtime/UI/Core/Utility/ReflectionMethodsCache.cs
 0.1 kb	 0.0% Packages/com.unity.ugui/Runtime/UI/Core/MultipleDisplayUtilities.cs
 0.1 kb	 0.0% Packages/com.unity.ugui/Runtime/UI/Core/Layout/HorizontalLayoutGroup.cs
 0.1 kb	 0.0% Packages/com.unity.ugui/Runtime/UI/Core/IGraphicEnabledDisabled.cs
 0.1 kb	 0.0% Packages/com.unity.ugui/Runtime/UI/Core/GraphicRebuildTracker.cs
 0.1 kb	 0.0% Packages/com.unity.ugui/Runtime/UI/Core/Culling/RectangularVertexClipper.cs
 0.1 kb	 0.0% Packages/com.unity.ugui/Runtime/EventSystem/UIElements/PanelEventHandler.cs
 0.1 kb	 0.0% Packages/com.unity.ugui/Runtime/EventSystem/Raycasters/Physics2DRaycaster.cs
 0.1 kb	 0.0% Packages/com.unity.ugui/Runtime/EventSystem/InputModules/PointerInputModule.cs
 0.1 kb	 0.0% Packages/com.unity.timeline/Runtime/TimelineAttributes.cs
 0.1 kb	 0.0% Packages/com.unity.timeline/Runtime/Playables/BasicScriptPlayable.cs
 0.1 kb	 0.0% Packages/com.unity.test-framework/UnityEngine.TestRunner/Utils/ITestRunCallback.cs
 0.1 kb	 0.0% Packages/com.unity.test-framework/UnityEngine.TestRunner/Utils/AttributeHelper.cs
 0.1 kb	 0.0% Packages/com.unity.test-framework/UnityEngine.TestRunner/NUnitExtensions/Attributes/TestEnumerator.cs
 0.1 kb	 0.0% Packages/com.unity.test-framework/UnityEngine.TestRunner/Assertions/LogScope/ILogScope.cs
 0.1 kb	 0.0% Packages/com.unity.services.core/Runtime/Core/UnityServicesBuilder.cs
 0.1 kb	 0.0% Packages/com.unity.services.core/Runtime/Core.Internal/Telemetry/CoreMetrics.cs
 0.1 kb	 0.0% Packages/com.unity.services.core/Runtime/Core.Internal/Registry/CoreRegistry.cs
 0.1 kb	 0.0% Packages/com.unity.services.core/Runtime/Core.Internal/Logging/CoreLogger.cs
 0.1 kb	 0.0% Packages/com.unity.services.core/Runtime/Core.Internal/Components/Wire/ChannelToken.cs
 0.1 kb	 0.0% Packages/com.unity.services.core/Runtime/Core.Internal/Components/Qos/IQosResults.cs
 0.1 kb	 0.0% Packages/com.unity.services.analytics/Runtime/StdGenerator.cs
 0.1 kb	 0.0% Packages/com.unity.services.analytics/Runtime/Runtime/Ua2CoreInitializeCallback.cs
 0.1 kb	 0.0% Packages/com.unity.services.analytics/Runtime/Runtime/Consent/CoreStatsHelper.cs
 0.1 kb	 0.0% Packages/com.unity.services.analytics/Runtime/Events/Transaction/TransactionEvent.cs
 0.1 kb	 0.0% Packages/com.unity.services.analytics/Runtime/AnalyticsService.cs
 0.1 kb	 0.0% Packages/com.unity.render-pipelines.universal/Editor/ShaderGUI/MaterialAssemblyReference/RawRenderQueue.cs
 0.1 kb	 0.0% Packages/com.unity.render-pipelines.core/ShaderLibrary/DummyShaderLibrary.cs
 0.1 kb	 0.0% Packages/com.unity.render-pipelines.core/Runtime/Utilities/BitArray.cs
 0.1 kb	 0.0% Packages/com.unity.render-pipelines.core/Runtime/Inputs/InputRegistering.cs
 0.1 kb	 0.0% Packages/com.unity.purchasing/Runtime/WinRTStub/Factory.cs
 0.1 kb	 0.0% Packages/com.unity.purchasing/Runtime/Stores/WindowsStore/WindowsStore.cs
 0.1 kb	 0.0% Packages/com.unity.purchasing/Runtime/Stores/WindowsStore/WinRTStore.cs
 0.1 kb	 0.0% Packages/com.unity.purchasing/Runtime/Stores/Networking/QueryHelper.cs
 0.1 kb	 0.0% Packages/com.unity.purchasing/Runtime/Stores/FakeStore/UIFakeStore.cs
 0.1 kb	 0.0% Packages/com.unity.purchasing/Runtime/Stores/FakeStore/FakeStore.cs
 0.1 kb	 0.0% Packages/com.unity.purchasing/Runtime/Stores/BaseStore/JSONStore.cs
 0.1 kb	 0.0% Packages/com.unity.purchasing/Runtime/Stores/AppleAppStore/MacAppStore.cs
 0.1 kb	 0.0% Packages/com.unity.purchasing/Runtime/Stores/Android/UDP/UDPBindings.cs
 0.1 kb	 0.0% Packages/com.unity.purchasing/Runtime/Stores/Android/JavaBridge.cs
 0.1 kb	 0.0% Packages/com.unity.purchasing/Runtime/Stores/Android/GooglePlay/GooglePlay.cs
 0.1 kb	 0.0% Packages/com.unity.purchasing/Runtime/Stores/Android/AmazonAppStore/AmazonApps.cs
 0.1 kb	 0.0% Packages/com.unity.purchasing/Runtime/Purchasing/UnityPurchasing.cs
 0.1 kb	 0.0% Packages/com.unity.purchasing/Runtime/Purchasing/UnifiedReceipt.cs
 0.1 kb	 0.0% Packages/com.unity.purchasing/Runtime/Purchasing/TransactionLog.cs
 0.1 kb	 0.0% Packages/com.unity.purchasing/Runtime/Purchasing/ProductMetadata.cs
 0.1 kb	 0.0% Packages/com.unity.purchasing/Runtime/Purchasing/PayoutDefinition.cs
 0.1 kb	 0.0% Packages/com.unity.purchasing/Runtime/Purchasing/IStoreListener.cs
 0.1 kb	 0.0% Packages/com.unity.purchasing/Runtime/Purchasing/IStoreController.cs
 0.1 kb	 0.0% Packages/com.unity.purchasing/Runtime/Purchasing/Extension/IStoreExtension.cs
 0.1 kb	 0.0% Packages/com.unity.purchasing/Runtime/Purchasing/Analytics/Models/GoogleReceipt.cs
 0.1 kb	 0.0% Packages/com.unity.purchasing/Runtime/Purchasing/Analytics/Interfaces/IAnalyticsClient.cs
 0.1 kb	 0.0% Packages/com.unity.purchasing/Runtime/Purchasing/Analytics/AnalyticsClient.cs
 0.1 kb	 0.0% Packages/com.unity.purchasing/Runtime/Codeless/IAPListener.cs
 0.1 kb	 0.0% Packages/com.unity.purchasing/Runtime/Codeless/IAPButton.cs
 0.1 kb	 0.0% Packages/com.unity.inputsystem/InputSystem/Utilities/TypeTable.cs
 0.1 kb	 0.0% Packages/com.unity.inputsystem/InputSystem/Utilities/TypeHelpers.cs
 0.1 kb	 0.0% Packages/com.unity.inputsystem/InputSystem/Utilities/Substring.cs
 0.1 kb	 0.0% Packages/com.unity.inputsystem/InputSystem/Utilities/SavedState.cs
 0.1 kb	 0.0% Packages/com.unity.inputsystem/InputSystem/Utilities/Observables/Observable.cs
 0.1 kb	 0.0% Packages/com.unity.inputsystem/InputSystem/Utilities/NamedValue.cs
 0.1 kb	 0.0% Packages/com.unity.inputsystem/InputSystem/Utilities/MiscHelpers.cs
 0.1 kb	 0.0% Packages/com.unity.inputsystem/InputSystem/Utilities/JsonParser.cs
 0.1 kb	 0.0% Packages/com.unity.inputsystem/InputSystem/Utilities/ArrayHelpers.cs
 0.1 kb	 0.0% Packages/com.unity.inputsystem/InputSystem/Plugins/iOS/InputSettingsiOS.cs
 0.1 kb	 0.0% Packages/com.unity.inputsystem/InputSystem/Plugins/XR/XRLayoutBuilder.cs
 0.1 kb	 0.0% Packages/com.unity.inputsystem/InputSystem/Plugins/UI/NavigationModel.cs
 0.1 kb	 0.0% Packages/com.unity.inputsystem/InputSystem/InputUpdateType.cs
 0.1 kb	 0.0% Packages/com.unity.burst/Runtime/CompilerServices/AssumeRangeAttribute.cs
 0.1 kb	 0.0% Packages/com.unity.ads/Runtime/Advertisement/Utilities/Color.cs
 0.1 kb	 0.0% Packages/com.unity.ads/Runtime/Advertisement/ShowOptions.cs
 0.1 kb	 0.0% Packages/com.unity.ads/Runtime/Advertisement/Platform/Platform.cs
 0.1 kb	 0.0% Packages/com.unity.ads/Runtime/Advertisement/Platform/Editor/Placeholder.cs
 0.1 kb	 0.0% Packages/com.unity.ugui/Runtime/UI/Animation/CoroutineTween.cs
 0.1 kb	 0.0% Packages/com.unity.ugui/Runtime/EventSystem/EventInterfaces.cs
 0.1 kb	 0.0% Packages/com.unity.timeline/Runtime/Utilities/IPropertyCollector.cs
 0.1 kb	 0.0% Packages/com.unity.timeline/Runtime/Utilities/AnimatorBindingCache.cs
 0.1 kb	 0.0% Packages/com.unity.timeline/Runtime/Playables/TimeControlPlayable.cs
 0.1 kb	 0.0% Packages/com.unity.timeline/Runtime/Evaluation/ScheduleRuntimeClip.cs
 0.1 kb	 0.0% Packages/com.unity.timeline/Runtime/Evaluation/InfiniteRuntimeClip.cs
 0.1 kb	 0.0% Packages/com.unity.timeline/Runtime/Control/ControlPlayableAsset.cs
 0.1 kb	 0.0% Packages/com.unity.timeline/Runtime/Audio/AudioPlayableAsset.cs
 0.1 kb	 0.0% Packages/com.unity.timeline/Runtime/Audio/AudioMixerProperties.cs
 0.1 kb	 0.0% Packages/com.unity.timeline/Runtime/Audio/AudioClipProperties.cs
 0.1 kb	 0.0% Packages/com.unity.timeline/Runtime/Attributes/TrackColorAttribute.cs
 0.1 kb	 0.0% Packages/com.unity.textmeshpro/Scripts/Runtime/TMPro_ExtensionMethods.cs
 0.1 kb	 0.0% Packages/com.unity.textmeshpro/Scripts/Runtime/TMP_TextParsingUtilities.cs
 0.1 kb	 0.0% Packages/com.unity.textmeshpro/Scripts/Runtime/TMP_TextElement_Legacy.cs
 0.1 kb	 0.0% Packages/com.unity.textmeshpro/Scripts/Runtime/TMP_FontAssetUtilities.cs
 0.1 kb	 0.0% Packages/com.unity.textmeshpro/Scripts/Runtime/MaterialReferenceManager.cs
 0.1 kb	 0.0% Packages/com.unity.services.core/Runtime/Core.Internal/Components/Vivox/IVivox.cs
 0.1 kb	 0.0% Packages/com.unity.services.analytics/Runtime/Runtime/BufferX.cs
 0.1 kb	 0.0% Packages/com.unity.services.analytics/Runtime/Runtime/Buffer.cs
 0.1 kb	 0.0% Packages/com.unity.services.analytics/Runtime/Platform/Locale.cs
 0.1 kb	 0.0% Packages/com.unity.render-pipelines.core/Runtime/Volume/Volume.cs
 0.1 kb	 0.0% Packages/com.unity.render-pipelines.core/Runtime/Volume/IVolume.cs
 0.1 kb	 0.0% Packages/com.unity.render-pipelines.core/Runtime/Utilities/XRUtils.cs
 0.1 kb	 0.0% Packages/com.unity.render-pipelines.core/Runtime/Utilities/FSRUtils.cs
 0.1 kb	 0.0% Packages/com.unity.render-pipelines.core/Runtime/Utilities/Blitter.cs
 0.1 kb	 0.0% Packages/com.unity.render-pipelines.core/Runtime/Textures/RTHandle.cs
 0.1 kb	 0.0% Packages/com.unity.render-pipelines.core/Runtime/Debugging/DebugUI.cs
 0.1 kb	 0.0% Packages/com.unity.inputsystem/InputSystem/Utilities/DynamicBitfield.cs
 0.1 kb	 0.0% Packages/com.unity.inputsystem/InputSystem/State/InputState.cs
 0.1 kb	 0.0% Packages/com.unity.inputsystem/InputSystem/Plugins/WebGL/WebGLSupport.cs
 0.1 kb	 0.0% Packages/com.unity.inputsystem/InputSystem/Plugins/WebGL/WebGLGamepad.cs
 0.1 kb	 0.0% Packages/com.unity.inputsystem/InputSystem/Plugins/Users/InputUser.cs
 0.1 kb	 0.0% Packages/com.unity.inputsystem/InputSystem/Plugins/Linux/LinuxSupport.cs
 0.1 kb	 0.0% Packages/com.unity.inputsystem/InputSystem/Plugins/EnhancedTouch/Touch.cs
 0.1 kb	 0.0% Packages/com.unity.inputsystem/InputSystem/Plugins/EnhancedTouch/Finger.cs
 0.1 kb	 0.0% Packages/com.unity.inputsystem/InputSystem/InputSettings.cs
 0.1 kb	 0.0% Packages/com.unity.inputsystem/InputSystem/InputMetrics.cs
 0.1 kb	 0.0% Packages/com.unity.inputsystem/InputSystem/InputExtensions.cs
 0.1 kb	 0.0% Packages/com.unity.inputsystem/InputSystem/InputAnalytics.cs
 0.1 kb	 0.0% Packages/com.unity.inputsystem/InputSystem/Events/TextEvent.cs
 0.1 kb	 0.0% Packages/com.unity.inputsystem/InputSystem/Events/StateEvent.cs
 0.1 kb	 0.0% Packages/com.unity.inputsystem/InputSystem/Events/InputEvent.cs
 0.1 kb	 0.0% Packages/com.unity.inputsystem/InputSystem/Events/ActionEvent.cs
 0.1 kb	 0.0% Packages/com.unity.inputsystem/InputSystem/Editor/UITKAssetEditor/Views/Selectors.cs
 0.1 kb	 0.0% Packages/com.unity.inputsystem/InputSystem/Editor/UITKAssetEditor/Views/ContextMenu.cs
 0.1 kb	 0.0% Packages/com.unity.inputsystem/InputSystem/Editor/Internal/GUIHelpers.cs
 0.1 kb	 0.0% Packages/com.unity.inputsystem/InputSystem/Devices/TrackedDevice.cs
 0.1 kb	 0.0% Packages/com.unity.inputsystem/InputSystem/Devices/Remote/InputRemoting.cs
 0.1 kb	 0.0% Packages/com.unity.inputsystem/InputSystem/Devices/Precompiled/FastTouchscreen.cs
 0.1 kb	 0.0% Packages/com.unity.inputsystem/InputSystem/Devices/Precompiled/FastMouse.partial.cs
 0.1 kb	 0.0% Packages/com.unity.inputsystem/InputSystem/Devices/IEventMerger.cs
 0.1 kb	 0.0% Packages/com.unity.inputsystem/InputSystem/Controls/TouchControl.cs
 0.1 kb	 0.0% Packages/com.unity.inputsystem/InputSystem/Controls/StickControl.cs
 0.1 kb	 0.0% Packages/com.unity.inputsystem/InputSystem/Controls/KeyControl.cs
 0.1 kb	 0.0% Packages/com.unity.inputsystem/InputSystem/Controls/InputProcessor.cs
 0.1 kb	 0.0% Packages/com.unity.inputsystem/InputSystem/Controls/InputControlPath.cs
 0.1 kb	 0.0% Packages/com.unity.inputsystem/InputSystem/Controls/DpadControl.cs
 0.1 kb	 0.0% Packages/com.unity.inputsystem/InputSystem/Controls/DeltaControl.cs
 0.1 kb	 0.0% Packages/com.unity.inputsystem/InputSystem/Controls/AxisControl.cs
 0.1 kb	 0.0% Packages/com.unity.inputsystem/InputSystem/Actions/InputActionState.cs
 0.1 kb	 0.0% Packages/com.unity.inputsystem/InputSystem/Actions/InputActionMap.cs
 0.1 kb	 0.0% Packages/com.unity.inputsystem/InputSystem/Actions/InputActionAsset.cs
 0.1 kb	 0.0% Packages/com.unity.analytics/DataPrivacy/DataPrivacy.cs
 0.1 kb	 0.0% Packages/com.unity.ads/Runtime/Advertisement/Utilities/MiniJSON.cs
 0.1 kb	 0.0% Assets/_Project/Scripts/Missions/MissionStateMachine.cs
 0.1 kb	 0.0% Assets/_Project/Scripts/Dialogue/DialogueController.cs
 0.1 kb	 0.0% Packages/com.unity.ugui/Runtime/UI/Core/SetPropertyUtility.cs
 0.1 kb	 0.0% Packages/com.unity.ugui/Runtime/UI/Core/MaterialModifiers/IMaterialModifier.cs
 0.1 kb	 0.0% Packages/com.unity.ugui/Runtime/UI/Core/Layout/VerticalLayoutGroup.cs
 0.1 kb	 0.0% Packages/com.unity.ugui/Runtime/UI/Core/Layout/ContentSizeFitter.cs
 0.1 kb	 0.0% Packages/com.unity.ugui/Runtime/UI/Core/Layout/AspectRatioFitter.cs
 0.1 kb	 0.0% Packages/com.unity.ugui/Runtime/UI/Core/FontUpdateTracker.cs
 0.1 kb	 0.0% Packages/com.unity.ugui/Runtime/UI/Core/CanvasUpdateRegistry.cs
 0.1 kb	 0.0% Packages/com.unity.ugui/Runtime/UI/Core/AnimationTriggers.cs
 0.1 kb	 0.0% Packages/com.unity.ugui/Runtime/EventSystem/UIElements/PanelRaycaster.cs
 0.1 kb	 0.0% Packages/com.unity.ugui/Runtime/EventSystem/Raycasters/PhysicsRaycaster.cs
 0.1 kb	 0.0% Packages/com.unity.ugui/Runtime/EventSystem/Raycasters/BaseRaycaster.cs
 0.1 kb	 0.0% Packages/com.unity.ugui/Runtime/EventSystem/RaycasterManager.cs
 0.1 kb	 0.0% Packages/com.unity.ugui/Runtime/EventSystem/RaycastResult.cs
 0.1 kb	 0.0% Packages/com.unity.ugui/Runtime/EventSystem/InputModules/TouchInputModule.cs
 0.1 kb	 0.0% Packages/com.unity.ugui/Runtime/EventSystem/InputModules/BaseInputModule.cs
 0.1 kb	 0.0% Packages/com.unity.ugui/Runtime/EventSystem/ExecuteEvents.cs
 0.1 kb	 0.0% Packages/com.unity.ugui/Runtime/EventSystem/EventData/PointerEventData.cs
 0.1 kb	 0.0% Packages/com.unity.ugui/Runtime/EventSystem/EventData/BaseEventData.cs
 0.1 kb	 0.0% Packages/com.unity.ugui/Runtime/EventSystem/EventData/AxisEventData.cs
 0.1 kb	 0.0% Packages/com.unity.timeline/Runtime/Extensions/TrackExtensions.cs
 0.1 kb	 0.0% Packages/com.unity.timeline/Runtime/ClipCaps.cs
 0.1 kb	 0.0% Packages/com.unity.textmeshpro/Scripts/Runtime/TMP_TextProcessingStack.cs
 0.1 kb	 0.0% Packages/com.unity.textmeshpro/Scripts/Runtime/TMP_FontFeaturesCommon.cs
 0.1 kb	 0.0% Packages/com.unity.test-framework/UnityEngine.TestRunner/Assertions/LogScope/LogScope.cs
 0.1 kb	 0.0% Packages/com.unity.test-framework/UnityEngine.TestRunner/Assertions/LogScope/LogMatch.cs
 0.1 kb	 0.0% Packages/com.unity.test-framework/UnityEngine.TestRunner/Assertions/LogScope/LogEvent.cs
 0.1 kb	 0.0% Packages/com.unity.test-framework/UnityEngine.TestRunner/Assertions/LogAssert.cs
 0.1 kb	 0.0% Packages/com.unity.services.core/Runtime/Core/Utils/UnityThreadUtils.cs
 0.1 kb	 0.0% Packages/com.unity.services.core/Runtime/Core/UnityServices.cs
 0.1 kb	 0.0% Packages/com.unity.services.core/Runtime/Core/IUnityServices.cs
 0.1 kb	 0.0% Packages/com.unity.services.core/Runtime/Core/CommonErrorCodes.cs
 0.1 kb	 0.0% Packages/com.unity.services.core/Runtime/Core.Internal/Components/Wire/IWire.cs
 0.1 kb	 0.0% Packages/com.unity.services.core/Runtime/Core.Internal/Components/Wire/IChannel.cs
 0.1 kb	 0.0% Packages/com.unity.services.analytics/Runtime/SdkVersion.cs
 0.1 kb	 0.0% Packages/com.unity.services.analytics/Runtime/Events/CustomEvent.cs
 0.1 kb	 0.0% Packages/com.unity.render-pipelines.core/Runtime/Lights/LightAnchor.cs
 0.1 kb	 0.0% Packages/com.unity.purchasing/Runtime/Stores/Android/UDP/UDPImpl.cs
 0.1 kb	 0.0% Packages/com.unity.purchasing/Runtime/Purchasing/Extension/IStore.cs
 0.1 kb	 0.0% Packages/com.unity.mathematics/Unity.Mathematics/rigid_transform.cs
 0.1 kb	 0.0% Packages/com.unity.mathematics/Unity.Mathematics/math_unity_conversion.cs
 0.1 kb	 0.0% Packages/com.unity.mathematics/Unity.Mathematics/Geometry/MinMaxAABB.cs
 0.1 kb	 0.0% Packages/com.unity.inputsystem/InputSystem/Utilities/FourCC.cs
 0.1 kb	 0.0% Packages/com.unity.inputsystem/InputSystem/Plugins/iOS/iOSSupport.cs
 0.1 kb	 0.0% Packages/com.unity.inputsystem/InputSystem/Plugins/XR/XRSupport.cs
 0.1 kb	 0.0% Packages/com.unity.inputsystem/InputSystem/Plugins/XR/GenericXRDevice.cs
 0.1 kb	 0.0% Packages/com.unity.inputsystem/InputSystem/Plugins/XR/Devices/WindowsMR.cs
 0.1 kb	 0.0% Packages/com.unity.inputsystem/InputSystem/Plugins/XR/Controls/PoseControl.cs
 0.1 kb	 0.0% Packages/com.unity.inputsystem/InputSystem/Plugins/UI/PointerModel.cs
 0.1 kb	 0.0% Packages/com.unity.inputsystem/InputSystem/Plugins/OSX/OSXSupport.cs
 0.1 kb	 0.0% Packages/com.unity.inputsystem/InputSystem/Plugins/HID/HIDSupport.cs
 0.1 kb	 0.0% Packages/com.unity.inputsystem/InputSystem/Plugins/HID/HIDParser.cs
 0.1 kb	 0.0% Packages/com.unity.burst/Runtime/SafeStringArrayHelper.cs
 0.1 kb	 0.0% Packages/com.unity.burst/Runtime/Editor/BurstEditorOptions.cs
 0.1 kb	 0.0% Packages/com.unity.burst/Runtime/Editor/BurstCompileTarget.cs
 0.1 kb	 0.0% Packages/com.unity.burst/Runtime/Editor/BurstAssemblyDisable.cs
 0.1 kb	 0.0% Packages/com.unity.burst/Runtime/BurstCompileAttribute.cs
 0.1 kb	 0.0% Packages/com.unity.ai.navigation/Runtime/NavMeshSurface.cs
 0.1 kb	 0.0% Packages/com.unity.ai.navigation/Runtime/NavMeshModifier.cs
 0.1 kb	 0.0% Packages/com.unity.ads/Runtime/Advertisement/MetaData.cs
 0.1 kb	 0.0% Packages/com.unity.ads/Runtime/Advertisement/IBanner.cs
 0.1 kb	 0.0% Packages/com.unity.ads/Runtime/Advertisement/Banner.cs
 0.1 kb	 0.0% Assets/_Project/Scripts/Core/PlayerInputProvider.cs
 0.1 kb	 0.0% Packages/com.unity.timeline/Runtime/Utilities/WeightUtility.cs
 0.1 kb	 0.0% Packages/com.unity.timeline/Runtime/Utilities/IPropertyPreview.cs
 0.1 kb	 0.0% Packages/com.unity.timeline/Runtime/Utilities/Extrapolation.cs
 0.1 kb	 0.0% Packages/com.unity.timeline/Runtime/TimelinePlayable.cs
 0.1 kb	 0.0% Packages/com.unity.timeline/Runtime/TimelineAsset.cs
 0.1 kb	 0.0% Packages/com.unity.timeline/Runtime/Scripting/PlayableTrack.cs
 0.1 kb	 0.0% Packages/com.unity.timeline/Runtime/Events/Signals/SignalReceiver.cs
 0.1 kb	 0.0% Packages/com.unity.timeline/Runtime/Events/Signals/SignalEmitter.cs
 0.1 kb	 0.0% Packages/com.unity.timeline/Runtime/Evaluation/RuntimeElement.cs
 0.1 kb	 0.0% Packages/com.unity.timeline/Runtime/Evaluation/RuntimeClipBase.cs
 0.1 kb	 0.0% Packages/com.unity.timeline/Runtime/Animation/AnimationTrack.cs
 0.1 kb	 0.0% Packages/com.unity.timeline/Runtime/Activation/ActivationTrack.cs
 0.1 kb	 0.0% Packages/com.unity.textmeshpro/Scripts/Runtime/TMPro_EventManager.cs
 0.1 kb	 0.0% Packages/com.unity.textmeshpro/Scripts/Runtime/TMP_UpdateRegistery.cs
 0.1 kb	 0.0% Packages/com.unity.textmeshpro/Scripts/Runtime/TMP_UpdateManager.cs
 0.1 kb	 0.0% Packages/com.unity.textmeshpro/Scripts/Runtime/TMP_TextUtilities.cs
 0.1 kb	 0.0% Packages/com.unity.textmeshpro/Scripts/Runtime/TMP_SpriteCharacter.cs
 0.1 kb	 0.0% Packages/com.unity.textmeshpro/Scripts/Runtime/TMP_SpriteAnimator.cs
 0.1 kb	 0.0% Packages/com.unity.textmeshpro/Scripts/Runtime/TMP_SelectionCaret.cs
 0.1 kb	 0.0% Packages/com.unity.textmeshpro/Scripts/Runtime/TMP_ResourcesManager.cs
 0.1 kb	 0.0% Packages/com.unity.textmeshpro/Scripts/Runtime/TMP_MaterialManager.cs
 0.1 kb	 0.0% Packages/com.unity.textmeshpro/Scripts/Runtime/TMP_InputValidator.cs
 0.1 kb	 0.0% Packages/com.unity.textmeshpro/Scripts/Runtime/TMP_FontFeatureTable.cs
 0.1 kb	 0.0% Packages/com.unity.textmeshpro/Scripts/Runtime/TMP_DefaultControls.cs
 0.1 kb	 0.0% Packages/com.unity.textmeshpro/Scripts/Runtime/TMP_Compatibility.cs
 0.1 kb	 0.0% Packages/com.unity.textmeshpro/Scripts/Runtime/TMP_ColorGradient.cs
 0.1 kb	 0.0% Packages/com.unity.textmeshpro/Scripts/Runtime/TMP_CharacterInfo.cs
 0.1 kb	 0.0% Packages/com.unity.textmeshpro/Scripts/Runtime/ITextPreProcessor.cs
 0.1 kb	 0.0% Packages/com.unity.test-framework/UnityEngine.TestRunner/Utils/Utils.cs
 0.1 kb	 0.0% Packages/com.unity.test-framework/UnityEngine.TestRunner/Assertions/Is.cs
 0.1 kb	 0.0% Packages/com.unity.purchasing/Runtime/Common/VersionCheck.cs
 0.1 kb	 0.0% Packages/com.unity.purchasing/Runtime/Common/INativeStore.cs
 0.1 kb	 0.0% Packages/com.unity.mathematics/Unity.Mathematics/double4x4.gen.cs
 0.1 kb	 0.0% Packages/com.unity.mathematics/Unity.Mathematics/double4x3.gen.cs
 0.1 kb	 0.0% Packages/com.unity.mathematics/Unity.Mathematics/double4x2.gen.cs
 0.1 kb	 0.0% Packages/com.unity.mathematics/Unity.Mathematics/double3x4.gen.cs
 0.1 kb	 0.0% Packages/com.unity.mathematics/Unity.Mathematics/double3x3.gen.cs
 0.1 kb	 0.0% Packages/com.unity.mathematics/Unity.Mathematics/double3x2.gen.cs
 0.1 kb	 0.0% Packages/com.unity.mathematics/Unity.Mathematics/double2x4.gen.cs
 0.1 kb	 0.0% Packages/com.unity.mathematics/Unity.Mathematics/double2x3.gen.cs
 0.1 kb	 0.0% Packages/com.unity.mathematics/Unity.Mathematics/double2x2.gen.cs
 0.1 kb	 0.0% Packages/com.unity.inputsystem/InputSystem/Plugins/PlayerInput/PlayerInput.cs
 0.1 kb	 0.0% Packages/com.unity.inputsystem/InputSystem/Plugins/PlayerInput/InputValue.cs
 0.1 kb	 0.0% Packages/com.unity.inputsystem/InputSystem/InputSystem.cs
 0.1 kb	 0.0% Packages/com.unity.inputsystem/InputSystem/InputManager.cs
 0.1 kb	 0.0% Packages/com.unity.inputsystem/InputSystem/Editor/UITKAssetEditor/Commands/Commands.cs
 0.1 kb	 0.0% Packages/com.unity.inputsystem/InputSystem/Editor/Dialog.cs
 0.1 kb	 0.0% Packages/com.unity.inputsystem/InputSystem/Devices/Touchscreen.cs
 0.1 kb	 0.0% Packages/com.unity.inputsystem/InputSystem/Devices/Precompiled/FastMouse.cs
 0.1 kb	 0.0% Packages/com.unity.inputsystem/InputSystem/Devices/Precompiled/FastKeyboard.cs
 0.1 kb	 0.0% Packages/com.unity.inputsystem/InputSystem/Devices/InputDevice.cs
 0.1 kb	 0.0% Packages/com.unity.inputsystem/InputSystem/Devices/Haptics/IHaptics.cs
 0.1 kb	 0.0% Packages/com.unity.inputsystem/InputSystem/Controls/InputControl.cs
 0.1 kb	 0.0% Packages/com.unity.inputsystem/InputSystem/Controls/CommonUsages.cs
 0.1 kb	 0.0% Packages/com.unity.inputsystem/InputSystem/AssemblyInfo.cs
 0.1 kb	 0.0% Packages/com.unity.inputsystem/InputSystem/Actions/InputBinding.cs
 0.1 kb	 0.0% Packages/com.unity.inputsystem/InputSystem/Actions/InputAction.cs
 0.1 kb	 0.0% Assets/_Project/Scripts/Objectives/ObjectiveManager.cs
 0.1 kb	 0.0% Assets/_Project/Scripts/Missions/TriggerVolume.cs
 0.1 kb	 0.0% Assets/_Project/Scripts/Interaction/PlayerInteractor.cs
 0.1 kb	 0.0% Assets/_Project/Scripts/Interaction/InteractableNPC.cs
 0.1 kb	 0.0% Assets/_Project/Scripts/Dialogue/Ep1DialogueBank.cs
 0.1 kb	 0.0% Packages/com.unity.ugui/Runtime/UI/Core/VertexModifiers/PositionAsUV1.cs
 0.1 kb	 0.0% Packages/com.unity.ugui/Runtime/UI/Core/VertexModifiers/IMeshModifier.cs
 0.1 kb	 0.0% Packages/com.unity.ugui/Runtime/UI/Core/VertexModifiers/BaseMeshEffect.cs
 0.1 kb	 0.0% Packages/com.unity.ugui/Runtime/UI/Core/StencilMaterial.cs
 0.1 kb	 0.0% Packages/com.unity.ugui/Runtime/UI/Core/MaskableGraphic.cs
 0.1 kb	 0.0% Packages/com.unity.ugui/Runtime/UI/Core/MaskUtilities.cs
 0.1 kb	 0.0% Packages/com.unity.ugui/Runtime/UI/Core/Layout/LayoutUtility.cs
 0.1 kb	 0.0% Packages/com.unity.ugui/Runtime/UI/Core/Layout/LayoutRebuilder.cs
 0.1 kb	 0.0% Packages/com.unity.ugui/Runtime/UI/Core/Layout/LayoutElement.cs
 0.1 kb	 0.0% Packages/com.unity.ugui/Runtime/UI/Core/Layout/ILayoutElement.cs
 0.1 kb	 0.0% Packages/com.unity.ugui/Runtime/UI/Core/Layout/GridLayoutGroup.cs
 0.1 kb	 0.0% Packages/com.unity.ugui/Runtime/UI/Core/GraphicRegistry.cs
 0.1 kb	 0.0% Packages/com.unity.ugui/Runtime/UI/Core/GraphicRaycaster.cs
 0.1 kb	 0.0% Packages/com.unity.ugui/Runtime/UI/Core/DefaultControls.cs
 0.1 kb	 0.0% Packages/com.unity.ugui/Runtime/UI/Core/Culling/ClipperRegistry.cs
 0.1 kb	 0.0% Packages/com.unity.ugui/Runtime/EventSystem/UIBehaviour.cs
 0.1 kb	 0.0% Packages/com.unity.ugui/Runtime/EventSystem/InputModules/BaseInput.cs
 0.1 kb	 0.0% Packages/com.unity.ugui/Runtime/EventSystem/EventTrigger.cs
 0.1 kb	 0.0% Packages/com.unity.ugui/Runtime/EventSystem/EventSystem.cs
 0.1 kb	 0.0% Packages/com.unity.textmeshpro/Scripts/Runtime/TMPro_MeshUtilities.cs
 0.1 kb	 0.0% Packages/com.unity.textmeshpro/Scripts/Runtime/TMP_ShaderUtilities.cs
 0.1 kb	 0.0% Packages/com.unity.textmeshpro/Scripts/Runtime/TMP_RichTextTagsCommon.cs
 0.1 kb	 0.0% Packages/com.unity.textmeshpro/Scripts/Runtime/TMP_FontAssetCommon.cs
 0.1 kb	 0.0% Packages/com.unity.services.analytics/Runtime/Events/Event.cs
 0.1 kb	 0.0% Packages/com.unity.purchasing/Runtime/Stores/Android/UDP/UDP.cs
 0.1 kb	 0.0% Packages/com.unity.purchasing/Runtime/Purchasing/Product.cs
 0.1 kb	 0.0% Packages/com.unity.purchasing/Runtime/Common/MiniJSON.cs
 0.1 kb	 0.0% Packages/com.unity.mathematics/Unity.Mathematics/quaternion.cs
 0.1 kb	 0.0% Packages/com.unity.mathematics/Unity.Mathematics/Noise/classicnoise4D.cs
 0.1 kb	 0.0% Packages/com.unity.mathematics/Unity.Mathematics/Noise/classicnoise3D.cs
 0.1 kb	 0.0% Packages/com.unity.mathematics/Unity.Mathematics/Noise/classicnoise2D.cs
 0.1 kb	 0.0% Packages/com.unity.mathematics/Unity.Mathematics/Noise/cellular2x2x2.cs
 0.1 kb	 0.0% Packages/com.unity.mathematics/Unity.Mathematics/Geometry/Plane.cs
 0.1 kb	 0.0% Packages/com.unity.inputsystem/InputSystem/Plugins/XR/Devices/Oculus.cs
 0.1 kb	 0.0% Packages/com.unity.burst/Runtime/Intrinsics/SimdDebugViews.cs
 0.1 kb	 0.0% Packages/com.unity.burst/Runtime/Editor/BurstReflection.cs
 0.1 kb	 0.0% Packages/com.unity.burst/Runtime/BurstCompilerOptions.cs
 0.1 kb	 0.0% Packages/com.unity.ai.navigation/Runtime/NavMeshLink.cs
 0.1 kb	 0.0% Assets/_Project/Scripts/Weapons/WeaponController.cs
 0.1 kb	 0.0% Assets/_Project/Scripts/Player/PlayerMovement.cs
 0.1 kb	 0.0% Assets/_Project/Scripts/Persistence/SaveManager.cs
 0.1 kb	 0.0% Assets/_Project/Scripts/Core/WebGLPointerLock.cs
 0.1 kb	 0.0% Assets/_Project/Scripts/Core/IInteractable.cs
 0.1 kb	 0.0% Assets/_Project/Scripts/Core/IInputProvider.cs
 0.1 kb	 0.0% Assets/_Project/Scripts/Core/DamageResolver.cs
 0.1 kb	 0.0% Packages/com.unity.timeline/Runtime/Utilities/TimelineUndo.cs
 0.1 kb	 0.0% Packages/com.unity.timeline/Runtime/Utilities/TimeUtility.cs
 0.1 kb	 0.0% Packages/com.unity.timeline/Runtime/Utilities/HashUtility.cs
 0.1 kb	 0.0% Packages/com.unity.timeline/Runtime/TrackAsset.cs
 0.1 kb	 0.0% Packages/com.unity.timeline/Runtime/TimelineClip.cs
 0.1 kb	 0.0% Packages/com.unity.timeline/Runtime/Playables/ITimeControl.cs
 0.1 kb	 0.0% Packages/com.unity.timeline/Runtime/ILayerable.cs
 0.1 kb	 0.0% Packages/com.unity.timeline/Runtime/GroupTrack.cs
 0.1 kb	 0.0% Packages/com.unity.timeline/Runtime/Events/Signals/SignalAsset.cs
 0.1 kb	 0.0% Packages/com.unity.timeline/Runtime/Events/SignalTrack.cs
 0.1 kb	 0.0% Packages/com.unity.timeline/Runtime/Events/MarkerTrack.cs
 0.1 kb	 0.0% Packages/com.unity.timeline/Runtime/Events/MarkerList.cs
 0.1 kb	 0.0% Packages/com.unity.timeline/Runtime/Evaluation/RuntimeClip.cs
 0.1 kb	 0.0% Packages/com.unity.timeline/Runtime/Evaluation/IntervalTree.cs
 0.1 kb	 0.0% Packages/com.unity.timeline/Runtime/DiscreteTime.cs
 0.1 kb	 0.0% Packages/com.unity.timeline/Runtime/Control/ControlTrack.cs
 0.1 kb	 0.0% Packages/com.unity.timeline/Runtime/Audio/AudioTrack.cs
 0.1 kb	 0.0% Packages/com.unity.timeline/Runtime/AssetUpgrade/ClipUpgrade.cs
 0.1 kb	 0.0% Packages/com.unity.timeline/Runtime/Animation/ICurvesOwner.cs
 0.1 kb	 0.0% Packages/com.unity.textmeshpro/Scripts/Runtime/TextMeshProUGUI.cs
 0.1 kb	 0.0% Packages/com.unity.textmeshpro/Scripts/Runtime/TextContainer.cs
 0.1 kb	 0.0% Packages/com.unity.textmeshpro/Scripts/Runtime/TMP_TextElement.cs
 0.1 kb	 0.0% Packages/com.unity.textmeshpro/Scripts/Runtime/TMP_SubMeshUI.cs
 0.1 kb	 0.0% Packages/com.unity.textmeshpro/Scripts/Runtime/TMP_StyleSheet.cs
 0.1 kb	 0.0% Packages/com.unity.textmeshpro/Scripts/Runtime/TMP_SpriteGlyph.cs
 0.1 kb	 0.0% Packages/com.unity.textmeshpro/Scripts/Runtime/TMP_SpriteAsset.cs
 0.1 kb	 0.0% Packages/com.unity.textmeshpro/Scripts/Runtime/TMP_InputField.cs
 0.1 kb	 0.0% Packages/com.unity.textmeshpro/Scripts/Runtime/TMP_FontAsset.cs
 0.1 kb	 0.0% Packages/com.unity.textmeshpro/Scripts/Runtime/TMP_CoroutineTween.cs
 0.1 kb	 0.0% Packages/com.unity.textmeshpro/Scripts/Runtime/TMP_Character.cs
 0.1 kb	 0.0% Packages/com.unity.render-pipelines.universal/Shaders/Shaders.cs
 0.1 kb	 0.0% Packages/com.unity.mathematics/Unity.Mathematics/uint4x4.gen.cs
 0.1 kb	 0.0% Packages/com.unity.mathematics/Unity.Mathematics/uint4x3.gen.cs
 0.1 kb	 0.0% Packages/com.unity.mathematics/Unity.Mathematics/uint4x2.gen.cs
 0.1 kb	 0.0% Packages/com.unity.mathematics/Unity.Mathematics/uint4.gen.cs
 0.1 kb	 0.0% Packages/com.unity.mathematics/Unity.Mathematics/uint3x4.gen.cs
 0.1 kb	 0.0% Packages/com.unity.mathematics/Unity.Mathematics/uint3x3.gen.cs
 0.1 kb	 0.0% Packages/com.unity.mathematics/Unity.Mathematics/uint3x2.gen.cs
 0.1 kb	 0.0% Packages/com.unity.mathematics/Unity.Mathematics/uint3.gen.cs
 0.1 kb	 0.0% Packages/com.unity.mathematics/Unity.Mathematics/uint2x4.gen.cs
 0.1 kb	 0.0% Packages/com.unity.mathematics/Unity.Mathematics/uint2x3.gen.cs
 0.1 kb	 0.0% Packages/com.unity.mathematics/Unity.Mathematics/uint2x2.gen.cs
 0.1 kb	 0.0% Packages/com.unity.mathematics/Unity.Mathematics/uint2.gen.cs
 0.1 kb	 0.0% Packages/com.unity.mathematics/Unity.Mathematics/int4x4.gen.cs
 0.1 kb	 0.0% Packages/com.unity.mathematics/Unity.Mathematics/int4x3.gen.cs
 0.1 kb	 0.0% Packages/com.unity.mathematics/Unity.Mathematics/int4x2.gen.cs
 0.1 kb	 0.0% Packages/com.unity.mathematics/Unity.Mathematics/int3x4.gen.cs
 0.1 kb	 0.0% Packages/com.unity.mathematics/Unity.Mathematics/int3x3.gen.cs
 0.1 kb	 0.0% Packages/com.unity.mathematics/Unity.Mathematics/int3x2.gen.cs
 0.1 kb	 0.0% Packages/com.unity.mathematics/Unity.Mathematics/int2x4.gen.cs
 0.1 kb	 0.0% Packages/com.unity.mathematics/Unity.Mathematics/int2x3.gen.cs
 0.1 kb	 0.0% Packages/com.unity.mathematics/Unity.Mathematics/int2x2.gen.cs
 0.1 kb	 0.0% Packages/com.unity.mathematics/Unity.Mathematics/half4.gen.cs
 0.1 kb	 0.0% Packages/com.unity.mathematics/Unity.Mathematics/half3.gen.cs
 0.1 kb	 0.0% Packages/com.unity.mathematics/Unity.Mathematics/half2.gen.cs
 0.1 kb	 0.0% Packages/com.unity.mathematics/Unity.Mathematics/float4x4.gen.cs
 0.1 kb	 0.0% Packages/com.unity.mathematics/Unity.Mathematics/float4x3.gen.cs
 0.1 kb	 0.0% Packages/com.unity.mathematics/Unity.Mathematics/float4x2.gen.cs
 0.1 kb	 0.0% Packages/com.unity.mathematics/Unity.Mathematics/float4.gen.cs
 0.1 kb	 0.0% Packages/com.unity.mathematics/Unity.Mathematics/float3x4.gen.cs
 0.1 kb	 0.0% Packages/com.unity.mathematics/Unity.Mathematics/float3x3.gen.cs
 0.1 kb	 0.0% Packages/com.unity.mathematics/Unity.Mathematics/float3x2.gen.cs
 0.1 kb	 0.0% Packages/com.unity.mathematics/Unity.Mathematics/float3.gen.cs
 0.1 kb	 0.0% Packages/com.unity.mathematics/Unity.Mathematics/float2x4.gen.cs
 0.1 kb	 0.0% Packages/com.unity.mathematics/Unity.Mathematics/float2x3.gen.cs
 0.1 kb	 0.0% Packages/com.unity.mathematics/Unity.Mathematics/float2x2.gen.cs
 0.1 kb	 0.0% Packages/com.unity.mathematics/Unity.Mathematics/float2.gen.cs
 0.1 kb	 0.0% Packages/com.unity.mathematics/Unity.Mathematics/double4.gen.cs
 0.1 kb	 0.0% Packages/com.unity.mathematics/Unity.Mathematics/double3.gen.cs
 0.1 kb	 0.0% Packages/com.unity.mathematics/Unity.Mathematics/double2.gen.cs
 0.1 kb	 0.0% Packages/com.unity.mathematics/Unity.Mathematics/bool4x4.gen.cs
 0.1 kb	 0.0% Packages/com.unity.mathematics/Unity.Mathematics/bool4x3.gen.cs
 0.1 kb	 0.0% Packages/com.unity.mathematics/Unity.Mathematics/bool4x2.gen.cs
 0.1 kb	 0.0% Packages/com.unity.mathematics/Unity.Mathematics/bool4.gen.cs
 0.1 kb	 0.0% Packages/com.unity.mathematics/Unity.Mathematics/bool3x4.gen.cs
 0.1 kb	 0.0% Packages/com.unity.mathematics/Unity.Mathematics/bool3x3.gen.cs
 0.1 kb	 0.0% Packages/com.unity.mathematics/Unity.Mathematics/bool3x2.gen.cs
 0.1 kb	 0.0% Packages/com.unity.mathematics/Unity.Mathematics/bool3.gen.cs
 0.1 kb	 0.0% Packages/com.unity.mathematics/Unity.Mathematics/bool2x4.gen.cs
 0.1 kb	 0.0% Packages/com.unity.mathematics/Unity.Mathematics/bool2x3.gen.cs
 0.1 kb	 0.0% Packages/com.unity.mathematics/Unity.Mathematics/bool2x2.gen.cs
 0.1 kb	 0.0% Packages/com.unity.mathematics/Unity.Mathematics/bool2.gen.cs
 0.1 kb	 0.0% Packages/com.unity.mathematics/Unity.Mathematics/Noise/psrdnoise2D.cs
 0.1 kb	 0.0% Packages/com.unity.mathematics/Unity.Mathematics/Noise/noise3Dgrad.cs
 0.1 kb	 0.0% Packages/com.unity.mathematics/Unity.Mathematics/Noise/cellular3D.cs
 0.1 kb	 0.0% Packages/com.unity.mathematics/Unity.Mathematics/Noise/cellular2x2.cs
 0.1 kb	 0.0% Packages/com.unity.mathematics/Unity.Mathematics/Noise/cellular2D.cs
 0.1 kb	 0.0% Packages/com.unity.inputsystem/InputSystem/Plugins/XR/Devices/GoogleVR.cs
 0.1 kb	 0.0% Packages/com.unity.inputsystem/InputSystem/Editor/DownloadableSample.cs
 0.1 kb	 0.0% Packages/com.unity.inputsystem/InputSystem/Devices/Sensor.cs
 0.1 kb	 0.0% Packages/com.unity.inputsystem/InputSystem/Devices/Pointer.cs
 0.1 kb	 0.0% Packages/com.unity.inputsystem/InputSystem/Devices/Mouse.cs
 0.1 kb	 0.0% Packages/com.unity.inputsystem/InputSystem/Devices/Keyboard.cs
 0.1 kb	 0.0% Packages/com.unity.inputsystem/InputSystem/Devices/Joystick.cs
 0.1 kb	 0.0% Packages/com.unity.inputsystem/InputSystem/Devices/Gamepad.cs
 0.1 kb	 0.0% Packages/com.unity.burst/Runtime/Intrinsics/Arm/NEON_AArch64_rdma.cs
 0.1 kb	 0.0% Packages/com.unity.burst/Runtime/Intrinsics/Arm/NEON_AArch64_dotprod.cs
 0.1 kb	 0.0% Packages/com.unity.burst/Runtime/Intrinsics/Arm/NEON_AArch64_crypto.cs
 0.1 kb	 0.0% Assets/_Project/Scripts/UI/HUDController.cs
 0.1 kb	 0.0% Assets/_Project/Scripts/Dialogue/DialogueData.cs
 0.1 kb	 0.0% Packages/com.unity.ugui/Runtime/UI/Core/Utility/VertexHelper.cs
 0.1 kb	 0.0% Packages/com.unity.ugui/Runtime/UI/Core/ToggleGroup.cs
 0.1 kb	 0.0% Packages/com.unity.ugui/Runtime/UI/Core/SpriteState.cs
 0.1 kb	 0.0% Packages/com.unity.ugui/Runtime/UI/Core/Selectable.cs
 0.1 kb	 0.0% Packages/com.unity.ugui/Runtime/UI/Core/Scrollbar.cs
 0.1 kb	 0.0% Packages/com.unity.ugui/Runtime/UI/Core/ScrollRect.cs
 0.1 kb	 0.0% Packages/com.unity.ugui/Runtime/UI/Core/RectMask2D.cs
 0.1 kb	 0.0% Packages/com.unity.ugui/Runtime/UI/Core/Navigation.cs
 0.1 kb	 0.0% Packages/com.unity.ugui/Runtime/UI/Core/Layout/LayoutGroup.cs
 0.1 kb	 0.0% Packages/com.unity.ugui/Runtime/UI/Core/Layout/CanvasScaler.cs
 0.1 kb	 0.0% Packages/com.unity.ugui/Runtime/UI/Core/InputField.cs
 0.1 kb	 0.0% Packages/com.unity.ugui/Runtime/UI/Core/IMaskable.cs
 0.1 kb	 0.0% Packages/com.unity.ugui/Runtime/UI/Core/ColorBlock.cs
 0.1 kb	 0.0% Packages/com.unity.services.core/Runtime/Core/IService.cs
 0.1 kb	 0.0% Packages/com.unity.mathematics/Unity.Mathematics/random.cs
 0.1 kb	 0.0% Packages/com.unity.mathematics/Unity.Mathematics/matrix.gen.cs
 0.1 kb	 0.0% Packages/com.unity.mathematics/Unity.Mathematics/matrix.cs
 0.1 kb	 0.0% Packages/com.unity.mathematics/Unity.Mathematics/Noise/noise4D.cs
 0.1 kb	 0.0% Packages/com.unity.mathematics/Unity.Mathematics/Noise/noise3D.cs
 0.1 kb	 0.0% Packages/com.unity.mathematics/Unity.Mathematics/Noise/noise2D.cs
 0.1 kb	 0.0% Packages/com.unity.mathematics/Unity.Mathematics/Noise/common.cs
 0.1 kb	 0.0% Packages/com.unity.inputsystem/InputSystem/Plugins/XR/Devices/OpenVR.cs
 0.1 kb	 0.0% Packages/com.unity.inputsystem/InputSystem/Plugins/HID/HID.cs
 0.1 kb	 0.0% Packages/com.unity.burst/Runtime/NoAliasAttribute.cs
 0.1 kb	 0.0% Packages/com.unity.burst/Runtime/FunctionPointer.cs
 0.1 kb	 0.0% Packages/com.unity.burst/Runtime/Editor/BurstLoader.cs
 0.1 kb	 0.0% Packages/com.unity.burst/Runtime/CompilerServices/Constant.cs
 0.1 kb	 0.0% Packages/com.unity.burst/Runtime/CompilerServices/Aliasing.cs
 0.1 kb	 0.0% Packages/com.unity.burst/Runtime/BurstString.Float.cs
 0.1 kb	 0.0% Packages/com.unity.burst/Runtime/BurstCompiler.cs
 0.1 kb	 0.0% Packages/com.unity.ai.navigation/Runtime/HelpUrls.cs
 0.1 kb	 0.0% Assets/_Project/Scripts/Weapons/WeaponData.cs
 0.1 kb	 0.0% Assets/_Project/Scripts/Weapons/TargetDummy.cs
 0.1 kb	 0.0% Assets/_Project/Scripts/Player/PlayerCamera.cs
 0.1 kb	 0.0% Assets/_Project/Scripts/Debug/DebugPositionLogger.cs
 0.1 kb	 0.0% Assets/_Project/Scripts/Core/IDamageable.cs
 0.1 kb	 0.0% Packages/com.unity.ugui/Runtime/UI/Core/Culling/IClipRegion.cs
 0.1 kb	 0.0% Packages/com.unity.timeline/Runtime/Events/Marker.cs
 0.1 kb	 0.0% Packages/com.unity.timeline/Runtime/Events/IMarker.cs
 0.1 kb	 0.0% Packages/com.unity.textmeshpro/Scripts/Runtime/TextMeshPro.cs
 0.1 kb	 0.0% Packages/com.unity.textmeshpro/Scripts/Runtime/TMP_TextInfo.cs
 0.1 kb	 0.0% Packages/com.unity.textmeshpro/Scripts/Runtime/TMP_SubMesh.cs
 0.1 kb	 0.0% Packages/com.unity.textmeshpro/Scripts/Runtime/TMP_Style.cs
 0.1 kb	 0.0% Packages/com.unity.textmeshpro/Scripts/Runtime/TMP_Sprite.cs
 0.1 kb	 0.0% Packages/com.unity.textmeshpro/Scripts/Runtime/TMP_Settings.cs
 0.1 kb	 0.0% Packages/com.unity.textmeshpro/Scripts/Runtime/TMP_MeshInfo.cs
 0.1 kb	 0.0% Packages/com.unity.textmeshpro/Scripts/Runtime/TMP_LineInfo.cs
 0.1 kb	 0.0% Packages/com.unity.textmeshpro/Scripts/Runtime/TMP_Dropdown.cs
 0.1 kb	 0.0% Packages/com.unity.textmeshpro/Scripts/Runtime/TMP_Asset.cs
 0.1 kb	 0.0% Packages/com.unity.textmeshpro/Scripts/Runtime/FastAction.cs
 0.1 kb	 0.0% Packages/com.unity.mathematics/Unity.Mathematics/int4.gen.cs
 0.1 kb	 0.0% Packages/com.unity.mathematics/Unity.Mathematics/int3.gen.cs
 0.1 kb	 0.0% Packages/com.unity.mathematics/Unity.Mathematics/int2.gen.cs
 0.1 kb	 0.0% Packages/com.unity.inputsystem/InputSystem/Devices/Pen.cs
 0.1 kb	 0.0% Packages/com.unity.burst/Runtime/Intrinsics/Common.cs
 0.1 kb	 0.0% Packages/com.unity.burst/Runtime/Intrinsics/Arm/NEON_ctor.cs
 0.1 kb	 0.0% Packages/com.unity.burst/Runtime/Intrinsics/Arm/NEON_AArch64.cs
 0.1 kb	 0.0% Assets/_Project/Scripts/UI/DialogueUI.cs
 0.1 kb	 0.0% Packages/com.unity.ugui/Runtime/UI/Core/VertexModifiers/Shadow.cs
 0.1 kb	 0.0% Packages/com.unity.ugui/Runtime/UI/Core/VertexModifiers/Outline.cs
 0.1 kb	 0.0% Packages/com.unity.ugui/Runtime/UI/Core/Toggle.cs
 0.1 kb	 0.0% Packages/com.unity.ugui/Runtime/UI/Core/Slider.cs
 0.1 kb	 0.0% Packages/com.unity.ugui/Runtime/UI/Core/RawImage.cs
 0.1 kb	 0.0% Packages/com.unity.ugui/Runtime/UI/Core/Image.cs
 0.1 kb	 0.0% Packages/com.unity.ugui/Runtime/UI/Core/IMask.cs
 0.1 kb	 0.0% Packages/com.unity.ugui/Runtime/UI/Core/Graphic.cs
 0.1 kb	 0.0% Packages/com.unity.ugui/Runtime/UI/Core/FontData.cs
 0.1 kb	 0.0% Packages/com.unity.ugui/Runtime/UI/Core/Dropdown.cs
 0.1 kb	 0.0% Packages/com.unity.ugui/Runtime/UI/Core/Culling/Clipping.cs
 0.1 kb	 0.0% Packages/com.unity.ugui/Runtime/UI/Core/Button.cs
 0.1 kb	 0.0% Packages/com.unity.purchasing/Runtime/Purchasing/Utilites/Interfaces/IUtil.cs
 0.1 kb	 0.0% Packages/com.unity.mathematics/Unity.Mathematics/math.cs
 0.1 kb	 0.0% Packages/com.unity.mathematics/Unity.Mathematics/half.cs
 0.1 kb	 0.0% Packages/com.unity.burst/Runtime/SharedStatic.cs
 0.1 kb	 0.0% Packages/com.unity.burst/Runtime/Intrinsics/x86/Ssse3.cs
 0.1 kb	 0.0% Packages/com.unity.burst/Runtime/Intrinsics/x86/Sse4_2.cs
 0.1 kb	 0.0% Packages/com.unity.burst/Runtime/Intrinsics/x86/Sse4_1.cs
 0.1 kb	 0.0% Packages/com.unity.burst/Runtime/Intrinsics/x86/Popcnt.cs
 0.1 kb	 0.0% Packages/com.unity.burst/Runtime/Intrinsics/x86/Common.cs
 0.1 kb	 0.0% Packages/com.unity.burst/Runtime/CompilerServices/Hint.cs
 0.1 kb	 0.0% Packages/com.unity.burst/Runtime/BurstString.cs
 0.1 kb	 0.0% Packages/com.unity.burst/Runtime/BurstRuntime.cs
 0.1 kb	 0.0% Assets/_Project/Scripts/Core/JobState.cs
 0.1 kb	 0.0% Packages/com.unity.textmeshpro/Scripts/Runtime/TMP_Text.cs
 0.1 kb	 0.0% Packages/com.unity.inputsystem/InputSystem/Plugins/UI/UISupport.cs
 0.1 kb	 0.0% Packages/com.unity.burst/Runtime/Intrinsics/x86/Sse3.cs
 0.1 kb	 0.0% Packages/com.unity.burst/Runtime/Intrinsics/x86/Sse2.cs
 0.1 kb	 0.0% Packages/com.unity.burst/Runtime/Intrinsics/x86/Sse.cs
 0.1 kb	 0.0% Packages/com.unity.burst/Runtime/Intrinsics/x86/Fma.cs
 0.1 kb	 0.0% Packages/com.unity.burst/Runtime/Intrinsics/x86/F16C.cs
 0.1 kb	 0.0% Packages/com.unity.burst/Runtime/Intrinsics/x86/Csr.cs
 0.1 kb	 0.0% Packages/com.unity.burst/Runtime/Intrinsics/x86/Bmi2.cs
 0.1 kb	 0.0% Packages/com.unity.burst/Runtime/Intrinsics/x86/Bmi1.cs
 0.1 kb	 0.0% Packages/com.unity.burst/Runtime/Intrinsics/x86/Avx2.cs
 0.1 kb	 0.0% Packages/com.unity.burst/Runtime/Intrinsics/x86/Avx.cs
 0.1 kb	 0.0% Packages/com.unity.burst/Runtime/Intrinsics/v64.cs
 0.1 kb	 0.0% Packages/com.unity.burst/Runtime/Intrinsics/v256.cs
 0.1 kb	 0.0% Packages/com.unity.burst/Runtime/Intrinsics/v128.cs
 0.1 kb	 0.0% Packages/com.unity.burst/Runtime/Intrinsics/Arm/NEON.cs
 0.1 kb	 0.0% Packages/com.unity.ugui/Runtime/UI/Core/Text.cs
 0.1 kb	 0.0% Packages/com.unity.ugui/Runtime/UI/Core/Misc.cs
 0.1 kb	 0.0% Packages/com.unity.ugui/Runtime/UI/Core/Mask.cs
 0.1 kb	 0.0% Packages/com.unity.render-pipelines.universal/Runtime/Data/XRSystemData.asset
-------------------------------------------------------------------------------
Unloading 106 Unused Serialized files (Serialized files now loaded: 0)
Unloading 1490 unused Assets / (1.1 MB). Loaded Objects now: 5335.
Memory consumption went from 149.3 MB to 148.2 MB.
Total: 37.043020 ms (FindLiveObjects: 0.798438 ms CreateObjectMapping: 0.296525 ms MarkObjects: 20.195528 ms  DeleteObjects: 15.750777 ms)

Build Finished, Result: Success.
##utp:{"type":"PlayerBuildInfo","version":2,"phase":"Immediate","time":1789960795261,"processId":3239,"steps":[{"description":"Preprocess Player","duration":135},{"description":"Prepare For Build","duration":0},{"description":"ProducePlayerScriptAssemblies","duration":6704},{"description":"Verify Build setup","duration":43},{"description":"Prepare assets for target platform","duration":239},{"description":"Prepare splash screen","duration":3},{"description":"Building scenes","duration":559},{"description":"Build scripts DLLs","duration":50},{"description":"Build GlobalGameManagers file","duration":237},{"description":"Writing asset files","duration":1252},{"description":"Building Resources/unity_builtin_extra","duration":168},{"description":"Creating compressed player package","duration":570},{"description":"Write data build dirty tracking information","duration":142},{"description":"Postprocess built player","duration":590010}],"duration":600112}
[PhysX] Initialized MultithreadedTaskDispatcher with 2 workers.
Unloading 2 Unused Serialized files (Serialized files now loaded: 0)
Loaded scene 'Temp/__Backupscenes/0.backup'
	Deserialize:            14.550 ms
	Integration:            246.793 ms
	Integration of assets:  0.096 ms
	Thread Wait Time:       0.016 ms
	Total Operation Time:   261.454 ms
Unloading 0 unused Assets / (1.0 KB). Loaded Objects now: 5588.
Memory consumption went from 141.5 MB to 141.5 MB.
Total: 22.743031 ms (FindLiveObjects: 0.791367 ms CreateObjectMapping: 0.327000 ms MarkObjects: 21.608729 ms  DeleteObjects: 0.014652 ms)

[BuildSocialClub] WebGL build result: Succeeded -> /home/hatch/workspace/cod-mobile-webgl
UnityEngine.StackTraceUtility:ExtractStackTrace () (at /home/bokken/build/output/unity/unity/Runtime/Export/Scripting/StackTrace.cs:37)
UnityEngine.DebugLogHandler:LogFormat (UnityEngine.LogType,UnityEngine.Object,string,object[])
UnityEngine.Logger:Log (UnityEngine.LogType,object)
UnityEngine.Debug:Log (object)
BuildSocialClub:BuildWebGL () (at Assets/Editor/BuildSocialClub.cs:85)

(Filename: Assets/Editor/BuildSocialClub.cs Line: 85)

Batchmode quit successfully invoked - shutting down!
[websockify wrapper] OnUnload
[websockify wrapper] Process killed
[PhysX] Initialized MultithreadedTaskDispatcher with 2 workers.
Input System module state changed to: ShutdownInProgress.
Input System polling thread exited.
Input System module state changed to: Shutdown.
[Licensing::IpcConnector] LicenseClient-root-notifications channel disconnected successfully.
[Licensing::IpcConnector] LicenseClient-root channel disconnected successfully.
[40m[32minfo[39m[22m[49m: Microsoft.Hosting.Lifetime[0]
      Application is shutting down...
Cleanup mono
[websockify wrapper] OnUnload
debugger-agent: Unable to listen on 40
[Performance] Application.InitializeProject                                                                                  :        1 samples, Peak.  34.3 s (1.0x), Avg.  34.3 s, Total. 34.30 s (5.3%)
[Performance] Application.PackageManager.StartServer                                                                         :        1 samples, Peak.  2.67 ms (1.0x), Avg.  2.67 ms, Total. 2.672 ms (0.0%)
[Performance] Application.AcquireProjectLock                                                                                 :        1 samples, Peak.  30.9 ms (1.0x), Avg.  30.9 ms, Total. 30.87 ms (0.0%)
[Performance] Application.InitializeEngineNoGraphics                                                                         :        1 samples, Peak.   239 ms (1.0x), Avg.   239 ms, Total. 239.4 ms (0.0%)
[Performance] Application.PackageManager.Initialize                                                                          :        1 samples, Peak.  1.20 s (1.0x), Avg.  1.20 s, Total. 1.205 s (0.2%)
[Performance] Connecting to Package Manager                                                                                  :       97 samples, Peak.  67.1 us (34.7x), Avg.  1.93 us, Total. 187.5 us (0.0%)
[Performance] Application.EngineGraphics.Initialize                                                                          :        1 samples, Peak.   274 ms (1.0x), Avg.   274 ms, Total. 273.6 ms (0.0%)
[Performance] Application.GI.Initialize                                                                                      :        1 samples, Peak.  23.5 ms (1.0x), Avg.  23.5 ms, Total. 23.48 ms (0.0%)
[Performance] Application.LoadAllDefaultResourcesFromEditor                                                                  :        1 samples, Peak.  3.89 ms (1.0x), Avg.  3.89 ms, Total. 3.889 ms (0.0%)
[Performance] Application.LoadMonoAssemblies                                                                                 :        1 samples, Peak.  1.69 s (1.0x), Avg.  1.69 s, Total. 1.693 s (0.3%)
[Performance] RestoreManagedReferences                                                                                       :        2 samples, Peak.  81.9 ms (2.0x), Avg.  40.9 ms, Total. 81.90 ms (0.0%)
[Performance] InitializeOnLoad AssetStoreContext                                                                             :        2 samples, Peak.  38.0 ms (1.1x), Avg.  36.1 ms, Total. 72.20 ms (0.0%)
[Performance] InitializeOnLoad DrivenRectTransformUndo                                                                       :        2 samples, Peak.   410 us (1.0x), Avg.   406 us, Total. 812.1 us (0.0%)
[Performance] InitializeOnLoad UISystemProfilerRenderService                                                                 :        2 samples, Peak.  14.2 us (1.2x), Avg.  11.6 us, Total. 23.27 us (0.0%)
[Performance] InitializeOnLoad SceneSearch                                                                                   :        2 samples, Peak.   209 us (1.1x), Avg.   193 us, Total. 385.8 us (0.0%)
[Performance] InitializeOnLoad NativeFormatImporterUtility                                                                   :        2 samples, Peak.  4.86 ms (1.3x), Avg.  3.85 ms, Total. 7.708 ms (0.0%)
[Performance] InitializeOnLoad ManagedDebuggerWindow                                                                         :        2 samples, Peak.  1.07 ms (1.4x), Avg.   750 us, Total. 1.501 ms (0.0%)
[Performance] InitializeOnLoad SearchService                                                                                 :        2 samples, Peak.   176 us (1.1x), Avg.   163 us, Total. 326.0 us (0.0%)
[Performance] InitializeOnLoad WindowLayout                                                                                  :        2 samples, Peak.  1.07 ms (1.0x), Avg.  1.02 ms, Total. 2.047 ms (0.0%)
[Performance] InitializeOnLoad PoolManager                                                                                   :        2 samples, Peak.   855 us (1.0x), Avg.   853 us, Total. 1.707 ms (0.0%)
[Performance] InitializeOnLoad CloudBuild                                                                                    :        2 samples, Peak.  8.82 us (1.2x), Avg.  7.50 us, Total. 15.00 us (0.0%)
[Performance] InitializeOnLoad MixerEffectDefinitionReloader                                                                 :        2 samples, Peak.  15.0 ms (1.7x), Avg.  9.01 ms, Total. 18.02 ms (0.0%)
[Performance] InitializeOnLoad SettingsService                                                                               :        2 samples, Peak.  22.1 us (1.1x), Avg.  20.6 us, Total. 41.26 us (0.0%)
[Performance] InitializeOnLoad ProjectSearch                                                                                 :        2 samples, Peak.   183 us (1.4x), Avg.   134 us, Total. 268.2 us (0.0%)
[Performance] InitializeOnLoad CacheServerWindow                                                                             :        2 samples, Peak.  19.4 us (1.2x), Avg.  16.2 us, Total. 32.35 us (0.0%)
[Performance] InitializeOnLoad EditMode                                                                                      :        2 samples, Peak.   683 us (1.1x), Avg.   610 us, Total. 1.220 ms (0.0%)
[Performance] InitializeOnLoad UnityConnect                                                                                  :        2 samples, Peak.  68.6 us (1.0x), Avg.  66.8 us, Total. 133.6 us (0.0%)
[Performance] InitializeOnLoad ManagedDebugger                                                                               :        2 samples, Peak.   601 ns (1.0x), Avg.   596 ns, Total. 1.192 us (0.0%)
[Performance] InitializeOnLoad ShortcutIntegration                                                                           :        2 samples, Peak.  84.3 us (1.1x), Avg.  78.5 us, Total. 157.0 us (0.0%)
[Performance] InitializeOnLoad AddComponentWindow                                                                            :        2 samples, Peak.   170 us (1.0x), Avg.   163 us, Total. 326.6 us (0.0%)
[Performance] InitializeOnLoad PlayModeDownload                                                                              :        2 samples, Peak.  7.87 ms (1.9x), Avg.  4.13 ms, Total. 8.256 ms (0.0%)
[Performance] InitializeOnLoad MenuItems                                                                                     :        2 samples, Peak.   176 us (1.2x), Avg.   150 us, Total. 299.3 us (0.0%)
[Performance] InitializeOnLoad PrefabInstanceChangedListener                                                                 :        2 samples, Peak.   198 us (1.0x), Avg.   195 us, Total. 389.2 us (0.0%)
[Performance] InitializeOnLoad ObjectSelectorSearch                                                                          :        2 samples, Peak.  63.2 us (1.2x), Avg.  52.0 us, Total. 104.1 us (0.0%)
[Performance] InitializeOnLoad EditorMonitor                                                                                 :        2 samples, Peak.  1.01 ms (1.2x), Avg.   826 us, Total. 1.652 ms (0.0%)
[Performance] InitializeOnLoad RetainedMode                                                                                  :        2 samples, Peak.  3.60 ms (1.1x), Avg.  3.39 ms, Total. 6.788 ms (0.0%)
[Performance] InitializeOnLoad EditorShaderLoader                                                                            :        2 samples, Peak.   931 us (1.0x), Avg.   889 us, Total. 1.777 ms (0.0%)
[Performance] InitializeOnLoad EditorDelegateRegistration                                                                    :        2 samples, Peak.   834 us (1.2x), Avg.   705 us, Total. 1.409 ms (0.0%)
[Performance] InitializeOnLoad UIDocumentHierarchyWatcher                                                                    :        2 samples, Peak.  96.7 us (1.0x), Avg.  93.5 us, Total. 187.0 us (0.0%)
[Performance] InitializeOnLoad LiveReloadTrackerCreator                                                                      :        2 samples, Peak.   325 us (1.2x), Avg.   261 us, Total. 522.5 us (0.0%)
[Performance] InitializeOnLoad UxmlObjectEditorFactories                                                                     :        2 samples, Peak.   861 us (1.2x), Avg.   725 us, Total. 1.451 ms (0.0%)
[Performance] InitializeOnLoad UXMLEditorFactories                                                                           :        2 samples, Peak.   116 ms (1.1x), Avg.   107 ms, Total. 214.4 ms (0.0%)
[Performance] InitializeOnLoad PurchasingService                                                                             :        2 samples, Peak.  11.5 ms (1.0x), Avg.  11.4 ms, Total. 22.86 ms (0.0%)
[Performance] InitializeOnLoad CloudBuildPoller                                                                              :        2 samples, Peak.   163 us (1.1x), Avg.   153 us, Total. 306.5 us (0.0%)
[Performance] InitializeOnLoad EditorGameServicesAnalytics                                                                   :        2 samples, Peak.  2.69 ms (1.6x), Avg.  1.65 ms, Total. 3.290 ms (0.0%)
[Performance] InitializeOnLoad AnalyticsService                                                                              :        2 samples, Peak.   355 us (1.0x), Avg.   352 us, Total. 705.0 us (0.0%)
[Performance] InitializeOnLoad BuildService                                                                                  :        2 samples, Peak.   243 us (1.0x), Avg.   241 us, Total. 482.2 us (0.0%)
[Performance] InitializeOnLoad AdsService                                                                                    :        2 samples, Peak.   749 us (1.0x), Avg.   736 us, Total. 1.471 ms (0.0%)
[Performance] InitializeOnLoad UDPService                                                                                    :        2 samples, Peak.   266 us (1.0x), Avg.   260 us, Total. 519.8 us (0.0%)
[Performance] InitializeOnLoad CrashService                                                                                  :        2 samples, Peak.   205 us (1.0x), Avg.   205 us, Total. 410.2 us (0.0%)
[Performance] InitializeOnLoad ServicesRepository                                                                            :        2 samples, Peak.   641 ns (1.2x), Avg.   551 ns, Total. 1.102 us (0.0%)
[Performance] InitializeOnLoad SearchWindow                                                                                  :        2 samples, Peak.   274 us (1.2x), Avg.   223 us, Total. 447.0 us (0.0%)
[Performance] InitializeOnLoad SearchMonitor                                                                                 :        2 samples, Peak.  4.11 ms (1.0x), Avg.  4.08 ms, Total. 8.157 ms (0.0%)
[Performance] InitializeOnLoad CustomIndexers                                                                                :        2 samples, Peak.  23.3 ms (1.2x), Avg.  20.1 ms, Total. 40.11 ms (0.0%)
[Performance] InitializeOnLoad ParameterControllerEditor                                                                     :        2 samples, Peak.  46.6 us (1.2x), Avg.  38.9 us, Total. 77.81 us (0.0%)
[Performance] InitializeOnLoad LayerSettingsWindow                                                                           :        2 samples, Peak.  35.5 us (1.7x), Avg.  21.2 us, Total. 42.35 us (0.0%)
[Performance] InitializeOnLoad PackageManagerHookGUIDConverter.RegisterPackagesEventHandler                                  :        2 samples, Peak.  1.15 ms (1.8x), Avg.   624 us, Total. 1.249 ms (0.0%)
[Performance] InitializeOnLoad EditorDragAndDrop.RegisterEditorClient                                                        :        2 samples, Peak.   610 us (1.4x), Avg.   445 us, Total. 890.1 us (0.0%)
[Performance] InitializeOnLoad EditorEventCallbacks.InitializeFontAssetResourceChangeCallBacks                               :        2 samples, Peak.  2.13 ms (1.1x), Avg.  1.93 ms, Total. 3.856 ms (0.0%)
[Performance] InitializeOnLoad SceneTemplateService.Init                                                                     :        2 samples, Peak.  2.27 ms (1.1x), Avg.  2.10 ms, Total. 4.209 ms (0.0%)
[Performance] InitializeOnLoad DiagnosticSwitchesConsoleMessage.Init                                                         :        2 samples, Peak.  7.67 ms (1.8x), Avg.  4.21 ms, Total. 8.418 ms (0.0%)
[Performance] InitializeOnLoad PackageManagerWindow.EditorInitializedInSafeMode                                              :        2 samples, Peak.  38.0 ms (2.0x), Avg.  19.1 ms, Total. 38.22 ms (0.0%)
[Performance] InitializeOnLoad MemoryProfilerCompilationGuard.InjectCompileGuard                                             :        2 samples, Peak.   241 us (1.4x), Avg.   172 us, Total. 344.2 us (0.0%)
[Performance] InitializeOnLoad AssetPostprocessingInternal.RefreshCustomDependencies                                         :        2 samples, Peak.  4.82 ms (1.3x), Avg.  3.66 ms, Total. 7.321 ms (0.0%)
[Performance] InitializeOnLoad SysrootManager.Initialize                                                                     :        2 samples, Peak.  21.2 us (1.1x), Avg.  19.8 us, Total. 39.51 us (0.0%)
[Performance] InitializeOnLoad ScopedRegistryAddedPopup.SubscribeToRegistriesAdded                                           :        2 samples, Peak.  11.4 ms (2.0x), Avg.  5.76 ms, Total. 11.53 ms (0.0%)
[Performance] InitializeOnLoad EditorWindow.Initialize                                                                       :        2 samples, Peak.   480 us (1.2x), Avg.   398 us, Total. 796.1 us (0.0%)
[Performance] InitializeOnLoad ToolShortcutContext.Init                                                                      :        2 samples, Peak.   214 us (1.2x), Avg.   186 us, Total. 371.8 us (0.0%)
[Performance] InitializeOnLoad SceneVisibilityManager.Initialize                                                             :        2 samples, Peak.  9.93 ms (1.7x), Avg.  5.69 ms, Total. 11.38 ms (0.0%)
[Performance] AssemblyReloadEvents.afterAssemblyReload: UnityEditor.SceneTemplate.SceneTemplateService.AfterAssemblyReload   :        2 samples, Peak.  8.88 ms (1.9x), Avg.  4.65 ms, Total. 9.309 ms (0.0%)
[Performance] ProcessService.EditorAfterLoadAllAssemblies                                                                    :        2 samples, Peak.  4.40 ms (1.8x), Avg.  2.41 ms, Total. 4.829 ms (0.0%)
[Performance] Application.ReadLicenseInfo                                                                                    :        1 samples, Peak.  12.2 ms (1.0x), Avg.  12.2 ms, Total. 12.23 ms (0.0%)
[Performance] Application.InitialRefresh                                                                                     :        1 samples, Peak.  28.6 s (1.0x), Avg.  28.6 s, Total. 28.56 s (4.4%)
[Performance] BuilderAssetModificationProcessor.OnWillCreateAsset                                                            :       15 samples, Peak.  1.45 ms (10.9x), Avg.   133 us, Total. 1.991 ms (0.0%)
[Performance] ShaderImporter.SourceAssetModified                                                                             :        8 samples, Peak.  2.49 us (1.8x), Avg.  1.36 us, Total. 10.86 us (0.0%)
[Performance] ShaderIncludeImporter.SourceAssetModified                                                                      :        8 samples, Peak.  2.77 us (1.4x), Avg.  2.04 us, Total. 16.28 us (0.0%)
[Performance] Compiling Scripts                                                                                              :        1 samples, Peak.  10.2 s (1.0x), Avg.  10.2 s, Total. 10.20 s (1.6%)
[Performance] AssemblyReloadEvents.beforeAssemblyReload: UnityEditor.SceneTemplate.SceneTemplateService.BeforeAssemblyReload :        1 samples, Peak.  1.13 ms (1.0x), Avg.  1.13 ms, Total. 1.131 ms (0.0%)
[Performance] PresetManagerPostProcessor.OnPreprocessAsset                                                                   :       25 samples, Peak.  1.86 ms (18.4x), Avg.   101 us, Total. 2.526 ms (0.0%)
[Performance] CancelSplashScreenOnAssetChange.OnPreprocessAsset                                                              :       25 samples, Peak.   199 us (16.3x), Avg.  12.2 us, Total. 306.1 us (0.0%)
[Performance] ShaderGraphAssetPostProcessor.OnPreprocessAsset                                                                :       25 samples, Peak.   292 us (13.7x), Avg.  21.2 us, Total. 530.4 us (0.0%)
[Performance] InitializeOnLoad InputSystemUIInputModuleEditor                                                                :        1 samples, Peak.   328 us (1.0x), Avg.   328 us, Total. 328.2 us (0.0%)
[Performance] InitializeOnLoad TouchSimulation                                                                               :        1 samples, Peak.   233 us (1.0x), Avg.   233 us, Total. 232.8 us (0.0%)
[Performance] InitializeOnLoad InputSystem                                                                                   :        1 samples, Peak.  79.2 ms (1.0x), Avg.  79.2 ms, Total. 79.22 ms (0.0%)
[Performance] InitializeOnLoad EnableUITKEditor                                                                              :        1 samples, Peak.  42.7 us (1.0x), Avg.  42.7 us, Total. 42.74 us (0.0%)
[Performance] InitializeOnLoad BurstLoader                                                                                   :        1 samples, Peak.  2.46 s (1.0x), Avg.  2.46 s, Total. 2.457 s (0.4%)
[Performance] InitializeOnLoad ShadowCasterGroup2DManager                                                                    :        1 samples, Peak.   175 us (1.0x), Avg.   175 us, Total. 175.1 us (0.0%)
[Performance] InitializeOnLoad CoreStatsIntegration                                                                          :        1 samples, Peak.   558 us (1.0x), Avg.   558 us, Total. 558.0 us (0.0%)
[Performance] InitializeOnLoad BackgroundWatcher                                                                             :        1 samples, Peak.   176 us (1.0x), Avg.   176 us, Total. 175.5 us (0.0%)
[Performance] InitializeOnLoad UnityTestProtocolStarter                                                                      :        1 samples, Peak.   384 us (1.0x), Avg.   384 us, Total. 384.4 us (0.0%)
[Performance] InitializeOnLoad TestStarter                                                                                   :        1 samples, Peak.  1.50 ms (1.0x), Avg.  1.50 ms, Total. 1.499 ms (0.0%)
[Performance] InitializeOnLoad RerunCallbackInitializer                                                                      :        1 samples, Peak.  9.20 ms (1.0x), Avg.  9.20 ms, Total. 9.202 ms (0.0%)
[Performance] InitializeOnLoad RiderScriptEditor                                                                             :        1 samples, Peak.  49.6 ms (1.0x), Avg.  49.6 ms, Total. 49.56 ms (0.0%)
[Performance] InitializeOnLoad CallbackInitializer                                                                           :        1 samples, Peak.  5.69 ms (1.0x), Avg.  5.69 ms, Total. 5.687 ms (0.0%)
[Performance] InitializeOnLoad SpriteEditorWindow                                                                            :        1 samples, Peak.  1.15 ms (1.0x), Avg.  1.15 ms, Total. 1.148 ms (0.0%)
[Performance] InitializeOnLoad FilterWindow                                                                                  :        1 samples, Peak.   215 us (1.0x), Avg.   215 us, Total. 214.7 us (0.0%)
[Performance] InitializeOnLoad RealtimeProbeSubdivisionDebug                                                                 :        1 samples, Peak.   263 us (1.0x), Avg.   263 us, Total. 262.8 us (0.0%)
[Performance] InitializeOnLoad ProbeGIBaking                                                                                 :        1 samples, Peak.  8.66 ms (1.0x), Avg.  8.66 ms, Total. 8.662 ms (0.0%)
[Performance] InitializeOnLoad PlasticPlugin                                                                                 :        1 samples, Peak.   173 ms (1.0x), Avg.   173 ms, Total. 172.6 ms (0.0%)
[Performance] InitializeOnLoad ToolbarBootstrap                                                                              :        1 samples, Peak.  15.6 ms (1.0x), Avg.  15.6 ms, Total. 15.58 ms (0.0%)
[Performance] InitializeOnLoad PurchasingServiceAnalyticsSender                                                              :        1 samples, Peak.  5.04 ms (1.0x), Avg.  5.04 ms, Total. 5.038 ms (0.0%)
[Performance] InitializeOnLoad UnityPurchasingEditor                                                                         :        1 samples, Peak.  2.63 ms (1.0x), Avg.  2.63 ms, Total. 2.631 ms (0.0%)
[Performance] InitializeOnLoad PurchasingImporter                                                                            :        1 samples, Peak.   664 us (1.0x), Avg.   664 us, Total. 664.4 us (0.0%)
[Performance] InitializeOnLoad VSCodeScriptEditor                                                                            :        1 samples, Peak.  32.3 ms (1.0x), Avg.  32.3 ms, Total. 32.33 ms (0.0%)
[Performance] InitializeOnLoad NodeClassCache                                                                                :        1 samples, Peak.  12.7 us (1.0x), Avg.  12.7 us, Total. 12.73 us (0.0%)
[Performance] InitializeOnLoad ShaderGraphMaterialsUpdater                                                                   :        2 samples, Peak.   648 us (1.7x), Avg.   386 us, Total. 771.9 us (0.0%)
[Performance] InitializeOnLoad Renderer2DAnalytics                                                                           :        1 samples, Peak.   105 us (1.0x), Avg.   105 us, Total. 104.7 us (0.0%)
[Performance] InitializeOnLoad EditorToolManager                                                                             :        1 samples, Peak.  20.7 ms (1.0x), Avg.  20.7 ms, Total. 20.74 ms (0.0%)
[Performance] InitializeOnLoad VisualStudioEditor                                                                            :        1 samples, Peak.  6.91 ms (1.0x), Avg.  6.91 ms, Total. 6.910 ms (0.0%)
[Performance] InitializeOnLoad VisualStudioIntegration                                                                       :        1 samples, Peak.  12.7 ms (1.0x), Avg.  12.7 ms, Total. 12.65 ms (0.0%)
[Performance] InitializeOnLoad TestRunnerApiListener                                                                         :        1 samples, Peak.   155 us (1.0x), Avg.   155 us, Total. 154.5 us (0.0%)
[Performance] InitializeOnLoad PrefabLayoutRebuilder                                                                         :        1 samples, Peak.   429 us (1.0x), Avg.   429 us, Total. 428.5 us (0.0%)
[Performance] InitializeOnLoad AnalyticsImporter                                                                             :        1 samples, Peak.  1.51 ms (1.0x), Avg.  1.51 ms, Total. 1.508 ms (0.0%)
[Performance] InitializeOnLoad AnalyticsEventTrackerEditorCallbacks                                                          :        1 samples, Peak.   383 us (1.0x), Avg.   383 us, Total. 383.0 us (0.0%)
[Performance] InitializeOnLoad NavigationWindow                                                                              :        1 samples, Peak.   644 us (1.0x), Avg.   644 us, Total. 644.4 us (0.0%)
[Performance] InitializeOnLoad TilemapPrefabStageHelper.Initialize                                                           :        1 samples, Peak.  4.69 ms (1.0x), Avg.  4.69 ms, Total. 4.690 ms (0.0%)
[Performance] InitializeOnLoad SceneViewGridManager.Initialize                                                               :        1 samples, Peak.  7.73 ms (1.0x), Avg.  7.73 ms, Total. 7.726 ms (0.0%)
[Performance] InitializeOnLoad SceneViewOpenTilePaletteHelper.Initialize                                                     :        1 samples, Peak.  4.24 ms (1.0x), Avg.  4.24 ms, Total. 4.242 ms (0.0%)
[Performance] InitializeOnLoad TileDragAndDropManager.Initialize                                                             :        1 samples, Peak.  2.48 ms (1.0x), Avg.  2.48 ms, Total. 2.479 ms (0.0%)
[Performance] InitializeOnLoad InputSystemPluginControl.CheckForExtension                                                    :        1 samples, Peak.  3.67 ms (1.0x), Avg.  3.67 ms, Total. 3.669 ms (0.0%)
[Performance] InitializeOnLoad InputSystemPackageControl.SubscribePackageManagerEvent                                        :        1 samples, Peak.   119 us (1.0x), Avg.   119 us, Total. 119.1 us (0.0%)
[Performance] InitializeOnLoad VisualStudioEditor.LegacyVisualStudioCodePackageDisabler                                      :        1 samples, Peak.  7.12 ms (1.0x), Avg.  7.12 ms, Total. 7.122 ms (0.0%)
[Performance] InitializeOnLoad MaterialReimporter.RegisterUpgraderReimport                                                   :        2 samples, Peak.   292 us (1.7x), Avg.   170 us, Total. 341.0 us (0.0%)
[Performance] InitializeOnLoad EditorGameServiceRegistry.RegisterAllServices                                                 :        1 samples, Peak.  30.3 ms (1.0x), Avg.  30.3 ms, Total. 30.31 ms (0.0%)
[Performance] InitializeOnLoad ServiceInstallationListener.RegisterToEvents                                                  :        1 samples, Peak.  1.78 ms (1.0x), Avg.  1.78 ms, Total. 1.779 ms (0.0%)
[Performance] InitializeOnLoad ActionSchedulerCleaner.RegisterSchedulerCleaner                                               :        1 samples, Peak.   776 us (1.0x), Avg.   776 us, Total. 775.7 us (0.0%)
[Performance] InitializeOnLoad ObfuscationMigration.MigrateObfuscations                                                      :        1 samples, Peak.   357 us (1.0x), Avg.   357 us, Total. 356.7 us (0.0%)
[Performance] InitializeOnLoad UnityPurchasingEditor.MigrateBillingMode                                                      :        1 samples, Peak.  2.10 ms (1.0x), Avg.  2.10 ms, Total. 2.101 ms (0.0%)
[Performance] InitializeOnLoad UnityPurchasingEditor.CheckUdpUpmPackageInstalled                                             :        1 samples, Peak.  3.87 ms (1.0x), Avg.  3.87 ms, Total. 3.873 ms (0.0%)
[Performance] InitializeOnLoad ProductCatalogEditor.MigrateProductCatalog                                                    :        1 samples, Peak.   306 ms (1.0x), Avg.   306 ms, Total. 306.4 ms (0.0%)
[Performance] InitializeOnLoad EngineStateHelper.Init                                                                        :        1 samples, Peak.   475 us (1.0x), Avg.   475 us, Total. 474.8 us (0.0%)
[Performance] InitializeOnLoad ThreadHelper.Init                                                                             :        1 samples, Peak.   932 us (1.0x), Avg.   932 us, Total. 931.9 us (0.0%)
[Performance] InitializeOnLoad TestJobDataHolder.ResumeRunningJobs                                                           :        1 samples, Peak.  5.22 ms (1.0x), Avg.  5.22 ms, Total. 5.223 ms (0.0%)
[Performance] InitializeOnLoad AnalyticsReporter.RegisterCallbacks                                                           :        1 samples, Peak.  1.50 ms (1.0x), Avg.  1.50 ms, Total. 1.498 ms (0.0%)
[Performance] InitializeOnLoad DebugManagerWindowLifetimeAnalytic.SubscribeToDebugManagerOpenCloseWindows                    :        1 samples, Peak.  1.27 ms (1.0x), Avg.  1.27 ms, Total. 1.270 ms (0.0%)
[Performance] InitializeOnLoad CoreRenderPipelinePreferences.InitPreferenceProviders                                         :        1 samples, Peak.  72.2 ms (1.0x), Avg.  72.2 ms, Total. 72.23 ms (0.0%)
[Performance] InitializeOnLoad VolumeGizmoDrawer.InitVolumeGizmoCallbacks                                                    :        1 samples, Peak.   643 us (1.0x), Avg.   643 us, Total. 643.5 us (0.0%)
[Performance] InitializeOnLoad UnityThreadUtils.CaptureUnityThreadInfo                                                       :        1 samples, Peak.   429 us (1.0x), Avg.   429 us, Total. 429.3 us (0.0%)
[Performance] DidReloadScriptsAdvancedDropdownWindow.OnScriptReload                                                          :        2 samples, Peak.   485 us (1.1x), Avg.   440 us, Total. 880.4 us (0.0%)
[Performance] DidReloadScriptsTestRunnerWindow.CompilationCallback                                                           :        1 samples, Peak.   282 us (1.0x), Avg.   282 us, Total. 282.4 us (0.0%)
[Performance] DidReloadScriptsTestListCache.ScriptReloaded                                                                   :        1 samples, Peak.  3.31 ms (1.0x), Avg.  3.31 ms, Total. 3.312 ms (0.0%)
[Performance] DidReloadScriptsLookDev.OnEditorReload                                                                         :        1 samples, Peak.   359 us (1.0x), Avg.   359 us, Total. 359.2 us (0.0%)
[Performance] DidReloadScriptsDebugWindow.OnEditorReload                                                                     :        1 samples, Peak.  9.78 ms (1.0x), Avg.  9.78 ms, Total. 9.779 ms (0.0%)
[Performance] DidReloadScriptsVolumeComponentEditor.OnEditorReload                                                           :        1 samples, Peak.  49.3 ms (1.0x), Avg.  49.3 ms, Total. 49.26 ms (0.0%)
[Performance] AssetDatabase.ImportAssets                                                                                     :       17 samples, Peak.  65.9 ms (10.5x), Avg.  6.27 ms, Total. 106.7 ms (0.0%)
[Performance] VersionControl.Task.Wait                                                                                       :        1 samples, Peak.  8.77 us (1.0x), Avg.  8.77 us, Total. 8.773 us (0.0%)
[Performance] TMPro_TexturePostProcessor.OnPostprocessAllAssets                                                              :       18 samples, Peak.   996 us (6.6x), Avg.   152 us, Total. 2.727 ms (0.0%)
[Performance] AssetPostprocessor.OnPostprocessAllAssets                                                                      :       18 samples, Peak.  1.18 ms (8.5x), Avg.   139 us, Total. 2.510 ms (0.0%)
[Performance] BuilderAssetPostprocessor.OnPostprocessAllAssets                                                               :       18 samples, Peak.  6.49 ms (7.7x), Avg.   844 us, Total. 15.19 ms (0.0%)
[Performance] ArtifactBrowserPostProcessor.OnPostprocessAllAssets                                                            :       18 samples, Peak.   800 us (8.2x), Avg.  97.4 us, Total. 1.753 ms (0.0%)
[Performance] AssetEvents.OnPostprocessAllAssets                                                                             :       36 samples, Peak.   415 us (9.2x), Avg.  45.0 us, Total. 1.620 ms (0.0%)
[Performance] AudioMixerPostprocessor.OnPostprocessAllAssets                                                                 :       18 samples, Peak.   403 us (7.8x), Avg.  51.5 us, Total. 927.2 us (0.0%)
[Performance] StyleCatalogPostProcessor.OnPostprocessAllAssets                                                               :       18 samples, Peak.  96.5 ms (8.7x), Avg.  11.1 ms, Total. 199.0 ms (0.0%)
[Performance] BuildCatalog                                                                                                   :        1 samples, Peak.  94.8 ms (1.0x), Avg.  94.8 ms, Total. 94.76 ms (0.0%)
[Performance] ModelImporterPostProcessor.OnPostprocessAllAssets                                                              :       18 samples, Peak.  2.27 ms (8.4x), Avg.   269 us, Total. 4.833 ms (0.0%)
[Performance] MaterialPostprocessor.OnPostprocessAllAssets                                                                   :       36 samples, Peak.  1.35 ms (8.8x), Avg.   154 us, Total. 5.545 ms (0.0%)
[Performance] UniversalRenderPipelineGlobalSettingsPostprocessor.OnPostprocessAllAssets                                      :       18 samples, Peak.  2.05 ms (8.5x), Avg.   242 us, Total. 4.362 ms (0.0%)
[Performance] RetainedModeAssetPostprocessor.OnPostprocessAllAssets                                                          :       18 samples, Peak.  5.65 ms (7.8x), Avg.   721 us, Total. 12.98 ms (0.0%)
[Performance] AssetChangedListener.OnPostprocessAllAssets                                                                    :       18 samples, Peak.  11.3 ms (8.3x), Avg.  1.36 ms, Total. 24.53 ms (0.0%)
[Performance] PostProcessor.OnPostprocessAllAssets                                                                           :       18 samples, Peak.   538 us (7.3x), Avg.  74.0 us, Total. 1.333 ms (0.0%)
[Performance] ShaderGraphAssetPostProcessor.OnPostprocessAllAssets                                                           :       18 samples, Peak.  7.11 ms (5.9x), Avg.  1.20 ms, Total. 21.52 ms (0.0%)
[Performance] SpeedTreePostProcessor.OnPostprocessAllAssets                                                                  :       18 samples, Peak.   352 us (6.6x), Avg.  53.3 us, Total. 959.7 us (0.0%)
[Performance] TextAssetPostProcessor.OnPostprocessAllAssets                                                                  :       18 samples, Peak.  1.42 ms (6.9x), Avg.   204 us, Total. 3.679 ms (0.0%)
[Performance] AssetProcessor.OnPostprocessAllAssets                                                                          :       54 samples, Peak.  4.92 ms (11.4x), Avg.   430 us, Total. 23.22 ms (0.0%)
[Performance] SpriteEditorTexturePostprocessor.OnPostprocessAllAssets                                                        :       18 samples, Peak.  1.04 ms (5.1x), Avg.   205 us, Total. 3.696 ms (0.0%)
[Performance] InputActionAssetPostprocessor.OnPostprocessAllAssets                                                           :       18 samples, Peak.   719 us (7.2x), Avg.   100 us, Total. 1.800 ms (0.0%)
[Performance] InputActionJsonNameModifierAssetProcessor.OnPostprocessAllAssets                                               :       18 samples, Peak.   221 ms (8.8x), Avg.  25.0 ms, Total. 450.5 ms (0.1%)
[Performance] ProjectSettingsPostprocessor.OnPostprocessAllAssets                                                            :       18 samples, Peak.   422 us (4.8x), Avg.  87.1 us, Total. 1.567 ms (0.0%)
[Performance] SyncVS.PostprocessSyncProject                                                                                  :        9 samples, Peak.   151 us (4.9x), Avg.  30.7 us, Total. 276.2 us (0.0%)
[Performance] EditorApplication.projectChanged: UnityEditor.Audio.MixerEffectDefinitionReloader.OnProjectChanged             :        5 samples, Peak.  2.85 ms (1.9x), Avg.  1.51 ms, Total. 7.541 ms (0.0%)
[Performance] EditorApplication.projectChanged: UnityEngine.InputSystem.LowLevel.NativeInputRuntime.OnProjectChanged         :        5 samples, Peak.   405 us (4.8x), Avg.  84.9 us, Total. 424.4 us (0.0%)
[Performance] Application.ImportPackagesAndSetTemplateWhenCreatingProject                                                    :        1 samples, Peak.  25.8 ms (1.0x), Avg.  25.8 ms, Total. 25.79 ms (0.0%)
[Performance] Application.SyncCurrentColorSpace                                                                              :        1 samples, Peak.  42.2 ms (1.0x), Avg.  42.2 ms, Total. 42.16 ms (0.0%)
[Performance] Application.OnUsbDevicesChanged                                                                                :        1 samples, Peak.  1.00 ms (1.0x), Avg.  1.00 ms, Total. 1.003 ms (0.0%)
[Performance] Application.AssetInstanceCacheUpdate                                                                           :        1 samples, Peak.   781 ns (1.0x), Avg.   781 ns, Total. 781.0 ns (0.0%)
[Performance] Application.UnityExtensions.Initialize                                                                         :        1 samples, Peak.  10.9 ms (1.0x), Avg.  10.9 ms, Total. 10.88 ms (0.0%)
[Performance] CodeEditorProjectSync.SyncEditorProject                                                                        :        1 samples, Peak.   146 us (1.0x), Avg.   146 us, Total. 146.4 us (0.0%)
[Performance] Application.ExecuteStartups                                                                                    :        1 samples, Peak.   190 ms (1.0x), Avg.   190 ms, Total. 190.2 ms (0.0%)
[Performance] Menu.RegisterMenuInterface                                                                                     :       26 samples, Peak.  72.5 us (23.4x), Avg.  3.09 us, Total. 80.39 us (0.0%)
[Performance] Gizmo.RebuildRenderers                                                                                         :        2 samples, Peak.   187 ms (1.8x), Avg.   105 ms, Total. 209.5 ms (0.0%)
[Performance] Gizmo.AddGizmoRenderers                                                                                        :      234 samples, Peak.  3.09 ms (64.4x), Avg.  48.0 us, Total. 11.23 ms (0.0%)
[Performance] Application.editorInitializingProject                                                                          :        1 samples, Peak.  25.8 ms (1.0x), Avg.  25.8 ms, Total. 25.83 ms (0.0%)
[Performance] Application.InitializeMenu                                                                                     :        1 samples, Peak.   727 ms (1.0x), Avg.   727 ms, Total. 727.5 ms (0.1%)
[Performance] Menu.RebuildAll                                                                                                :        1 samples, Peak.   727 ms (1.0x), Avg.   727 ms, Total. 727.5 ms (0.1%)
[Performance] Menu.BuildRegisteredMenuInterfaces                                                                             :        1 samples, Peak.   726 ms (1.0x), Avg.   726 ms, Total. 726.5 ms (0.1%)
[Performance] Menu.FilterMenuItem                                                                                            :      757 samples, Peak.   147 ms (750.9x), Avg.   196 us, Total. 148.1 ms (0.0%)
[Performance] UpdateAllMenus                                                                                                 :        1 samples, Peak.   891 us (1.0x), Avg.   891 us, Total. 891.1 us (0.0%)
[Performance] EditorSceneManager.sceneClosing: UnityEditor.SceneVisibilityManager.EditorSceneManagerOnSceneClosing           :        6 samples, Peak.   402 us (5.2x), Avg.  77.2 us, Total. 463.1 us (0.0%)
[Performance] GUIView.RepaintAll.PlayerLoopController                                                                        :        5 samples, Peak.  2.18 us (2.1x), Avg.  1.03 us, Total. 5.158 us (0.0%)
[Performance] EditorSceneManager.newSceneCreated: UnityEditor.SceneTemplate.SceneTemplateService.OnNewSceneCreated           :        4 samples, Peak.  1.86 ms (4.0x), Avg.   467 us, Total. 1.867 ms (0.0%)
[Performance] EditorSceneManager.newSceneCreated: UnityEditor.SceneVisibilityManager.EditorSceneManagerOnNewSceneCreated     :        4 samples, Peak.   295 us (3.5x), Avg.  83.7 us, Total. 334.8 us (0.0%)
[Performance] EditorSceneManager.newSceneCreated: UnityEditor.SceneManagement.StageNavigationManager.OnNewSceneCreated       :        4 samples, Peak.  91.0 us (3.7x), Avg.  24.4 us, Total. 97.68 us (0.0%)
[Performance] Application.InvokeFinishedLoadingProject                                                                       :        1 samples, Peak.  54.4 ms (1.0x), Avg.  54.4 ms, Total. 54.43 ms (0.0%)
[Performance] ProcessService.OnProjectLoaded                                                                                 :        1 samples, Peak.   140 us (1.0x), Avg.   140 us, Total. 139.7 us (0.0%)
[Performance] AssetDatabase.DeleteAssets                                                                                     :        2 samples, Peak.  95.1 ms (1.4x), Avg.  70.0 ms, Total. 139.9 ms (0.0%)
[Performance] InputActionAssetModificationProcessor.OnWillDeleteAsset                                                        :        2 samples, Peak.  1.07 ms (2.0x), Avg.   548 us, Total. 1.097 ms (0.0%)
[Performance] BuilderAssetModificationProcessor.OnWillDeleteAsset                                                            :        2 samples, Peak.   734 us (2.0x), Avg.   370 us, Total. 739.9 us (0.0%)
[Performance] TMP_FontAssetPostProcessor.OnWillDeleteAsset                                                                   :        2 samples, Peak.   415 us (1.5x), Avg.   273 us, Total. 546.6 us (0.0%)
[Performance] CancelSplashScreenOnAssetDelete.OnWillDeleteAsset                                                              :        2 samples, Peak.   168 us (1.7x), Avg.  97.5 us, Total. 195.1 us (0.0%)
[Performance] AssetDatabase.ImportAsset                                                                                      :        3 samples, Peak.   558 ms (2.0x), Avg.   277 ms, Total. 830.6 ms (0.1%)
[Performance] PaletteAssetModificationProcessor.OnWillCreateAsset                                                            :        4 samples, Peak.   539 us (3.8x), Avg.   143 us, Total. 570.5 us (0.0%)
[Performance] MaterialModificationProcessor.OnWillCreateAsset                                                                :        8 samples, Peak.   348 us (3.9x), Avg.  89.0 us, Total. 712.2 us (0.0%)
[Performance] EditorResources.Load                                                                                           :        4 samples, Peak.  5.47 ms (2.0x), Avg.  2.73 ms, Total. 10.90 ms (0.0%)
[Performance] PaletteAssetModificationProcessor.OnWillSaveAssets                                                             :        5 samples, Peak.   338 us (4.2x), Avg.  80.9 us, Total. 404.3 us (0.0%)
[Performance] AssetModificationProcessor.OnWillSaveAssets                                                                    :        5 samples, Peak.   565 us (4.9x), Avg.   116 us, Total. 581.5 us (0.0%)
[Performance] UnityCloudProjectLinkMonitor.OnWillSaveAssets                                                                  :        5 samples, Peak.  4.20 ms (5.0x), Avg.   843 us, Total. 4.216 ms (0.0%)
[Performance] BuilderAssetModificationProcessor.OnWillSaveAssets                                                             :        5 samples, Peak.   363 us (4.7x), Avg.  77.0 us, Total. 384.9 us (0.0%)
[Performance] TerrainModificationProcessor.OnWillSaveAssets                                                                  :        5 samples, Peak.  5.59 ms (5.0x), Avg.  1.12 ms, Total. 5.607 ms (0.0%)
[Performance] SceneDataContainer.TransformHierarchyChangedSetParentCallback                                                  :       33 samples, Peak.  29.0 us (17.2x), Avg.  1.69 us, Total. 55.83 us (0.0%)
[Performance] SceneVisibilityState.IsFlagSetInParents                                                                        :       60 samples, Peak.  1.24 us (3.7x), Avg.   334 ns, Total. 20.01 us (0.0%)
[Performance] EditorSceneManager.sceneSaving: UnityEditor.SceneTemplate.SceneTemplateService.OnSceneSaving                   :        1 samples, Peak.   429 us (1.0x), Avg.   429 us, Total. 429.5 us (0.0%)
[Performance] EditorSceneManager.sceneSaving: UnityEditor.SceneVisibilityManager.EditorSceneManagerOnSceneSaving             :        1 samples, Peak.   157 us (1.0x), Avg.   157 us, Total. 157.4 us (0.0%)
[Performance] EditorSceneManager.sceneSaved: UnityEditor.SceneTemplate.SceneTemplateService.OnSceneSaved                     :        1 samples, Peak.   128 ms (1.0x), Avg.   128 ms, Total. 127.6 ms (0.0%)
[Performance] EditorSceneManager.sceneSaved: UnityEditor.SceneVisibilityManager.EditorSceneManagerOnSceneSaved               :        1 samples, Peak.   201 us (1.0x), Avg.   201 us, Total. 201.0 us (0.0%)
[Performance] Inspector.InitOrRebuild                                                                                        :        3 samples, Peak.   600 us (1.1x), Avg.   524 us, Total. 1.573 ms (0.0%)
[Performance] GenerateAssemblyTypeInfos                                                                                      :        2 samples, Peak.  82.9 ms (1.1x), Avg.  74.6 ms, Total. 149.2 ms (0.0%)
[Performance] AssetDatabase.Refresh                                                                                          :        1 samples, Peak.   172 ms (1.0x), Avg.   172 ms, Total. 172.5 ms (0.0%)
[Performance] Undo.willFlushUndoRecord: UnityEditor.DrivenRectTransformUndo.ForceUpdateCanvases                              :        1 samples, Peak.  2.19 ms (1.0x), Avg.  2.19 ms, Total. 2.192 ms (0.0%)
[Performance] EditorSceneManager.sceneOpened: UnityEditor.SceneTemplate.SceneTemplateService.OnSceneOpened                   :        1 samples, Peak.   356 us (1.0x), Avg.   356 us, Total. 355.5 us (0.0%)
[Performance] EditorSceneManager.sceneOpened: UnityEditor.SceneVisibilityManager.EditorSceneManagerOnSceneOpened             :        1 samples, Peak.   223 us (1.0x), Avg.   223 us, Total. 222.5 us (0.0%)
[Performance] EditorSceneManager.sceneOpened: UnityEditor.SceneManagement.StageNavigationManager.OnSceneOpened               :        1 samples, Peak.  66.8 us (1.0x), Avg.  66.8 us, Total. 66.82 us (0.0%)
[Performance] TimelineAnalyticsProcess.OnProcessScene                                                                        :        1 samples, Peak.  3.08 ms (1.0x), Avg.  3.08 ms, Total. 3.084 ms (0.0%)
[Performance] UnityBuildPostprocessor.OnProcessScene                                                                         :        1 samples, Peak.   589 us (1.0x), Avg.   589 us, Total. 588.9 us (0.0%)
[Performance] AttributeCallbackWrapper.OnProcessScene                                                                        :        1 samples, Peak.   297 us (1.0x), Avg.   297 us, Total. 296.9 us (0.0%)
[Performance] EditorApplication.quitting: Unity.Burst.Editor.BurstLoader.OnEditorApplicationQuitting                         :        1 samples, Peak.  53.4 us (1.0x), Avg.  53.4 us, Total. 53.42 us (0.0%)
[Performance] EditorApplication.quitting: UnityEditor.Tilemaps.SceneViewGridManager.EditorQuitting                           :        1 samples, Peak.   163 us (1.0x), Avg.   163 us, Total. 163.1 us (0.0%)
[Performance] EditorApplication.quitting: callback in UnityEditor.TextCore.Text.EditorEventCallbacks                         :        1 samples, Peak.  68.4 ms (1.0x), Avg.  68.4 ms, Total. 68.44 ms (0.0%)
[Performance] EditorApplication.quitting: UnityEditor.WebGL.WebsockifyEditorWrapper.Kill                                     :        1 samples, Peak.  4.16 ms (1.0x), Avg.  4.16 ms, Total. 4.157 ms (0.0%)
[Performance] Application.Shutdown.PauseProfilerSession                                                                      :        1 samples, Peak.   132 us (1.0x), Avg.   132 us, Total. 131.8 us (0.0%)
[Performance] Application.Shutdown.PauseAssetImportWorkers                                                                   :        1 samples, Peak.   599 us (1.0x), Avg.   599 us, Total. 599.2 us (0.0%)
[Performance] Application.Shutdown.SaveAssets                                                                                :        1 samples, Peak.  5.75 ms (1.0x), Avg.  5.75 ms, Total. 5.749 ms (0.0%)
[Performance] Application.Shutdown.CleanupRenderPipeline                                                                     :        1 samples, Peak.  6.93 us (1.0x), Avg.  6.93 us, Total. 6.930 us (0.0%)
[Performance] Application.Shutdown.StopPreloadManager                                                                        :        1 samples, Peak.  10.1 ms (1.0x), Avg.  10.1 ms, Total. 10.11 ms (0.0%)
[Performance] Application.Shutdown.DestroyWorld                                                                              :        1 samples, Peak.  1.60 ms (1.0x), Avg.  1.60 ms, Total. 1.602 ms (0.0%)
[Performance] Application.Shutdown.CleanupAfterLoad                                                                          :        1 samples, Peak.   239 ms (1.0x), Avg.   239 ms, Total. 238.5 ms (0.0%)
[Performance] Application.Shutdown.Progress                                                                                  :        1 samples, Peak.  33.3 us (1.0x), Avg.  33.3 us, Total. 33.34 us (0.0%)
[Performance] Application.Shutdown.GICleanupManagers                                                                         :        1 samples, Peak.  9.70 ms (1.0x), Avg.  9.70 ms, Total. 9.701 ms (0.0%)
[Performance] Application.Shutdown.MenuCleanupClass                                                                          :        1 samples, Peak.   407 us (1.0x), Avg.   407 us, Total. 406.5 us (0.0%)
[Performance] Application.Shutdown.ADBSaveStateBeforeShutdown                                                                :        1 samples, Peak.  18.9 us (1.0x), Avg.  18.9 us, Total. 18.94 us (0.0%)
[Performance] Application.Shutdown.RemoteShutdown                                                                            :        1 samples, Peak.  2.75 us (1.0x), Avg.  2.75 us, Total. 2.754 us (0.0%)
[Performance] Application.Shutdown.CleanupVCProvider                                                                         :        1 samples, Peak.  28.7 us (1.0x), Avg.  28.7 us, Total. 28.71 us (0.0%)
[Performance] Application.Shutdown.InputShutdown                                                                             :        1 samples, Peak.  12.0 us (1.0x), Avg.  12.0 us, Total. 12.04 us (0.0%)
[Performance] Application.Shutdown.GizmoManagerDestroy                                                                       :        1 samples, Peak.   649 us (1.0x), Avg.   649 us, Total. 649.4 us (0.0%)
[Performance] Application.Shutdown.ProfilerSession                                                                           :        1 samples, Peak.   338 us (1.0x), Avg.   338 us, Total. 338.3 us (0.0%)
[Performance] Application.Shutdown.ReleaseGfxWindowOnAllGUIViews                                                             :        1 samples, Peak.  1.56 us (1.0x), Avg.  1.56 us, Total. 1.563 us (0.0%)
[Performance] Application.Shutdown.CleanupEngine                                                                             :        1 samples, Peak.  98.8 ms (1.0x), Avg.  98.8 ms, Total. 98.84 ms (0.0%)
[Performance] Application.Shutdown.CleanupAssetDatabase                                                                      :        1 samples, Peak.  9.45 ms (1.0x), Avg.  9.45 ms, Total. 9.450 ms (0.0%)
[Performance] Application.Shutdown.ScriptCompilationCleanUp                                                                  :        1 samples, Peak.  4.64 s (1.0x), Avg.  4.64 s, Total. 4.643 s (0.7%)
[Performance] Application.Shutdown.DestroyJobSystem                                                                          :        1 samples, Peak.   223 us (1.0x), Avg.   223 us, Total. 223.3 us (0.0%)
[Performance] Application.Shutdown.CleanupPersistentManager                                                                  :        1 samples, Peak.  4.60 ms (1.0x), Avg.  4.60 ms, Total. 4.601 ms (0.0%)
[Performance] Application.Shutdown.CleanupAsyncReadManager                                                                   :        1 samples, Peak.   965 us (1.0x), Avg.   965 us, Total. 965.4 us (0.0%)
[Performance] Application.Shutdown.CleanupMono                                                                               :        1 samples, Peak.   376 ms (1.0x), Avg.   376 ms, Total. 376.4 ms (0.1%)
[Performance] Application.Shutdown.CleanupStdConverters                                                                      :        1 samples, Peak.  18.9 us (1.0x), Avg.  18.9 us, Total. 18.92 us (0.0%)
[Performance] Application.Shutdown.UnloadAllPlatformSupportModuleNativeDlls                                                  :        1 samples, Peak.  1.17 us (1.0x), Avg.  1.17 us, Total. 1.171 us (0.0%)
[Performance] Application.Shutdown.UnloadAllPlatformSupportNativeLibraries                                                   :        1 samples, Peak.   321 ns (1.0x), Avg.   321 ns, Total. 321.0 ns (0.0%)
[Performance] Application.Shutdown.CleanupAutoDocumentation                                                                  :        1 samples, Peak.   334 us (1.0x), Avg.   334 us, Total. 334.0 us (0.0%)
[Performance] Application.Shutdown.ShaderNameManagerDestroy                                                                  :        1 samples, Peak.  76.3 us (1.0x), Avg.  76.3 us, Total. 76.26 us (0.0%)
[Performance] Application.Shutdown.CleanupCacheServer                                                                        :        1 samples, Peak.   521 ns (1.0x), Avg.   521 ns, Total. 521.0 ns (0.0%)
[Performance] Application.Shutdown.Virtualization_Shutdown                                                                   :        1 samples, Peak.   771 ns (1.0x), Avg.   771 ns, Total. 771.0 ns (0.0%)
[Performance] Application.Shutdown.DevConnections                                                                            :        1 samples, Peak.  74.1 us (1.0x), Avg.  74.1 us, Total. 74.14 us (0.0%)
Exiting batchmode successfully now!
